scenario,pathogen,modality_key,modality_label,lead_days,prevalence_tier,prevalence_multiplier,vsl_scenario,vsl,horizon_days,Bd,Bd_nonneg,delta_screening_cost,delta_hospital_cost,delta_productivity_cost,delta_mortality_cost,delta_icu_cost,delta_infections,delta_deaths,immediate_total_cost,delayed_total_cost,immediate_cm_start,delayed_cm_start,Rt,CFR_pct,infectious_period_days,phi_pct,p0_pct,sensitivity
B_screening_plus_countermeasures,SARS-CoV-2,rapid,Rapid Antigen Test (RAT),2,0.1x,0.1,low_resource,300000,365,4030035.1410158947,4030035.1410158947,-249999.99999999255,1040680.7763833208,221144.66498145484,2825377.6734388648,192832.02621220262,1256.5145485591056,9.423859114193299,57459925.66732523,61489960.80834112,21,23,1.6,0.75,5.5,50.0,0.15,0.675
B_screening_plus_countermeasures,SARS-CoV-2,rapid,Rapid Antigen Test (RAT),2,0.1x,0.1,base_case,3500000,365,34167396.991030574,34167396.991030574,-249999.99999999255,1040680.7763833208,221144.66498145484,32962739.523453534,192832.02621220262,1256.5145485591056,9.423859114193299,144828287.07043824,178995684.0614688,21,23,1.6,0.75,5.5,50.0,0.15,0.675
B_screening_plus_countermeasures,SARS-CoV-2,rapid,Rapid Antigen Test (RAT),2,0.1x,0.1,high_income,11600000,365,110452594.17387992,110452594.17387992,-249999.99999999255,1040680.7763833208,221144.66498145484,109247936.70630312,192832.02621220262,1256.5145485591056,9.423859114193299,365979451.87206817,476432046.0459481,21,23,1.6,0.75,5.5,50.0,0.15,0.675
B_screening_plus_countermeasures,SARS-CoV-2,rapid,Rapid Antigen Test (RAT),2,0.5x,0.5,low_resource,300000,365,21042522.198575735,21042522.198575735,-249999.99999999255,5177228.177503606,1100160.9877195223,14055823.106344767,959309.9270080263,6250.8443005327135,46.881332253995254,106999764.20340681,128042286.40198255,21,23,1.6,0.75,5.5,50.0,0.75,0.675
B_screening_plus_countermeasures,SARS-CoV-2,rapid,Rapid Antigen Test (RAT),2,0.5x,0.5,base_case,3500000,365,170971301.99958706,170971301.99958706,-249999.99999999255,5177228.177503606,1100160.9877195223,163984602.9073558,959309.9270080263,6250.8443005327135,46.881332253995254,543197046.5762736,714168348.5758606,21,23,1.6,0.75,5.5,50.0,0.75,0.675
B_screening_plus_countermeasures,SARS-CoV-2,rapid,Rapid Antigen Test (RAT),2,0.5x,0.5,high_income,11600000,365,550478525.870892,550478525.870892,-249999.99999999255,5177228.177503606,1100160.9877195223,543491826.7786644,959309.9270080263,6250.8443005327135,46.881332253995254,1647321417.582594,2197799943.453486,21,23,1.6,0.75,5.5,50.0,0.75,0.675
B_screening_plus_countermeasures,SARS-CoV-2,rapid,Rapid Antigen Test (RAT),2,1x,1.0,low_resource,300000,365,42068837.75325,42068837.75325,-249999.99999999255,10289728.817095466,2186567.373632782,27935915.34053053,1906626.2219912186,12423.23298531212,93.17424738984067,168719919.87784007,210788757.63109007,21,23,1.6,0.75,5.5,50.0,1.5,0.675
B_screening_plus_countermeasures,SARS-CoV-2,rapid,Rapid Antigen Test (RAT),2,1x,1.0,base_case,3500000,365,340051934.7189096,340051934.7189096,-249999.99999999255,10289728.817095466,2186567.373632782,325919012.3061904,1906626.2219912186,12423.23298531212,93.17424738984067,1039512387.5038227,1379564322.2227323,21,23,1.6,0.75,5.5,50.0,1.5,0.675
B_screening_plus_countermeasures,SARS-CoV-2,rapid,Rapid Antigen Test (RAT),2,1x,1.0,high_income,11600000,365,1094321648.91323,1094321648.91323,-249999.99999999255,10289728.817095466,2186567.373632782,1080188726.5005145,1906626.2219912186,12423.23298531212,93.17424738984067,3243705821.1820946,4338027470.0953245,21,23,1.6,0.75,5.5,50.0,1.5,0.675
B_screening_plus_countermeasures,SARS-CoV-2,rapid,Rapid Antigen Test (RAT),2,2x,2.0,low_resource,300000,365,83341892.85950112,83341892.85950112,-249999.99999999255,20325177.97032123,4319100.318693288,55181478.652455956,3766135.918030156,24538.274044513702,184.0370553338529,291486252.29221225,374828145.1517134,21,23,1.6,0.75,5.5,50.0,3.0,0.675
B_screening_plus_countermeasures,SARS-CoV-2,rapid,Rapid Antigen Test (RAT),2,2x,2.0,base_case,3500000,365,671944331.8190346,671944331.8190346,-249999.99999999255,20325177.97032123,4319100.318693288,643783917.6119859,3766135.918030156,24538.274044513702,184.0370553338529,2026723347.3735142,2698667679.1925488,21,23,1.6,0.75,5.5,50.0,3.0,0.675
B_screening_plus_countermeasures,SARS-CoV-2,rapid,Rapid Antigen Test (RAT),2,2x,2.0,high_income,11600000,365,2161844255.4353514,2161844255.4353514,-249999.99999999255,20325177.97032123,4319100.318693288,2133683841.2283077,3766135.918030156,24538.274044513702,184.0370553338529,6419042244.298059,8580886499.733411,21,23,1.6,0.75,5.5,50.0,3.0,0.675
B_screening_plus_countermeasures,SARS-CoV-2,rapid,Rapid Antigen Test (RAT),5,0.1x,0.1,low_resource,300000,365,12150667.893483281,12150667.893483281,-624999.9999999925,3106374.490899612,660104.5793161679,8433595.902894884,575592.9203725756,3751.074288683002,28.133057165122544,57459925.66732523,69610593.56080851,21,26,1.6,0.75,5.5,50.0,0.15,0.675
B_screening_plus_countermeasures,SARS-CoV-2,rapid,Rapid Antigen Test (RAT),5,0.1x,0.1,base_case,3500000,365,102109024.19102871,102109024.19102871,-624999.9999999925,3106374.490899612,660104.5793161679,98391952.20044039,575592.9203725756,3751.074288683002,28.133057165122544,144828287.07043824,246937311.26146695,21,26,1.6,0.75,5.5,50.0,0.15,0.675
B_screening_plus_countermeasures,SARS-CoV-2,rapid,Rapid Antigen Test (RAT),5,0.1x,0.1,high_income,11600000,365,329816113.56919086,329816113.56919086,-624999.9999999925,3106374.490899612,660104.5793161679,326099041.5786013,575592.9203725756,3751.074288683002,28.133057165122544,365979451.87206817,695795565.441259,21,26,1.6,0.75,5.5,50.0,0.15,0.675
B_screening_plus_countermeasures,SARS-CoV-2,rapid,Rapid Antigen Test (RAT),5,0.5x,0.5,low_resource,300000,365,62802041.37566927,62802041.37566927,-624999.9999999925,15422140.3534696,3277204.825112281,41870064.308062255,2857631.889025239,18622.46323160641,139.6684742370477,106999764.20340681,169801805.57907608,21,26,1.6,0.75,5.5,50.0,0.75,0.675
B_screening_plus_countermeasures,SARS-CoV-2,rapid,Rapid Antigen Test (RAT),5,0.5x,0.5,base_case,3500000,365,509416060.6616653,509416060.6616653,-624999.9999999925,15422140.3534696,3277204.825112281,488484083.59405994,2857631.889025239,18622.46323160641,139.6684742370477,543197046.5762736,1052613107.2379389,21,26,1.6,0.75,5.5,50.0,0.75,0.675
B_screening_plus_countermeasures,SARS-CoV-2,rapid,Rapid Antigen Test (RAT),5,0.5x,0.5,high_income,11600000,365,1639907796.9793453,1639907796.9793453,-624999.9999999925,15422140.3534696,3277204.825112281,1618975819.9117405,2857631.889025239,18622.46323160641,139.6684742370477,1647321417.582594,3287229214.5619392,21,26,1.6,0.75,5.5,50.0,0.75,0.675
B_screening_plus_countermeasures,SARS-CoV-2,rapid,Rapid Antigen Test (RAT),5,1x,1.0,low_resource,300000,365,125118672.62678578,125118672.62678578,-624999.9999999925,30574287.01939918,6497035.991622322,83007114.07981654,5665235.535947471,36917.92120458372,276.8844090343777,168719919.87784007,293838592.50462586,21,26,1.6,0.75,5.5,50.0,1.5,0.675
B_screening_plus_countermeasures,SARS-CoV-2,rapid,Rapid Antigen Test (RAT),5,1x,1.0,base_case,3500000,365,1010527889.4781626,1010527889.4781626,-624999.9999999925,30574287.01939918,6497035.991622322,968416330.931198,5665235.535947471,36917.92120458372,276.8844090343777,1039512387.5038227,2050040276.9819853,21,26,1.6,0.75,5.5,50.0,1.5,0.675
B_screening_plus_countermeasures,SARS-CoV-2,rapid,Rapid Antigen Test (RAT),5,1x,1.0,high_income,11600000,365,3251719969.6332064,3251719969.6332064,-624999.9999999925,30574287.01939918,6497035.991622322,3209608411.0862455,5665235.535947471,36917.92120458372,276.8844090343777,3243705821.1820946,6495425790.815301,21,26,1.6,0.75,5.5,50.0,1.5,0.675
B_screening_plus_countermeasures,SARS-CoV-2,rapid,Rapid Antigen Test (RAT),5,2x,2.0,low_resource,300000,365,246535345.09491944,246535345.09491944,-624999.9999999925,60096473.8255632,12770500.6879322,163157847.49021718,11135523.091207318,72561.66294089518,544.2124720567136,291486252.29221225,538021597.3871317,21,26,1.6,0.75,5.5,50.0,3.0,0.675
B_screening_plus_countermeasures,SARS-CoV-2,rapid,Rapid Antigen Test (RAT),5,2x,2.0,base_case,3500000,365,1986885718.3239074,1986885718.3239074,-624999.9999999925,60096473.8255632,12770500.6879322,1903508220.7191942,11135523.091207318,72561.66294089518,544.2124720567136,2026723347.3735142,4013609065.6974216,21,26,1.6,0.75,5.5,50.0,3.0,0.675
B_screening_plus_countermeasures,SARS-CoV-2,rapid,Rapid Antigen Test (RAT),5,2x,2.0,high_income,11600000,365,6392147600.559759,6392147600.559759,-624999.9999999925,60096473.8255632,12770500.6879322,6308770102.955052,11135523.091207318,72561.66294089518,544.2124720567136,6419042244.298059,12811189844.857819,21,26,1.6,0.75,5.5,50.0,3.0,0.675
B_screening_plus_countermeasures,SARS-CoV-2,rapid,Rapid Antigen Test (RAT),10,0.1x,0.1,low_resource,300000,365,33701698.581863195,33701698.581863195,-1250000.0,8498425.741302645,1805915.4700268153,23072649.07140992,1574708.299123725,10264.847006261632,76.98635254696,57459925.66732523,91161624.24918842,21,31,1.6,0.75,5.5,50.0,0.15,0.675
B_screening_plus_countermeasures,SARS-CoV-2,rapid,Rapid Antigen Test (RAT),10,0.1x,0.1,base_case,3500000,365,279809955.3435695,279809955.3435695,-1250000.0,8498425.741302645,1805915.4700268153,269180905.8331153,1574708.299123725,10264.847006261632,76.98635254696,144828287.07043824,424638242.4140077,21,31,1.6,0.75,5.5,50.0,0.15,0.675
B_screening_plus_countermeasures,SARS-CoV-2,rapid,Rapid Antigen Test (RAT),10,0.1x,0.1,high_income,11600000,365,902771480.2716348,902771480.2716348,-1250000.0,8498425.741302645,1805915.4700268153,892142430.7611837,1574708.299123725,10264.847006261632,76.98635254696,365979451.87206817,1268750932.143703,21,31,1.6,0.75,5.5,50.0,0.15,0.675
B_screening_plus_countermeasures,SARS-CoV-2,rapid,Rapid Antigen Test (RAT),10,0.5x,0.5,low_resource,300000,365,171337847.92618585,171337847.92618585,-1250000.0,41964341.33284233,8917422.533229003,113930338.46020563,7775745.599909022,50685.393987208605,380.1404549040641,106999764.20340681,278337612.12959266,21,31,1.6,0.75,5.5,50.0,0.75,0.675
B_screening_plus_countermeasures,SARS-CoV-2,rapid,Rapid Antigen Test (RAT),10,0.5x,0.5,base_case,3500000,365,1386594791.50171,1386594791.50171,-1250000.0,41964341.33284233,8917422.533229003,1329187282.0357308,7775745.599909022,50685.393987208605,380.1404549040641,543197046.5762736,1929791838.0779834,21,31,1.6,0.75,5.5,50.0,0.75,0.675
B_screening_plus_countermeasures,SARS-CoV-2,rapid,Rapid Antigen Test (RAT),10,0.5x,0.5,high_income,11600000,365,4462713929.927252,4462713929.927252,-1250000.0,41964341.33284233,8917422.533229003,4405306420.46127,7775745.599909022,50685.393987208605,380.1404549040641,1647321417.582594,6110035347.509846,21,31,1.6,0.75,5.5,50.0,0.75,0.675
B_screening_plus_countermeasures,SARS-CoV-2,rapid,Rapid Antigen Test (RAT),10,1x,1.0,low_resource,300000,365,338659624.3883625,338659624.3883625,-1250000.0,82648249.4077572,17562752.999148402,224384387.53237224,15314234.449084427,99821.0109691564,748.657582268673,168719919.87784007,507379544.26620257,21,31,1.6,0.75,5.5,50.0,1.5,0.675
B_screening_plus_countermeasures,SARS-CoV-2,rapid,Rapid Antigen Test (RAT),10,1x,1.0,base_case,3500000,365,2732093091.400338,2732093091.400338,-1250000.0,82648249.4077572,17562752.999148402,2617817854.5443444,15314234.449084427,99821.0109691564,748.657582268673,1039512387.5038227,3771605478.904161,21,31,1.6,0.75,5.5,50.0,1.5,0.675
B_screening_plus_countermeasures,SARS-CoV-2,rapid,Rapid Antigen Test (RAT),10,1x,1.0,high_income,11600000,365,8790471554.774391,8790471554.774391,-1250000.0,82648249.4077572,17562752.999148402,8676196317.918383,15314234.449084427,99821.0109691564,748.657582268673,3243705821.1820946,12034177375.956486,21,31,1.6,0.75,5.5,50.0,1.5,0.675
B_screening_plus_countermeasures,SARS-CoV-2,rapid,Rapid Antigen Test (RAT),10,2x,2.0,low_resource,300000,365,658502481.4671648,658502481.4671648,-1250000.0,160417310.14178303,34088678.40512891,435522108.98221624,29724383.93803627,193736.94130956382,1453.027059821728,291486252.29221225,949988733.759377,21,31,1.6,0.75,5.5,50.0,3.0,0.675
B_screening_plus_countermeasures,SARS-CoV-2,rapid,Rapid Antigen Test (RAT),10,2x,2.0,base_case,3500000,365,5304071643.944132,5304071643.944132,-1250000.0,160417310.14178303,34088678.40512891,5081091271.459188,29724383.93803627,193736.94130956382,1453.027059821728,2026723347.3735142,7330794991.317646,21,31,1.6,0.75,5.5,50.0,3.0,0.675
B_screening_plus_countermeasures,SARS-CoV-2,rapid,Rapid Antigen Test (RAT),10,2x,2.0,high_income,11600000,365,17063168586.463987,17063168586.463987,-1250000.0,160417310.14178303,34088678.40512891,16840188213.979008,29724383.93803627,193736.94130956382,1453.027059821728,6419042244.298059,23482210830.762047,21,31,1.6,0.75,5.5,50.0,3.0,0.675
B_screening_plus_countermeasures,SARS-CoV-2,rapid,Rapid Antigen Test (RAT),14,0.1x,0.1,low_resource,300000,365,62084466.134601474,62084466.134601474,-1750000.0000000075,15521204.75375455,3298256.0101728356,42139017.43100774,2875987.9396662796,18751.92895039647,140.63946712797122,57459925.66732523,119544391.8019267,21,35,1.6,0.75,5.5,50.0,0.15,0.675
B_screening_plus_countermeasures,SARS-CoV-2,rapid,Rapid Antigen Test (RAT),14,0.1x,0.1,base_case,3500000,365,511567318.7320179,511567318.7320179,-1750000.0000000075,15521204.75375455,3298256.0101728356,491621870.02842283,2875987.9396662796,18751.92895039647,140.63946712797122,144828287.07043824,656395605.8024561,21,35,1.6,0.75,5.5,50.0,0.15,0.675
B_screening_plus_countermeasures,SARS-CoV-2,rapid,Rapid Antigen Test (RAT),14,0.1x,0.1,high_income,11600000,365,1649320789.369225,1649320789.369225,-1750000.0000000075,15521204.75375455,3298256.0101728356,1629375340.6656306,2875987.9396662796,18751.92895039647,140.63946712797122,365979451.87206817,2015300241.2412932,21,35,1.6,0.75,5.5,50.0,0.15,0.675
B_screening_plus_countermeasures,SARS-CoV-2,rapid,Rapid Antigen Test (RAT),14,0.5x,0.5,low_resource,300000,365,311234934.5330755,311234934.5330755,-1750000.0000000075,76101572.51859723,16171584.160201931,206610604.12288803,14101173.731387127,91938.9516932033,689.5421376990236,106999764.20340681,418234698.7364823,21,35,1.6,0.75,5.5,50.0,0.75,0.675
B_screening_plus_countermeasures,SARS-CoV-2,rapid,Rapid Antigen Test (RAT),14,0.5x,0.5,base_case,3500000,365,2515081378.510553,2515081378.510553,-1750000.0000000075,76101572.51859723,16171584.160201931,2410457048.1003647,14101173.731387127,91938.9516932033,689.5421376990236,543197046.5762736,3058278425.0868263,21,35,1.6,0.75,5.5,50.0,0.75,0.675
B_screening_plus_countermeasures,SARS-CoV-2,rapid,Rapid Antigen Test (RAT),14,0.5x,0.5,high_income,11600000,365,8093567689.828527,8093567689.828527,-1750000.0000000075,76101572.51859723,16171584.160201931,7988943359.418351,14101173.731387127,91938.9516932033,689.5421376990236,1647321417.582594,9740889107.411121,21,35,1.6,0.75,5.5,50.0,0.75,0.675
B_screening_plus_countermeasures,SARS-CoV-2,rapid,Rapid Antigen Test (RAT),14,1x,1.0,low_resource,300000,365,609486784.5733206,609486784.5733206,-1750000.0000000075,148620829.1674982,31581926.198093355,403495463.80316293,27538565.404565867,179542.85087577067,1346.5713815682789,168719919.87784007,778206704.4511607,21,35,1.6,0.75,5.5,50.0,1.5,0.675
B_screening_plus_countermeasures,SARS-CoV-2,rapid,Rapid Antigen Test (RAT),14,1x,1.0,base_case,3500000,365,4913438398.47372,4913438398.47372,-1750000.0000000075,148620829.1674982,31581926.198093355,4707447077.703562,27538565.404565867,179542.85087577067,1346.5713815682789,1039512387.5038227,5952950785.977542,21,35,1.6,0.75,5.5,50.0,1.5,0.675
B_screening_plus_countermeasures,SARS-CoV-2,rapid,Rapid Antigen Test (RAT),14,1x,1.0,high_income,11600000,365,15807815921.159126,15807815921.159126,-1750000.0000000075,148620829.1674982,31581926.198093355,15601824600.388964,27538565.404565867,179542.85087577067,1346.5713815682789,3243705821.1820946,19051521742.34122,21,35,1.6,0.75,5.5,50.0,1.5,0.675
B_screening_plus_countermeasures,SARS-CoV-2,rapid,Rapid Antigen Test (RAT),14,2x,2.0,low_resource,300000,365,1166167435.6534877,1166167435.6534877,-1750000.0000000075,283976458.987439,60344997.53483087,770976811.7306037,52619167.40061367,343034.7251222301,2572.760438416727,291486252.29221225,1457653687.9457,21,35,1.6,0.75,5.5,50.0,3.0,0.675
B_screening_plus_countermeasures,SARS-CoV-2,rapid,Rapid Antigen Test (RAT),14,2x,2.0,base_case,3500000,365,9389920094.113266,9389920094.113266,-1750000.0000000075,283976458.987439,60344997.53483087,8994729470.19039,52619167.40061367,343034.7251222301,2572.760438416727,2026723347.3735142,11416643441.48678,21,35,1.6,0.75,5.5,50.0,3.0,0.675
B_screening_plus_countermeasures,SARS-CoV-2,rapid,Rapid Antigen Test (RAT),14,2x,2.0,high_income,11600000,365,30206294010.8396,30206294010.8396,-1750000.0000000075,283976458.987439,60344997.53483087,29811103386.916637,52619167.40061367,343034.7251222301,2572.760438416727,6419042244.298059,36625336255.13766,21,35,1.6,0.75,5.5,50.0,3.0,0.675
B_screening_plus_countermeasures,SARS-CoV-2,lab,Laboratory PCR,2,0.1x,0.1,low_resource,300000,365,2316940.2161504626,2316940.2161504626,-1999999.9999999404,1049654.161175395,223051.50924977148,2849739.8040960883,194494.74162955856,1267.2652721995423,9.504489541496323,363120611.9779624,365437552.19411284,21,23,1.6,0.75,5.5,50.0,0.15,0.97
B_screening_plus_countermeasures,SARS-CoV-2,lab,Laboratory PCR,2,0.1x,0.1,base_case,3500000,365,32714164.793175876,32714164.793175876,-1999999.9999999404,1049654.161175395,223051.50924977148,33246964.38112104,194494.74162955856,1267.2652721995423,9.504489541496323,382160166.12906146,414874330.92223734,21,23,1.6,0.75,5.5,50.0,0.15,0.97
B_screening_plus_countermeasures,SARS-CoV-2,lab,Laboratory PCR,2,0.1x,0.1,high_income,11600000,365,109657139.5037697,109657139.5037697,-1999999.9999999404,1049654.161175395,223051.50924977148,110189939.09171528,194494.74162955856,1267.2652721995423,9.504489541496323,430354037.5740313,540011177.077801,21,23,1.6,0.75,5.5,50.0,0.15,0.97
B_screening_plus_countermeasures,SARS-CoV-2,lab,Laboratory PCR,2,0.5x,0.5,low_resource,300000,365,19538652.626544416,19538652.626544416,-1999999.9999999404,5237074.229330466,1112878.2737327223,14218301.075105341,970399.0483759395,6322.788157391024,47.4209111804339,373929665.33756965,393468317.96411407,21,23,1.6,0.75,5.5,50.0,0.75,0.97
B_screening_plus_countermeasures,SARS-CoV-2,lab,Laboratory PCR,2,0.5x,0.5,base_case,3500000,365,171200530.7610007,171200530.7610007,-1999999.9999999404,5237074.229330466,1112878.2737327223,165880179.20956212,970399.0483759395,6322.788157391024,47.4209111804339,469079891.8597569,640280422.6207576,21,23,1.6,0.75,5.5,50.0,0.75,0.97
B_screening_plus_countermeasures,SARS-CoV-2,lab,Laboratory PCR,2,0.5x,0.5,high_income,11600000,365,555094659.7888464,555094659.7888464,-1999999.9999999404,5237074.229330466,1112878.2737327223,549774308.2374064,970399.0483759395,6322.788157391024,47.4209111804339,709928902.7440425,1265023562.532889,21,23,1.6,0.75,5.5,50.0,0.75,0.97
B_screening_plus_countermeasures,SARS-CoV-2,lab,Laboratory PCR,2,1x,1.0,low_resource,300000,365,40962750.44299626,40962750.44299626,-1999999.9999999404,10446294.71803076,2219837.6275815414,28360981.13492522,1935636.9624586478,12611.897541796112,94.58923156347309,387425816.772256,428388567.2152523,21,23,1.6,0.75,5.5,50.0,1.5,0.97
B_screening_plus_countermeasures,SARS-CoV-2,lab,Laboratory PCR,2,1x,1.0,base_case,3500000,365,343479882.54886496,343479882.54886496,-1999999.9999999404,10446294.71803076,2219837.6275815414,330878113.24079347,1935636.9624586478,12611.897541796112,94.58923156347309,577607599.3375094,921087481.8863744,21,23,1.6,0.75,5.5,50.0,1.5,0.97
B_screening_plus_countermeasures,SARS-CoV-2,lab,Laboratory PCR,2,1x,1.0,high_income,11600000,365,1109226373.191843,1109226373.191843,-1999999.9999999404,10446294.71803076,2219837.6275815414,1096624603.8837757,1935636.9624586478,12611.897541796112,94.58923156347309,1059005236.4558066,2168231609.64765,21,23,1.6,0.75,5.5,50.0,1.5,0.97
B_screening_plus_countermeasures,SARS-CoV-2,lab,Laboratory PCR,2,2x,2.0,low_resource,300000,365,83471014.19283783,83471014.19283783,-1999999.9999999404,20782082.03387804,4416192.432199081,56421942.17342455,3850797.5533362245,25090.178901641208,188.17634176231354,414367739.0304167,497838753.22325456,21,23,1.6,0.75,5.5,50.0,3.0,0.97
B_screening_plus_countermeasures,SARS-CoV-2,lab,Laboratory PCR,2,2x,2.0,base_case,3500000,365,685305064.0427024,685305064.0427024,-1999999.9999999404,20782082.03387804,4416192.432199081,658255992.0232863,3850797.5533362245,25090.178901641208,188.17634176231354,794257884.5593526,1479562948.602055,21,23,1.6,0.75,5.5,50.0,3.0,0.97
B_screening_plus_countermeasures,SARS-CoV-2,lab,Laboratory PCR,2,2x,2.0,high_income,11600000,365,2208697502.7251663,2208697502.7251663,-1999999.9999999404,20782082.03387804,4416192.432199081,2181648430.7057514,3850797.5533362245,25090.178901641208,188.17634176231354,1755854815.4294732,3964552318.1546397,21,23,1.6,0.75,5.5,50.0,3.0,0.97
B_screening_plus_countermeasures,SARS-CoV-2,lab,Laboratory PCR,5,0.1x,0.1,low_resource,300000,365,7869527.464736998,7869527.464736998,-4999999.99999994,3129196.231438019,664954.1991805774,8495555.379469728,579821.6546488083,3778.3935339995746,28.337951504995992,363120611.9779624,370990139.4426994,21,26,1.6,0.75,5.5,50.0,0.15,0.97
B_screening_plus_countermeasures,SARS-CoV-2,lab,Laboratory PCR,5,0.1x,0.1,base_case,3500000,365,98488784.84574771,98488784.84574771,-4999999.99999994,3129196.231438019,664954.1991805774,99114812.76048028,579821.6546488083,3778.3935339995746,28.337951504995992,382160166.12906146,480648950.97480917,21,26,1.6,0.75,5.5,50.0,0.15,0.97
B_screening_plus_countermeasures,SARS-CoV-2,lab,Laboratory PCR,5,0.1x,0.1,high_income,11600000,365,327868780.0914292,327868780.0914292,-4999999.99999994,3129196.231438019,664954.1991805774,328494808.0061625,579821.6546488083,3778.3935339995746,28.337951504995992,430354037.5740313,758222817.6654605,21,26,1.6,0.75,5.5,50.0,0.15,0.97
B_screening_plus_countermeasures,SARS-CoV-2,lab,Laboratory PCR,5,0.5x,0.5,low_resource,300000,365,59079164.826283276,59079164.826283276,-4999999.99999994,15580702.682170883,3310899.319961311,42300550.2683373,2887012.555814017,18813.049442423944,141.09787081817606,373929665.33756965,433008830.16385293,21,26,1.6,0.75,5.5,50.0,0.75,0.97
B_screening_plus_countermeasures,SARS-CoV-2,lab,Laboratory PCR,5,0.5x,0.5,base_case,3500000,365,510285034.3552142,510285034.3552142,-4999999.99999994,15580702.682170883,3310899.319961311,493506419.7972676,2887012.555814017,18813.049442423944,141.09787081817606,469079891.8597569,979364926.2149711,21,26,1.6,0.75,5.5,50.0,0.75,0.97
B_screening_plus_countermeasures,SARS-CoV-2,lab,Laboratory PCR,5,0.5x,0.5,high_income,11600000,365,1652399891.600319,1652399891.600319,-4999999.99999994,15580702.682170883,3310899.319961311,1635621277.0423741,2887012.555814017,18813.049442423944,141.09787081817606,709928902.7440425,2362328794.3443613,21,26,1.6,0.75,5.5,50.0,0.75,0.97
B_screening_plus_countermeasures,SARS-CoV-2,lab,Laboratory PCR,5,1x,1.0,low_resource,300000,365,122494161.72568059,122494161.72568059,-4999999.99999994,30999914.4487234,6587481.82035373,84162663.66169253,5744101.794910523,37430.86728865554,280.73150466490983,387425816.772256,509919978.4979366,21,26,1.6,0.75,5.5,50.0,1.5,0.97
B_screening_plus_countermeasures,SARS-CoV-2,lab,Laboratory PCR,5,1x,1.0,base_case,3500000,365,1020229240.7837353,1020229240.7837353,-4999999.99999994,30999914.4487234,6587481.82035373,981897742.7197475,5744101.794910523,37430.86728865554,280.73150466490983,577607599.3375094,1597836840.1212447,21,26,1.6,0.75,5.5,50.0,1.5,0.97
B_screening_plus_countermeasures,SARS-CoV-2,lab,Laboratory PCR,5,1x,1.0,high_income,11600000,365,3292621159.649436,3292621159.649436,-4999999.99999994,30999914.4487234,6587481.82035373,3254289661.585445,5744101.794910523,37430.86728865554,280.73150466490983,1059005236.4558066,4351626396.105243,21,26,1.6,0.75,5.5,50.0,1.5,0.97
B_screening_plus_countermeasures,SARS-CoV-2,lab,Laboratory PCR,5,2x,2.0,low_resource,300000,365,247377243.01700723,247377243.01700723,-4999999.99999994,61364950.648999214,13040052.012912354,166601675.97013375,11370564.384961635,74094.22503089334,555.7066877316868,414367739.0304167,661744982.047424,21,26,1.6,0.75,5.5,50.0,3.0,0.97
B_screening_plus_countermeasures,SARS-CoV-2,lab,Laboratory PCR,5,2x,2.0,base_case,3500000,365,2024461786.698437,2024461786.698437,-4999999.99999994,61364950.648999214,13040052.012912354,1943686219.6515598,11370564.384961635,74094.22503089334,555.7066877316868,794257884.5593526,2818719671.2577896,21,26,1.6,0.75,5.5,50.0,3.0,0.97
B_screening_plus_countermeasures,SARS-CoV-2,lab,Laboratory PCR,5,2x,2.0,high_income,11600000,365,6522707037.892046,6522707037.892046,-4999999.99999994,61364950.648999214,13040052.012912354,6441931470.845173,11370564.384961635,74094.22503089334,555.7066877316868,1755854815.4294732,8278561853.321519,21,26,1.6,0.75,5.5,50.0,3.0,0.97
B_screening_plus_countermeasures,SARS-CoV-2,lab,Laboratory PCR,10,0.1x,0.1,low_resource,300000,365,25146492.05098927,25146492.05098927,-10000000.0,8545789.328751178,1815980.2323596235,23201237.996609494,1583484.4932685988,10321.47838572871,77.41108789296449,363120611.9779624,388267104.02895164,21,31,1.6,0.75,5.5,50.0,0.15,0.97
B_screening_plus_countermeasures,SARS-CoV-2,lab,Laboratory PCR,10,0.1x,0.1,base_case,3500000,365,272626364.0148245,272626364.0148245,-10000000.0,8545789.328751178,1815980.2323596235,270681109.9604441,1583484.4932685988,10321.47838572871,77.41108789296449,382160166.12906146,654786530.143886,21,31,1.6,0.75,5.5,50.0,0.15,0.97
B_screening_plus_countermeasures,SARS-CoV-2,lab,Laboratory PCR,10,0.1x,0.1,high_income,11600000,365,899059789.9232788,899059789.9232788,-10000000.0,8545789.328751178,1815980.2323596235,897114535.8689018,1583484.4932685988,10321.47838572871,77.41108789296449,430354037.5740313,1329413827.4973102,21,31,1.6,0.75,5.5,50.0,0.15,0.97
B_screening_plus_countermeasures,SARS-CoV-2,lab,Laboratory PCR,10,0.5x,0.5,low_resource,300000,365,164054332.2743898,164054332.2743898,-10000000.0,42320913.655208945,8993194.151731916,114898408.11368945,7841816.353759294,51114.02913136453,383.3552184852306,373929665.33756965,537983997.6119595,21,31,1.6,0.75,5.5,50.0,0.75,0.97
B_screening_plus_countermeasures,SARS-CoV-2,lab,Laboratory PCR,10,0.5x,0.5,base_case,3500000,365,1389637352.1537452,1389637352.1537452,-10000000.0,42320913.655208945,8993194.151731916,1340481427.9930415,7841816.353759294,51114.02913136453,383.3552184852306,469079891.8597569,1858717244.0135021,21,31,1.6,0.75,5.5,50.0,0.75,0.97
B_screening_plus_countermeasures,SARS-CoV-2,lab,Laboratory PCR,10,0.5x,0.5,high_income,11600000,365,4491894371.223348,4491894371.223348,-10000000.0,42320913.655208945,8993194.151731916,4442738447.062664,7841816.353759294,51114.02913136453,383.3552184852306,709928902.7440425,5201823273.96739,21,31,1.6,0.75,5.5,50.0,0.75,0.97
B_screening_plus_countermeasures,SARS-CoV-2,lab,Laboratory PCR,10,1x,1.0,low_resource,300000,365,334018546.12852323,334018546.12852323,-10000000.0,83647324.35124797,17775056.424640216,227096808.1934335,15499357.159201829,101025.61214360871,757.6920910770575,387425816.772256,721444362.9007792,21,31,1.6,0.75,5.5,50.0,1.5,0.97
B_screening_plus_countermeasures,SARS-CoV-2,lab,Laboratory PCR,10,1x,1.0,base_case,3500000,365,2756384500.1918135,2756384500.1918135,-10000000.0,83647324.35124797,17775056.424640216,2649462762.2567267,15499357.159201829,101025.61214360871,757.6920910770575,577607599.3375094,3333992099.5293226,21,31,1.6,0.75,5.5,50.0,1.5,0.97
B_screening_plus_countermeasures,SARS-CoV-2,lab,Laboratory PCR,10,1x,1.0,high_income,11600000,365,8887998321.41454,8887998321.41454,-10000000.0,83647324.35124797,17775056.424640216,8781076583.479439,15499357.159201829,101025.61214360871,757.6920910770575,1059005236.4558066,9947003557.870346,21,31,1.6,0.75,5.5,50.0,1.5,0.97
B_screening_plus_countermeasures,SARS-CoV-2,lab,Laboratory PCR,10,2x,2.0,low_resource,300000,365,662336583.358803,662336583.358803,-10000000.0,163477105.79653758,34738884.98176423,443829246.50643665,30291346.07406433,197435.65616458462,1480.7674212343707,414367739.0304167,1076704322.3892198,21,31,1.6,0.75,5.5,50.0,3.0,0.97
B_screening_plus_countermeasures,SARS-CoV-2,lab,Laboratory PCR,10,2x,2.0,base_case,3500000,365,5396515212.760794,5396515212.760794,-10000000.0,163477105.79653758,34738884.98176423,5178007875.908426,30291346.07406433,197435.65616458462,1480.7674212343707,794257884.5593526,6190773097.320147,21,31,1.6,0.75,5.5,50.0,3.0,0.97
B_screening_plus_countermeasures,SARS-CoV-2,lab,Laboratory PCR,10,2x,2.0,high_income,11600000,365,17379904868.43461,17379904868.43461,-10000000.0,163477105.79653758,34738884.98176423,17161397531.582191,30291346.07406433,197435.65616458462,1480.7674212343707,1755854815.4294732,19135759683.864082,21,31,1.6,0.75,5.5,50.0,3.0,0.97
B_screening_plus_countermeasures,SARS-CoV-2,lab,Laboratory PCR,14,0.1x,0.1,low_resource,300000,365,50118087.01194465,50118087.01194465,-14000000.00000006,15590166.522783868,3312910.3860915774,42326243.9532594,2888766.1498099556,18834.3492108934,141.2576190816995,363120611.9779624,413238698.989907,21,35,1.6,0.75,5.5,50.0,0.15,0.97
B_screening_plus_countermeasures,SARS-CoV-2,lab,Laboratory PCR,14,0.1x,0.1,base_case,3500000,365,501598022.5133774,501598022.5133774,-14000000.00000006,15590166.522783868,3312910.3860915774,493806179.45469326,2888766.1498099556,18834.3492108934,141.2576190816995,382160166.12906146,883758188.6424389,21,35,1.6,0.75,5.5,50.0,0.15,0.97
B_screening_plus_countermeasures,SARS-CoV-2,lab,Laboratory PCR,14,0.1x,0.1,high_income,11600000,365,1644406609.2513816,1644406609.2513816,-14000000.00000006,15590166.522783868,3312910.3860915774,1636614766.192696,2888766.1498099556,18834.3492108934,141.2576190816995,430354037.5740313,2074760646.825413,21,35,1.6,0.75,5.5,50.0,0.15,0.97
B_screening_plus_countermeasures,SARS-CoV-2,lab,Laboratory PCR,14,0.5x,0.5,low_resource,300000,365,301284916.7205638,301284916.7205638,-14000000.00000006,76660807.93832688,16290421.686894497,208128890.33029938,14204796.765042929,92611.59017980247,694.5869263485318,373929665.33756965,675214582.0581335,21,35,1.6,0.75,5.5,50.0,0.75,0.97
B_screening_plus_countermeasures,SARS-CoV-2,lab,Laboratory PCR,14,0.5x,0.5,base_case,3500000,365,2521326413.577091,2521326413.577091,-14000000.00000006,76660807.93832688,16290421.686894497,2428170387.1868296,14204796.765042929,92611.59017980247,694.5869263485318,469079891.8597569,2990406305.436848,21,35,1.6,0.75,5.5,50.0,0.75,0.97
B_screening_plus_countermeasures,SARS-CoV-2,lab,Laboratory PCR,14,0.5x,0.5,high_income,11600000,365,8140806452.49517,8140806452.49517,-14000000.00000006,76660807.93832688,16290421.686894497,8047650426.104909,14204796.765042929,92611.59017980247,694.5869263485318,709928902.7440425,8850735355.239212,21,35,1.6,0.75,5.5,50.0,0.75,0.97
B_screening_plus_countermeasures,SARS-CoV-2,lab,Laboratory PCR,14,1x,1.0,low_resource,300000,365,603884172.8881812,603884172.8881812,-14000000.00000006,150237126.46518537,31925389.373851907,407883601.2629471,27838055.786196154,181492.96598721592,1361.1972449041475,387425816.772256,991309989.6604372,21,35,1.6,0.75,5.5,50.0,1.5,0.97
B_screening_plus_countermeasures,SARS-CoV-2,lab,Laboratory PCR,14,1x,1.0,base_case,3500000,365,4954642586.3596115,4954642586.3596115,-14000000.00000006,150237126.46518537,31925389.373851907,4758642014.734386,27838055.786196154,181492.96598721592,1361.1972449041475,577607599.3375094,5532250185.697121,21,35,1.6,0.75,5.5,50.0,1.5,0.97
B_screening_plus_countermeasures,SARS-CoV-2,lab,Laboratory PCR,14,1x,1.0,high_income,11600000,365,15967499820.459188,15967499820.459188,-14000000.00000006,150237126.46518537,31925389.373851907,15771499248.833944,27838055.786196154,181492.96598721592,1361.1972449041475,1059005236.4558066,17026505056.914995,21,35,1.6,0.75,5.5,50.0,1.5,0.97
B_screening_plus_countermeasures,SARS-CoV-2,lab,Laboratory PCR,14,2x,2.0,low_resource,300000,365,1174495796.1822772,1174495796.1822772,-14000000.00000006,288980040.384837,61408258.58177785,784561195.6149426,53546301.60071985,349086.4030031845,2618.148022523943,414367739.0304167,1588863535.212694,21,35,1.6,0.75,5.5,50.0,3.0,0.97
B_screening_plus_countermeasures,SARS-CoV-2,lab,Laboratory PCR,14,2x,2.0,base_case,3500000,365,9543148549.408335,9543148549.408335,-14000000.00000006,288980040.384837,61408258.58177785,9153213948.840979,53546301.60071985,349086.4030031845,2618.148022523943,794257884.5593526,10337406433.967688,21,35,1.6,0.75,5.5,50.0,3.0,0.97
B_screening_plus_countermeasures,SARS-CoV-2,lab,Laboratory PCR,14,2x,2.0,high_income,11600000,365,30726300831.01174,30726300831.01174,-14000000.00000006,288980040.384837,61408258.58177785,30336366230.44443,53546301.60071985,349086.4030031845,2618.148022523943,1755854815.4294732,32482155646.441216,21,35,1.6,0.75,5.5,50.0,3.0,0.97
B_screening_plus_countermeasures,SARS-CoV-2,molecular,High-throughput molecular screening,2,0.1x,0.1,low_resource,300000,365,3916940.2161507756,3916940.2161507756,-400000.0000000149,1049654.161175395,223051.50924977148,2849739.8040960883,194494.74162955856,1267.2652721995423,9.504489541496323,74787283.49088757,78704223.70703834,21,23,1.6,0.75,5.5,50.0,0.15,0.97
B_screening_plus_countermeasures,SARS-CoV-2,molecular,High-throughput molecular screening,2,0.1x,0.1,base_case,3500000,365,34314164.79317577,34314164.79317577,-400000.0000000149,1049654.161175395,223051.50924977148,33246964.38112104,194494.74162955856,1267.2652721995423,9.504489541496323,93826837.64198668,128141002.43516245,21,23,1.6,0.75,5.5,50.0,0.15,0.97
B_screening_plus_countermeasures,SARS-CoV-2,molecular,High-throughput molecular screening,2,0.1x,0.1,high_income,11600000,365,111257139.50377014,111257139.50377014,-400000.0000000149,1049654.161175395,223051.50924977148,110189939.09171528,194494.74162955856,1267.2652721995423,9.504489541496323,142020709.08695617,253277848.59072632,21,23,1.6,0.75,5.5,50.0,0.15,0.97
B_screening_plus_countermeasures,SARS-CoV-2,molecular,High-throughput molecular screening,2,0.5x,0.5,low_resource,300000,365,21138652.626544535,21138652.626544535,-400000.0000000149,5237074.229330466,1112878.2737327223,14218301.075105341,970399.0483759395,6322.788157391024,47.4209111804339,85596336.8504948,106734989.47703934,21,23,1.6,0.75,5.5,50.0,0.75,0.97
B_screening_plus_countermeasures,SARS-CoV-2,molecular,High-throughput molecular screening,2,0.5x,0.5,base_case,3500000,365,172800530.76100108,172800530.76100108,-400000.0000000149,5237074.229330466,1112878.2737327223,165880179.20956212,970399.0483759395,6322.788157391024,47.4209111804339,180746563.37268183,353547094.1336829,21,23,1.6,0.75,5.5,50.0,0.75,0.97
B_screening_plus_countermeasures,SARS-CoV-2,molecular,High-throughput molecular screening,2,0.5x,0.5,high_income,11600000,365,556694659.7888446,556694659.7888446,-400000.0000000149,5237074.229330466,1112878.2737327223,549774308.2374064,970399.0483759395,6322.788157391024,47.4209111804339,421595574.2569677,978290234.0458122,21,23,1.6,0.75,5.5,50.0,0.75,0.97
B_screening_plus_countermeasures,SARS-CoV-2,molecular,High-throughput molecular screening,2,1x,1.0,low_resource,300000,365,42562750.44299619,42562750.44299619,-400000.0000000149,10446294.71803076,2219837.6275815414,28360981.13492522,1935636.9624586478,12611.897541796112,94.58923156347309,99092488.2851813,141655238.7281775,21,23,1.6,0.75,5.5,50.0,1.5,0.97
B_screening_plus_countermeasures,SARS-CoV-2,molecular,High-throughput molecular screening,2,1x,1.0,base_case,3500000,365,345079882.5488643,345079882.5488643,-400000.0000000149,10446294.71803076,2219837.6275815414,330878113.24079347,1935636.9624586478,12611.897541796112,94.58923156347309,289274270.85043436,634354153.3992987,21,23,1.6,0.75,5.5,50.0,1.5,0.97
B_screening_plus_countermeasures,SARS-CoV-2,molecular,High-throughput molecular screening,2,1x,1.0,high_income,11600000,365,1110826373.1918466,1110826373.1918466,-400000.0000000149,10446294.71803076,2219837.6275815414,1096624603.8837757,1935636.9624586478,12611.897541796112,94.58923156347309,770671907.9687321,1881498281.1605787,21,23,1.6,0.75,5.5,50.0,1.5,0.97
B_screening_plus_countermeasures,SARS-CoV-2,molecular,High-throughput molecular screening,2,2x,2.0,low_resource,300000,365,85071014.1928382,85071014.1928382,-400000.0000000149,20782082.03387804,4416192.432199081,56421942.17342455,3850797.5533362245,25090.178901641208,188.17634176231354,126034410.54334207,211105424.73618028,21,23,1.6,0.75,5.5,50.0,3.0,0.97
B_screening_plus_countermeasures,SARS-CoV-2,molecular,High-throughput molecular screening,2,2x,2.0,base_case,3500000,365,686905064.0426993,686905064.0426993,-400000.0000000149,20782082.03387804,4416192.432199081,658255992.0232863,3850797.5533362245,25090.178901641208,188.17634176231354,505924556.0722794,1192829620.1149788,21,23,1.6,0.75,5.5,50.0,3.0,0.97
B_screening_plus_countermeasures,SARS-CoV-2,molecular,High-throughput molecular screening,2,2x,2.0,high_income,11600000,365,2210297502.7251625,2210297502.7251625,-400000.0000000149,20782082.03387804,4416192.432199081,2181648430.7057514,3850797.5533362245,25090.178901641208,188.17634176231354,1467521486.9424002,3677818989.6675625,21,23,1.6,0.75,5.5,50.0,3.0,0.97
B_screening_plus_countermeasures,SARS-CoV-2,molecular,High-throughput molecular screening,5,0.1x,0.1,low_resource,300000,365,11869527.464737147,11869527.464737147,-1000000.0000000298,3129196.231438019,664954.1991805774,8495555.379469728,579821.6546488083,3778.3935339995746,28.337951504995992,74787283.49088757,86656810.95562471,21,26,1.6,0.75,5.5,50.0,0.15,0.97
B_screening_plus_countermeasures,SARS-CoV-2,molecular,High-throughput molecular screening,5,0.1x,0.1,base_case,3500000,365,102488784.84574778,102488784.84574778,-1000000.0000000298,3129196.231438019,664954.1991805774,99114812.76048028,579821.6546488083,3778.3935339995746,28.337951504995992,93826837.64198668,196315622.48773447,21,26,1.6,0.75,5.5,50.0,0.15,0.97
B_screening_plus_countermeasures,SARS-CoV-2,molecular,High-throughput molecular screening,5,0.1x,0.1,high_income,11600000,365,331868780.09142995,331868780.09142995,-1000000.0000000298,3129196.231438019,664954.1991805774,328494808.0061625,579821.6546488083,3778.3935339995746,28.337951504995992,142020709.08695617,473889489.17838615,21,26,1.6,0.75,5.5,50.0,0.15,0.97
B_screening_plus_countermeasures,SARS-CoV-2,molecular,High-throughput molecular screening,5,0.5x,0.5,low_resource,300000,365,63079164.826283604,63079164.826283604,-1000000.0000000298,15580702.682170883,3310899.319961311,42300550.2683373,2887012.555814017,18813.049442423944,141.09787081817606,85596336.8504948,148675501.6767784,21,26,1.6,0.75,5.5,50.0,0.75,0.97
B_screening_plus_countermeasures,SARS-CoV-2,molecular,High-throughput molecular screening,5,0.5x,0.5,base_case,3500000,365,514285034.35521245,514285034.35521245,-1000000.0000000298,15580702.682170883,3310899.319961311,493506419.7972676,2887012.555814017,18813.049442423944,141.09787081817606,180746563.37268183,695031597.7278943,21,26,1.6,0.75,5.5,50.0,0.75,0.97
B_screening_plus_countermeasures,SARS-CoV-2,molecular,High-throughput molecular screening,5,0.5x,0.5,high_income,11600000,365,1656399891.6003184,1656399891.6003184,-1000000.0000000298,15580702.682170883,3310899.319961311,1635621277.0423741,2887012.555814017,18813.049442423944,141.09787081817606,421595574.2569677,2077995465.8572862,21,26,1.6,0.75,5.5,50.0,0.75,0.97
B_screening_plus_countermeasures,SARS-CoV-2,molecular,High-throughput molecular screening,5,1x,1.0,low_resource,300000,365,126494161.7256804,126494161.7256804,-1000000.0000000298,30999914.4487234,6587481.82035373,84162663.66169253,5744101.794910523,37430.86728865554,280.73150466490983,99092488.2851813,225586650.0108617,21,26,1.6,0.75,5.5,50.0,1.5,0.97
B_screening_plus_countermeasures,SARS-CoV-2,molecular,High-throughput molecular screening,5,1x,1.0,base_case,3500000,365,1024229240.7837348,1024229240.7837348,-1000000.0000000298,30999914.4487234,6587481.82035373,981897742.7197475,5744101.794910523,37430.86728865554,280.73150466490983,289274270.85043436,1313503511.634169,21,26,1.6,0.75,5.5,50.0,1.5,0.97
B_screening_plus_countermeasures,SARS-CoV-2,molecular,High-throughput molecular screening,5,1x,1.0,high_income,11600000,365,3296621159.649432,3296621159.649432,-1000000.0000000298,30999914.4487234,6587481.82035373,3254289661.585445,5744101.794910523,37430.86728865554,280.73150466490983,770671907.9687321,4067293067.6181645,21,26,1.6,0.75,5.5,50.0,1.5,0.97
B_screening_plus_countermeasures,SARS-CoV-2,molecular,High-throughput molecular screening,5,2x,2.0,low_resource,300000,365,251377243.0170073,251377243.0170073,-1000000.0000000298,61364950.648999214,13040052.012912354,166601675.97013375,11370564.384961635,74094.22503089334,555.7066877316868,126034410.54334207,377411653.56034935,21,26,1.6,0.75,5.5,50.0,3.0,0.97
B_screening_plus_countermeasures,SARS-CoV-2,molecular,High-throughput molecular screening,5,2x,2.0,base_case,3500000,365,2028461786.6984353,2028461786.6984353,-1000000.0000000298,61364950.648999214,13040052.012912354,1943686219.6515598,11370564.384961635,74094.22503089334,555.7066877316868,505924556.0722794,2534386342.7707148,21,26,1.6,0.75,5.5,50.0,3.0,0.97
B_screening_plus_countermeasures,SARS-CoV-2,molecular,High-throughput molecular screening,5,2x,2.0,high_income,11600000,365,6526707037.892044,6526707037.892044,-1000000.0000000298,61364950.648999214,13040052.012912354,6441931470.845173,11370564.384961635,74094.22503089334,555.7066877316868,1467521486.9424002,7994228524.834444,21,26,1.6,0.75,5.5,50.0,3.0,0.97
B_screening_plus_countermeasures,SARS-CoV-2,molecular,High-throughput molecular screening,10,0.1x,0.1,low_resource,300000,365,33146492.050988823,33146492.050988823,-2000000.0,8545789.328751178,1815980.2323596235,23201237.996609494,1583484.4932685988,10321.47838572871,77.41108789296449,74787283.49088757,107933775.54187639,21,31,1.6,0.75,5.5,50.0,0.15,0.97
B_screening_plus_countermeasures,SARS-CoV-2,molecular,High-throughput molecular screening,10,0.1x,0.1,base_case,3500000,365,280626364.0148238,280626364.0148238,-2000000.0,8545789.328751178,1815980.2323596235,270681109.9604441,1583484.4932685988,10321.47838572871,77.41108789296449,93826837.64198668,374453201.65681046,21,31,1.6,0.75,5.5,50.0,0.15,0.97
B_screening_plus_countermeasures,SARS-CoV-2,molecular,High-throughput molecular screening,10,0.1x,0.1,high_income,11600000,365,907059789.9232813,907059789.9232813,-2000000.0,8545789.328751178,1815980.2323596235,897114535.8689018,1583484.4932685988,10321.47838572871,77.41108789296449,142020709.08695617,1049080499.0102375,21,31,1.6,0.75,5.5,50.0,0.15,0.97
B_screening_plus_countermeasures,SARS-CoV-2,molecular,High-throughput molecular screening,10,0.5x,0.5,low_resource,300000,365,172054332.27438956,172054332.27438956,-2000000.0,42320913.655208945,8993194.151731916,114898408.11368945,7841816.353759294,51114.02913136453,383.3552184852306,85596336.8504948,257650669.12488437,21,31,1.6,0.75,5.5,50.0,0.75,0.97
B_screening_plus_countermeasures,SARS-CoV-2,molecular,High-throughput molecular screening,10,0.5x,0.5,base_case,3500000,365,1397637352.153742,1397637352.153742,-2000000.0,42320913.655208945,8993194.151731916,1340481427.9930415,7841816.353759294,51114.02913136453,383.3552184852306,180746563.37268183,1578383915.526424,21,31,1.6,0.75,5.5,50.0,0.75,0.97
B_screening_plus_countermeasures,SARS-CoV-2,molecular,High-throughput molecular screening,10,0.5x,0.5,high_income,11600000,365,4499894371.223367,4499894371.223367,-2000000.0,42320913.655208945,8993194.151731916,4442738447.062664,7841816.353759294,51114.02913136453,383.3552184852306,421595574.2569677,4921489945.480334,21,31,1.6,0.75,5.5,50.0,0.75,0.97
B_screening_plus_countermeasures,SARS-CoV-2,molecular,High-throughput molecular screening,10,1x,1.0,low_resource,300000,365,342018546.128523,342018546.128523,-2000000.0,83647324.35124797,17775056.424640216,227096808.1934335,15499357.159201829,101025.61214360871,757.6920910770575,99092488.2851813,441111034.4137043,21,31,1.6,0.75,5.5,50.0,1.5,0.97
B_screening_plus_countermeasures,SARS-CoV-2,molecular,High-throughput molecular screening,10,1x,1.0,base_case,3500000,365,2764384500.191813,2764384500.191813,-2000000.0,83647324.35124797,17775056.424640216,2649462762.2567267,15499357.159201829,101025.61214360871,757.6920910770575,289274270.85043436,3053658771.0422473,21,31,1.6,0.75,5.5,50.0,1.5,0.97
B_screening_plus_countermeasures,SARS-CoV-2,molecular,High-throughput molecular screening,10,1x,1.0,high_income,11600000,365,8895998321.414526,8895998321.414526,-2000000.0,83647324.35124797,17775056.424640216,8781076583.479439,15499357.159201829,101025.61214360871,757.6920910770575,770671907.9687321,9666670229.383259,21,31,1.6,0.75,5.5,50.0,1.5,0.97
B_screening_plus_countermeasures,SARS-CoV-2,molecular,High-throughput molecular screening,10,2x,2.0,low_resource,300000,365,670336583.3588022,670336583.3588022,-2000000.0,163477105.79653758,34738884.98176423,443829246.50643665,30291346.07406433,197435.65616458462,1480.7674212343707,126034410.54334207,796370993.9021443,21,31,1.6,0.75,5.5,50.0,3.0,0.97
B_screening_plus_countermeasures,SARS-CoV-2,molecular,High-throughput molecular screening,10,2x,2.0,base_case,3500000,365,5404515212.760791,5404515212.760791,-2000000.0,163477105.79653758,34738884.98176423,5178007875.908426,30291346.07406433,197435.65616458462,1480.7674212343707,505924556.0722794,5910439768.83307,21,31,1.6,0.75,5.5,50.0,3.0,0.97
B_screening_plus_countermeasures,SARS-CoV-2,molecular,High-throughput molecular screening,10,2x,2.0,high_income,11600000,365,17387904868.434566,17387904868.434566,-2000000.0,163477105.79653758,34738884.98176423,17161397531.582191,30291346.07406433,197435.65616458462,1480.7674212343707,1467521486.9424002,18855426355.37697,21,31,1.6,0.75,5.5,50.0,3.0,0.97
B_screening_plus_countermeasures,SARS-CoV-2,molecular,High-throughput molecular screening,14,0.1x,0.1,low_resource,300000,365,61318087.011944845,61318087.011944845,-2799999.99999997,15590166.522783868,3312910.3860915774,42326243.9532594,2888766.1498099556,18834.3492108934,141.2576190816995,74787283.49088757,136105370.5028324,21,35,1.6,0.75,5.5,50.0,0.15,0.97
B_screening_plus_countermeasures,SARS-CoV-2,molecular,High-throughput molecular screening,14,0.1x,0.1,base_case,3500000,365,512798022.5133775,512798022.5133775,-2799999.99999997,15590166.522783868,3312910.3860915774,493806179.45469326,2888766.1498099556,18834.3492108934,141.2576190816995,93826837.64198668,606624860.1553642,21,35,1.6,0.75,5.5,50.0,0.15,0.97
B_screening_plus_countermeasures,SARS-CoV-2,molecular,High-throughput molecular screening,14,0.1x,0.1,high_income,11600000,365,1655606609.2513816,1655606609.2513816,-2799999.99999997,15590166.522783868,3312910.3860915774,1636614766.192696,2888766.1498099556,18834.3492108934,141.2576190816995,142020709.08695617,1797627318.338338,21,35,1.6,0.75,5.5,50.0,0.15,0.97
B_screening_plus_countermeasures,SARS-CoV-2,molecular,High-throughput molecular screening,14,0.5x,0.5,low_resource,300000,365,312484916.72056353,312484916.72056353,-2799999.99999997,76660807.93832688,16290421.686894497,208128890.33029938,14204796.765042929,92611.59017980247,694.5869263485318,85596336.8504948,398081253.57105833,21,35,1.6,0.75,5.5,50.0,0.75,0.97
B_screening_plus_countermeasures,SARS-CoV-2,molecular,High-throughput molecular screening,14,0.5x,0.5,base_case,3500000,365,2532526413.5770955,2532526413.5770955,-2799999.99999997,76660807.93832688,16290421.686894497,2428170387.1868296,14204796.765042929,92611.59017980247,694.5869263485318,180746563.37268183,2713272976.949777,21,35,1.6,0.75,5.5,50.0,0.75,0.97
B_screening_plus_countermeasures,SARS-CoV-2,molecular,High-throughput molecular screening,14,0.5x,0.5,high_income,11600000,365,8152006452.495179,8152006452.495179,-2799999.99999997,76660807.93832688,16290421.686894497,8047650426.104909,14204796.765042929,92611.59017980247,694.5869263485318,421595574.2569677,8573602026.752147,21,35,1.6,0.75,5.5,50.0,0.75,0.97
B_screening_plus_countermeasures,SARS-CoV-2,molecular,High-throughput molecular screening,14,1x,1.0,low_resource,300000,365,615084172.8881807,615084172.8881807,-2799999.99999997,150237126.46518537,31925389.373851907,407883601.2629471,27838055.786196154,181492.96598721592,1361.1972449041475,99092488.2851813,714176661.173362,21,35,1.6,0.75,5.5,50.0,1.5,0.97
B_screening_plus_countermeasures,SARS-CoV-2,molecular,High-throughput molecular screening,14,1x,1.0,base_case,3500000,365,4965842586.359615,4965842586.359615,-2799999.99999997,150237126.46518537,31925389.373851907,4758642014.734386,27838055.786196154,181492.96598721592,1361.1972449041475,289274270.85043436,5255116857.21005,21,35,1.6,0.75,5.5,50.0,1.5,0.97
B_screening_plus_countermeasures,SARS-CoV-2,molecular,High-throughput molecular screening,14,1x,1.0,high_income,11600000,365,15978699820.459183,15978699820.459183,-2799999.99999997,150237126.46518537,31925389.373851907,15771499248.833944,27838055.786196154,181492.96598721592,1361.1972449041475,770671907.9687321,16749371728.427916,21,35,1.6,0.75,5.5,50.0,1.5,0.97
B_screening_plus_countermeasures,SARS-CoV-2,molecular,High-throughput molecular screening,14,2x,2.0,low_resource,300000,365,1185695796.182279,1185695796.182279,-2799999.99999997,288980040.384837,61408258.58177785,784561195.6149426,53546301.60071985,349086.4030031845,2618.148022523943,126034410.54334207,1311730206.7256212,21,35,1.6,0.75,5.5,50.0,3.0,0.97
B_screening_plus_countermeasures,SARS-CoV-2,molecular,High-throughput molecular screening,14,2x,2.0,base_case,3500000,365,9554348549.408312,9554348549.408312,-2799999.99999997,288980040.384837,61408258.58177785,9153213948.840979,53546301.60071985,349086.4030031845,2618.148022523943,505924556.0722794,10060273105.48059,21,35,1.6,0.75,5.5,50.0,3.0,0.97
B_screening_plus_countermeasures,SARS-CoV-2,molecular,High-throughput molecular screening,14,2x,2.0,high_income,11600000,365,30737500831.011715,30737500831.011715,-2799999.99999997,288980040.384837,61408258.58177785,30336366230.44443,53546301.60071985,349086.4030031845,2618.148022523943,1467521486.9424002,32205022317.954117,21,35,1.6,0.75,5.5,50.0,3.0,0.97
B_screening_plus_countermeasures,Mpox,rapid,Rapid Antigen Test (RAT),2,0.1x,0.1,low_resource,300000,365,1041424.011989966,1041424.011989966,-249999.99999999255,216526.1816510153,46011.81360084022,1020766.284926204,8119.731811913007,68.80533783116732,3.405864222642883,59194863.99071823,60236288.0027082,21,23,1.5,5.5,10.5,70.0,0.04,0.675
B_screening_plus_countermeasures,Mpox,rapid,Rapid Antigen Test (RAT),2,0.1x,0.1,base_case,3500000,365,11929597.71786967,11929597.71786967,-249999.99999999255,216526.1816510153,46011.81360084022,11908939.990805477,8119.731811913007,68.80533783116732,3.405864222642883,178434601.90553743,190364199.6234071,21,23,1.5,5.5,10.5,70.0,0.04,0.675
B_screening_plus_countermeasures,Mpox,rapid,Rapid Antigen Test (RAT),2,0.1x,0.1,high_income,11600000,365,39490287.41087705,39490287.41087705,-249999.99999999255,216526.1816510153,46011.81360084022,39469629.68381339,8119.731811913007,68.80533783116732,3.405864222642883,480260188.5024236,519750475.91330063,21,23,1.5,5.5,10.5,70.0,0.04,0.675
B_screening_plus_countermeasures,Mpox,rapid,Rapid Antigen Test (RAT),2,0.5x,0.5,low_resource,300000,365,6203702.433576569,6203702.433576569,-249999.99999999255,1082057.893054748,229937.30227413354,5101130.067258216,40577.17098955333,343.84296796366243,17.020226914201487,115755094.63497703,121958797.0685536,21,23,1.5,5.5,10.5,70.0,0.2,0.675
B_screening_plus_countermeasures,Mpox,rapid,Rapid Antigen Test (RAT),2,0.5x,0.5,base_case,3500000,365,60615756.48432994,60615756.48432994,-249999.99999999255,1082057.893054748,229937.30227413354,59513184.118011236,40577.17098955333,343.84296796366243,17.020226914201487,711861926.8439058,772477683.3282357,21,23,1.5,5.5,10.5,70.0,0.2,0.675
B_screening_plus_countermeasures,Mpox,rapid,Rapid Antigen Test (RAT),2,0.5x,0.5,high_income,11600000,365,198346268.30030298,198346268.30030298,-249999.99999999255,1082057.893054748,229937.30227413354,197243695.93398142,40577.17098955333,343.84296796366243,17.020226914201487,2220757345.872753,2419103614.173056,21,23,1.5,5.5,10.5,70.0,0.2,0.675
B_screening_plus_countermeasures,Mpox,rapid,Rapid Antigen Test (RAT),2,1x,1.0,low_resource,300000,365,12648871.165827692,12648871.165827692,-249999.99999999255,2162684.985887304,459570.55950103886,10195514.933468565,81100.68697077292,687.2271930014276,34.01774605357099,186430889.00398716,199079760.16981485,21,23,1.5,5.5,10.5,70.0,0.4,0.675
B_screening_plus_countermeasures,Mpox,rapid,Rapid Antigen Test (RAT),2,1x,1.0,base_case,3500000,365,121401030.45615816,121401030.45615816,-249999.99999999255,2162684.985887304,459570.55950103886,118947674.22379923,81100.68697077292,687.2271930014276,34.01774605357099,1378415077.3300805,1499816107.7862387,21,23,1.5,5.5,10.5,70.0,0.4,0.675
B_screening_plus_countermeasures,Mpox,rapid,Rapid Antigen Test (RAT),2,1x,1.0,high_income,11600000,365,396679933.6598091,396679933.6598091,-249999.99999999255,2162684.985887304,459570.55950103886,394226577.4274521,81100.68697077292,687.2271930014276,34.01774605357099,4395625054.030502,4792304987.690311,21,23,1.5,5.5,10.5,70.0,0.4,0.675
B_screening_plus_countermeasures,Mpox,rapid,Rapid Antigen Test (RAT),2,2x,2.0,low_resource,300000,365,25513676.42548555,25513676.42548555,-249999.99999999255,4319658.322836012,917927.3936026637,20364103.521941125,161987.18710634997,1372.6231372668462,67.94484529470992,327700956.7596896,353214633.1851752,21,23,1.5,5.5,10.5,70.0,0.8,0.675
B_screening_plus_countermeasures,Mpox,rapid,Rapid Antigen Test (RAT),2,2x,2.0,base_case,3500000,365,242730780.65952587,242730780.65952587,-249999.99999999255,4319658.322836012,917927.3936026637,237581207.7559805,161987.18710634997,1372.6231372668462,67.94484529470992,2710752542.6907434,2953483323.3502693,21,23,1.5,5.5,10.5,70.0,0.8,0.675
B_screening_plus_countermeasures,Mpox,rapid,Rapid Antigen Test (RAT),2,2x,2.0,high_income,11600000,365,792561575.7519398,792561575.7519398,-249999.99999999255,4319658.322836012,917927.3936026637,787412002.8483849,161987.18710634997,1372.6231372668462,67.94484529470992,8742851869.578726,9535413445.330666,21,23,1.5,5.5,10.5,70.0,0.8,0.675
B_screening_plus_countermeasures,Mpox,rapid,Rapid Antigen Test (RAT),5,0.1x,0.1,low_resource,300000,365,2894092.477031134,2894092.477031134,-624999.9999999925,590027.4811788714,125380.83975051093,2781558.1255575456,22126.030544207737,187.51173274911366,9.281830771081431,59194863.99071823,62088956.467749365,21,26,1.5,5.5,10.5,70.0,0.04,0.675
B_screening_plus_countermeasures,Mpox,rapid,Rapid Antigen Test (RAT),5,0.1x,0.1,base_case,3500000,365,32564045.816311687,32564045.816311687,-624999.9999999925,590027.4811788714,125380.83975051093,32451511.464838,22126.030544207737,187.51173274911366,9.281830771081431,178434601.90553743,210998647.7218491,21,26,1.5,5.5,10.5,70.0,0.04,0.675
B_screening_plus_countermeasures,Mpox,rapid,Rapid Antigen Test (RAT),5,0.1x,0.1,high_income,11600000,365,107666115.20636576,107666115.20636576,-624999.9999999925,590027.4811788714,125380.83975051093,107553580.85489237,22126.030544207737,187.51173274911366,9.281830771081431,480260188.5024236,587926303.7087893,21,26,1.5,5.5,10.5,70.0,0.04,0.675
B_screening_plus_countermeasures,Mpox,rapid,Rapid Antigen Test (RAT),5,0.5x,0.5,low_resource,300000,365,16959812.47775954,16959812.47775954,-624999.9999999925,2948351.79267825,626524.7559441295,13899372.736911781,110563.19222543447,936.9866356600228,46.38083846517043,115755094.63497703,132714907.11273657,21,26,1.5,5.5,10.5,70.0,0.2,0.675
B_screening_plus_countermeasures,Mpox,rapid,Rapid Antigen Test (RAT),5,0.5x,0.5,base_case,3500000,365,165219788.33815122,165219788.33815122,-624999.9999999925,2948351.79267825,626524.7559441295,162159348.59730315,110563.19222543447,936.9866356600228,46.38083846517043,711861926.8439058,877081715.182057,21,26,1.5,5.5,10.5,70.0,0.2,0.675
B_screening_plus_countermeasures,Mpox,rapid,Rapid Antigen Test (RAT),5,0.5x,0.5,high_income,11600000,365,540502852.2347698,540502852.2347698,-624999.9999999925,2948351.79267825,626524.7559441295,537442412.4939189,110563.19222543447,936.9866356600228,46.38083846517043,2220757345.872753,2761260198.107523,21,26,1.5,5.5,10.5,70.0,0.2,0.675
B_screening_plus_countermeasures,Mpox,rapid,Rapid Antigen Test (RAT),5,1x,1.0,low_resource,300000,365,34518036.98221412,34518036.98221412,-624999.9999999925,5892245.721568808,1252102.2158333613,27777729.83025293,220959.21455883014,1872.5451871309733,92.69098676298182,186430889.00398716,220948925.9862013,21,26,1.5,5.5,10.5,70.0,0.4,0.675
B_screening_plus_countermeasures,Mpox,rapid,Rapid Antigen Test (RAT),5,1x,1.0,base_case,3500000,365,330813821.83824515,330813821.83824515,-624999.9999999925,5892245.721568808,1252102.2158333613,324073514.68628144,220959.21455883014,1872.5451871309733,92.69098676298182,1378415077.3300805,1709228899.1683257,21,26,1.5,5.5,10.5,70.0,0.4,0.675
B_screening_plus_countermeasures,Mpox,rapid,Rapid Antigen Test (RAT),5,1x,1.0,high_income,11600000,365,1080812527.2550821,1080812527.2550821,-624999.9999999925,5892245.721568808,1252102.2158333613,1074072220.103115,220959.21455883014,1872.5451871309733,92.69098676298182,4395625054.030502,5476437581.285584,21,26,1.5,5.5,10.5,70.0,0.4,0.675
B_screening_plus_countermeasures,Mpox,rapid,Rapid Antigen Test (RAT),5,2x,2.0,low_resource,300000,365,69554966.57784897,69554966.57784897,-624999.9999999925,11766700.98311241,2500423.9589113966,55471590.348958164,441251.2868667159,3739.391234676228,185.0998661164707,327700956.7596896,397255923.3375386,21,26,1.5,5.5,10.5,70.0,0.8,0.675
B_screening_plus_countermeasures,Mpox,rapid,Rapid Antigen Test (RAT),5,2x,2.0,base_case,3500000,365,661251930.300076,661251930.300076,-624999.9999999925,11766700.98311241,2500423.9589113966,647168554.0711827,441251.2868667159,3739.391234676228,185.0998661164707,2710752542.6907434,3372004472.9908195,21,26,1.5,5.5,10.5,70.0,0.8,0.675
B_screening_plus_countermeasures,Mpox,rapid,Rapid Antigen Test (RAT),5,2x,2.0,high_income,11600000,365,2158984869.721962,2158984869.721962,-624999.9999999925,11766700.98311241,2500423.9589113966,2144901493.493061,441251.2868667159,3739.391234676228,185.0998661164707,8742851869.578726,10901836739.300688,21,26,1.5,5.5,10.5,70.0,0.8,0.675
B_screening_plus_countermeasures,Mpox,rapid,Rapid Antigen Test (RAT),10,0.1x,0.1,low_resource,300000,365,6891076.056409717,6891076.056409717,-1250000.0,1364970.8358052191,290056.3026086082,6434862.5116532,51186.40634269558,433.88120898872717,21.477119844941974,59194863.99071823,66085940.04712795,21,31,1.5,5.5,10.5,70.0,0.04,0.675
B_screening_plus_countermeasures,Mpox,rapid,Rapid Antigen Test (RAT),10,0.1x,0.1,base_case,3500000,365,75529609.51404351,75529609.51404351,-1250000.0,1364970.8358052191,290056.3026086082,75073395.96928677,51186.40634269558,433.88120898872717,21.477119844941974,178434601.90553743,253964211.41958094,21,31,1.5,5.5,10.5,70.0,0.04,0.675
B_screening_plus_countermeasures,Mpox,rapid,Rapid Antigen Test (RAT),10,0.1x,0.1,high_income,11600000,365,249270897.3286795,249270897.3286795,-1250000.0,1364970.8358052191,290056.3026086082,248814683.78392255,51186.40634269558,433.88120898872717,21.477119844941974,480260188.5024236,729531085.8311031,21,31,1.5,5.5,10.5,70.0,0.04,0.675
B_screening_plus_countermeasures,Mpox,rapid,Rapid Antigen Test (RAT),10,0.5x,0.5,low_resource,300000,365,39424090.3101048,39424090.3101048,-1250000.0,6819607.956185253,1449166.6906893635,32149580.364873253,255735.29835694632,2167.7273724195297,107.30250493476328,115755094.63497703,155179184.94508183,21,31,1.5,5.5,10.5,70.0,0.2,0.675
B_screening_plus_countermeasures,Mpox,rapid,Rapid Antigen Test (RAT),10,0.5x,0.5,base_case,3500000,365,382352947.5354196,382352947.5354196,-1250000.0,6819607.956185253,1449166.6906893635,375078437.59018815,255735.29835694632,2167.7273724195297,107.30250493476328,711861926.8439058,1094214874.3793254,21,31,1.5,5.5,10.5,70.0,0.2,0.675
B_screening_plus_countermeasures,Mpox,rapid,Rapid Antigen Test (RAT),10,0.5x,0.5,high_income,11600000,365,1250391617.3870006,1250391617.3870006,-1250000.0,6819607.956185253,1449166.6906893635,1243117107.4417658,255735.29835694632,2167.7273724195297,107.30250493476328,2220757345.872753,3471148963.2597537,21,31,1.5,5.5,10.5,70.0,0.2,0.675
B_screening_plus_countermeasures,Mpox,rapid,Rapid Antigen Test (RAT),10,1x,1.0,low_resource,300000,365,80020094.38131317,80020094.38131317,-1250000.0,13626123.608842913,2895551.26687912,64237439.87025936,510979.6353316085,4331.265535688909,214.39764401659386,186430889.00398716,266450983.38530034,21,31,1.5,5.5,10.5,70.0,0.4,0.675
B_screening_plus_countermeasures,Mpox,rapid,Rapid Antigen Test (RAT),10,1x,1.0,base_case,3500000,365,765219452.9974124,765219452.9974124,-1250000.0,13626123.608842913,2895551.26687912,749436798.4863579,510979.6353316085,4331.265535688909,214.39764401659386,1378415077.3300805,2143634530.327493,21,31,1.5,5.5,10.5,70.0,0.4,0.675
B_screening_plus_countermeasures,Mpox,rapid,Rapid Antigen Test (RAT),10,1x,1.0,high_income,11600000,365,2499630329.4944153,2499630329.4944153,-1250000.0,13626123.608842913,2895551.26687912,2483847674.983369,510979.6353316085,4331.265535688909,214.39764401659386,4395625054.030502,6895255383.524918,21,31,1.5,5.5,10.5,70.0,0.4,0.675
B_screening_plus_countermeasures,Mpox,rapid,Rapid Antigen Test (RAT),10,2x,2.0,low_resource,300000,365,160978764.62981445,160978764.62981445,-1250000.0,27200032.393022798,5780006.883517351,128228724.13853583,1020001.2147383557,8645.82384476614,427.9682803159104,327700956.7596896,488679721.3895041,21,31,1.5,5.5,10.5,70.0,0.8,0.675
B_screening_plus_countermeasures,Mpox,rapid,Rapid Antigen Test (RAT),10,2x,2.0,base_case,3500000,365,1528751822.1075287,1528751822.1075287,-1250000.0,27200032.393022798,5780006.883517351,1496001781.6162524,1020001.2147383557,8645.82384476614,427.9682803159104,2710752542.6907434,4239504364.798272,21,31,1.5,5.5,10.5,70.0,0.8,0.675
B_screening_plus_countermeasures,Mpox,rapid,Rapid Antigen Test (RAT),10,2x,2.0,high_income,11600000,365,4990927373.847998,4990927373.847998,-1250000.0,27200032.393022798,5780006.883517351,4958177333.35672,1020001.2147383557,8645.82384476614,427.9682803159104,8742851869.578726,13733779243.426723,21,31,1.5,5.5,10.5,70.0,0.8,0.675
B_screening_plus_countermeasures,Mpox,rapid,Rapid Antigen Test (RAT),14,0.1x,0.1,low_resource,300000,365,11078674.025453612,11078674.025453612,-1750000.0000000075,2150915.405465286,457069.52366137115,10140029.768622067,80659.32770494805,683.8431698311572,33.8502369066415,59194863.99071823,70273538.01617184,21,35,1.5,5.5,10.5,70.0,0.04,0.675
B_screening_plus_countermeasures,Mpox,rapid,Rapid Antigen Test (RAT),14,0.1x,0.1,base_case,3500000,365,119238991.55742192,119238991.55742192,-1750000.0000000075,2150915.405465286,457069.52366137115,118300347.30059034,80659.32770494805,683.8431698311572,33.8502369066415,178434601.90553743,297673593.46295935,21,35,1.5,5.5,10.5,70.0,0.04,0.675
B_screening_plus_countermeasures,Mpox,rapid,Rapid Antigen Test (RAT),14,0.1x,0.1,high_income,11600000,365,393019795.31021696,393019795.31021696,-1750000.0000000075,2150915.405465286,457069.52366137115,392081151.05338585,80659.32770494805,683.8431698311572,33.8502369066415,480260188.5024236,873279983.8126405,21,35,1.5,5.5,10.5,70.0,0.04,0.675
B_screening_plus_countermeasures,Mpox,rapid,Rapid Antigen Test (RAT),14,0.5x,0.5,low_resource,300000,365,62333044.37094264,62333044.37094264,-1750000.0000000075,10744462.52925974,2283198.2874677046,50652466.209367506,402917.34484724177,3415.9818077667383,169.091099484448,115755094.63497703,178088139.00591967,21,35,1.5,5.5,10.5,70.0,0.2,0.675
B_screening_plus_countermeasures,Mpox,rapid,Rapid Antigen Test (RAT),14,0.5x,0.5,base_case,3500000,365,602626017.2708632,602626017.2708632,-1750000.0000000075,10744462.52925974,2283198.2874677046,590945439.1092887,402917.34484724177,3415.9818077667383,169.091099484448,711861926.8439058,1314487944.114769,21,35,1.5,5.5,10.5,70.0,0.2,0.675
B_screening_plus_countermeasures,Mpox,rapid,Rapid Antigen Test (RAT),14,0.5x,0.5,high_income,11600000,365,1970242604.923788,1970242604.923788,-1750000.0000000075,10744462.52925974,2283198.2874677046,1958562026.7622142,402917.34484724177,3415.9818077667383,169.091099484448,2220757345.872753,4190999950.796541,21,35,1.5,5.5,10.5,70.0,0.2,0.675
B_screening_plus_countermeasures,Mpox,rapid,Rapid Antigen Test (RAT),14,1x,1.0,low_resource,300000,365,126265607.16339812,126265607.16339812,-1750000.0000000075,21463694.614222463,4561035.10552226,101185988.89562,804888.5480333403,6823.896419881424,337.78287278411995,186430889.00398716,312696496.1673853,21,35,1.5,5.5,10.5,70.0,0.4,0.675
B_screening_plus_countermeasures,Mpox,rapid,Rapid Antigen Test (RAT),14,1x,1.0,base_case,3500000,365,1205582822.0500069,1205582822.0500069,-1750000.0000000075,21463694.614222463,4561035.10552226,1180503203.7822325,804888.5480333403,6823.896419881424,337.78287278411995,1378415077.3300805,2583997899.3800874,21,35,1.5,5.5,10.5,70.0,0.4,0.675
B_screening_plus_countermeasures,Mpox,rapid,Rapid Antigen Test (RAT),14,1x,1.0,high_income,11600000,365,3937604522.2317476,3937604522.2317476,-1750000.0000000075,21463694.614222463,4561035.10552226,3912524903.9639683,804888.5480333403,6823.896419881424,337.78287278411995,4395625054.030502,8333229576.26225,21,35,1.5,5.5,10.5,70.0,0.4,0.675
B_screening_plus_countermeasures,Mpox,rapid,Rapid Antigen Test (RAT),14,2x,2.0,low_resource,300000,365,253681495.40791863,253681495.40791863,-1750000.0000000075,42826837.55342353,9100702.98010252,201897948.46613893,1606006.4082533855,13615.642830115836,673.9743200907141,327700956.7596896,581382452.1676083,21,35,1.5,5.5,10.5,70.0,0.8,0.675
B_screening_plus_countermeasures,Mpox,rapid,Rapid Antigen Test (RAT),14,2x,2.0,base_case,3500000,365,2407259612.380085,2407259612.380085,-1750000.0000000075,42826837.55342353,9100702.98010252,2355476065.4382977,1606006.4082533855,13615.642830115836,673.9743200907141,2710752542.6907434,5118012155.070828,21,35,1.5,5.5,10.5,70.0,0.8,0.675
B_screening_plus_countermeasures,Mpox,rapid,Rapid Antigen Test (RAT),14,2x,2.0,high_income,11600000,365,7858504220.965845,7858504220.965845,-1750000.0000000075,42826837.55342353,9100702.98010252,7806720674.024069,1606006.4082533855,13615.642830115836,673.9743200907141,8742851869.578726,16601356090.54457,21,35,1.5,5.5,10.5,70.0,0.8,0.675
B_screening_plus_countermeasures,Mpox,lab,Laboratory PCR,2,0.1x,0.1,low_resource,300000,365,-646273.8786860704,0.0,-1999999.9999999404,226972.04429225612,48231.55941210445,1070011.065949206,8511.451660959608,72.11632621137247,3.569758147462763,362238747.1420355,361592473.2633494,21,23,1.5,5.5,10.5,70.0,0.04,0.97
B_screening_plus_countermeasures,Mpox,lab,Laboratory PCR,2,0.1x,0.1,base_case,3500000,365,10767177.49143964,10767177.49143964,-1999999.9999999404,226972.04429225612,48231.55941210445,12483462.436074093,8511.451660959608,72.11632621137247,3.569758147462763,377601009.64942354,388368187.1408632,21,23,1.5,5.5,10.5,70.0,0.04,0.97
B_screening_plus_countermeasures,Mpox,lab,Laboratory PCR,2,0.1x,0.1,high_income,11600000,365,39657476.272067726,39657476.272067726,-1999999.9999999404,226972.04429225612,48231.55941210445,41373761.21670272,8511.451660959608,72.11632621137247,3.569758147462763,416486736.6212505,456144212.89331824,21,23,1.5,5.5,10.5,70.0,0.04,0.97
B_screening_plus_countermeasures,Mpox,lab,Laboratory PCR,2,0.5x,0.5,low_resource,300000,365,4767804.650460184,4767804.650460184,-1999999.9999999404,1134721.7378017136,241128.36928286345,5349402.478208104,42552.06516756426,360.53743285487604,17.846602926316393,369526814.6651227,374294619.3155829,21,23,1.5,5.5,10.5,70.0,0.2,0.97
B_screening_plus_countermeasures,Mpox,lab,Laboratory PCR,2,0.5x,0.5,base_case,3500000,365,61828097.75134647,61828097.75134647,-1999999.9999999404,1134721.7378017136,241128.36928286345,62409695.57909416,42552.06516756426,360.53743285487604,17.846602926316393,446335778.20548767,508163875.95683414,21,23,1.5,5.5,10.5,70.0,0.2,0.97
B_screening_plus_countermeasures,Mpox,lab,Laboratory PCR,2,0.5x,0.5,high_income,11600000,365,206261964.66296303,206261964.66296303,-1999999.9999999404,1134721.7378017136,241128.36928286345,206843562.49071246,42552.06516756426,360.53743285487604,17.846602926316393,640758467.1670357,847020431.8299987,21,23,1.5,5.5,10.5,70.0,0.2,0.97
B_screening_plus_countermeasures,Mpox,lab,Laboratory PCR,2,1x,1.0,low_resource,300000,365,11533545.018360615,11533545.018360615,-1999999.9999999404,2269097.3683477705,482183.1907739035,10697173.307925237,85091.15131304122,720.9644028374406,35.68773794045325,378636272.28013444,390169817.29849505,21,23,1.5,5.5,10.5,70.0,0.4,0.97
B_screening_plus_countermeasures,Mpox,lab,Laboratory PCR,2,1x,1.0,base_case,3500000,365,125636726.96956223,125636726.96956223,-1999999.9999999404,2269097.3683477705,482183.1907739035,124800355.25912765,85091.15131304122,720.9644028374406,35.68773794045325,532248327.56862515,657885054.5381874,21,23,1.5,5.5,10.5,70.0,0.4,0.97
B_screening_plus_countermeasures,Mpox,lab,Laboratory PCR,2,1x,1.0,high_income,11600000,365,414460406.28354347,414460406.28354347,-1999999.9999999404,2269097.3683477705,482183.1907739035,413624034.57310927,85091.15131304122,720.9644028374406,35.68773794045325,921078842.5176159,1335539248.8011594,21,23,1.5,5.5,10.5,70.0,0.4,0.97
B_screening_plus_countermeasures,Mpox,lab,Laboratory PCR,2,2x,2.0,low_resource,300000,365,25058836.922686398,25058836.922686398,-1999999.9999999404,4536810.981049166,964072.3334729441,21387823.196374636,170130.41178934346,1441.4871698296522,71.35361490656769,396853098.7504477,421911935.6731341,21,23,1.5,5.5,10.5,70.0,0.8,0.97
B_screening_plus_countermeasures,Mpox,lab,Laboratory PCR,2,2x,2.0,base_case,3500000,365,253195617.68401444,253195617.68401444,-1999999.9999999404,4536810.981049166,964072.3334729441,249524603.95770347,170130.41178934346,1441.4871698296522,71.35361490656769,704053726.9143947,957249344.5984092,21,23,1.5,5.5,10.5,70.0,0.8,0.97
B_screening_plus_countermeasures,Mpox,lab,Laboratory PCR,2,2x,2.0,high_income,11600000,365,830666843.986129,830666843.986129,-1999999.9999999404,4536810.981049166,964072.3334729441,826995830.25982,170130.41178934346,1441.4871698296522,71.35361490656769,1481655316.9543803,2312322160.9405093,21,23,1.5,5.5,10.5,70.0,0.8,0.97
B_screening_plus_countermeasures,Mpox,lab,Laboratory PCR,5,0.1x,0.1,low_resource,300000,365,-1325095.6869858503,0.0,-4999999.99999994,616151.621343709,130932.21953553823,2904714.7863346282,23105.68580038908,195.79074168944834,9.691641713627472,362238747.1420355,360913651.45504963,21,26,1.5,5.5,10.5,70.0,0.04,0.97
B_screening_plus_countermeasures,Mpox,lab,Laboratory PCR,5,0.1x,0.1,base_case,3500000,365,29658528.700583756,29658528.700583756,-4999999.99999994,616151.621343709,130932.21953553823,33888339.17390404,23105.68580038908,195.79074168944834,9.691641713627472,377601009.64942354,407259538.3500073,21,26,1.5,5.5,10.5,70.0,0.04,0.97
B_screening_plus_countermeasures,Mpox,lab,Laboratory PCR,5,0.1x,0.1,high_income,11600000,365,108085827.93161875,108085827.93161875,-4999999.99999994,616151.621343709,130932.21953553823,112315638.404939,23105.68580038908,195.79074168944834,9.691641713627472,416486736.6212505,524572564.55286926,21,26,1.5,5.5,10.5,70.0,0.04,0.97
B_screening_plus_countermeasures,Mpox,lab,Laboratory PCR,5,0.5x,0.5,low_resource,300000,365,13370919.3704921,13370919.3704921,-4999999.99999994,3080154.1459508343,654532.7560145523,14520726.688053964,115505.78047315609,978.7611353114994,48.4486761979192,369526814.6651227,382897734.0356148,21,26,1.5,5.5,10.5,70.0,0.2,0.97
B_screening_plus_countermeasures,Mpox,lab,Laboratory PCR,5,0.5x,0.5,base_case,3500000,365,168258670.7097351,168258670.7097351,-4999999.99999994,3080154.1459508343,654532.7560145523,169408478.02729607,115505.78047315609,978.7611353114994,48.4486761979192,446335778.20548767,614594448.9152228,21,26,1.5,5.5,10.5,70.0,0.2,0.97
B_screening_plus_countermeasures,Mpox,lab,Laboratory PCR,5,0.5x,0.5,high_income,11600000,365,560318291.2871913,560318291.2871913,-4999999.99999994,3080154.1459508343,654532.7560145523,561468098.6047535,115505.78047315609,978.7611353114994,48.4486761979192,640758467.1670357,1201076758.454227,21,26,1.5,5.5,10.5,70.0,0.2,0.97
B_screening_plus_countermeasures,Mpox,lab,Laboratory PCR,5,1x,1.0,low_resource,300000,365,31732837.767602682,31732837.767602682,-4999999.99999994,6158799.146663894,1308744.8186660763,29034338.834272683,230954.96799989592,1957.041079686359,96.87353344447479,378636272.28013444,410369110.0477371,21,26,1.5,5.5,10.5,70.0,0.4,0.97
B_screening_plus_countermeasures,Mpox,lab,Laboratory PCR,5,1x,1.0,base_case,3500000,365,341432451.99984425,341432451.99984425,-4999999.99999994,6158799.146663894,1308744.8186660763,338733953.0665139,230954.96799989592,1957.041079686359,96.87353344447479,532248327.56862515,873680779.5684694,21,26,1.5,5.5,10.5,70.0,0.4,0.97
B_screening_plus_countermeasures,Mpox,lab,Laboratory PCR,5,1x,1.0,high_income,11600000,365,1125359600.5252042,1125359600.5252042,-4999999.99999994,6158799.146663894,1308744.8186660763,1122661101.591875,230954.96799989592,1957.041079686359,96.87353344447479,921078842.5176159,2046438443.04282,21,26,1.5,5.5,10.5,70.0,0.4,0.97
B_screening_plus_countermeasures,Mpox,lab,Laboratory PCR,5,2x,2.0,low_resource,300000,365,68429701.70478535,68429701.70478535,-4999999.99999994,12311566.752898082,2616207.9349908372,58040243.26366252,461683.753233678,3912.1590070135153,193.65187084716902,396853098.7504477,465282800.45523304,21,26,1.5,5.5,10.5,70.0,0.8,0.97
B_screening_plus_countermeasures,Mpox,lab,Laboratory PCR,5,2x,2.0,base_case,3500000,365,687525629.8505143,687525629.8505143,-4999999.99999994,12311566.752898082,2616207.9349908372,677136171.4093933,461683.753233678,3912.1590070135153,193.65187084716902,704053726.9143947,1391579356.764909,21,26,1.5,5.5,10.5,70.0,0.8,0.97
B_screening_plus_countermeasures,Mpox,lab,Laboratory PCR,5,2x,2.0,high_income,11600000,365,2254612197.9694023,2254612197.9694023,-4999999.99999994,12311566.752898082,2616207.9349908372,2244222739.5282764,461683.753233678,3912.1590070135153,193.65187084716902,1481655316.9543803,3736267514.9237823,21,26,1.5,5.5,10.5,70.0,0.8,0.97
B_screening_plus_countermeasures,Mpox,lab,Laboratory PCR,10,0.1x,0.1,low_resource,300000,365,-1547091.5450065732,0.0,-10000000.0,1417254.1122145536,301166.4988455928,6681340.814725742,53147.02920804571,450.4450136663994,22.297028176487107,362238747.1420355,360691655.5970289,21,31,1.5,5.5,10.5,70.0,0.04,0.97
B_screening_plus_countermeasures,Mpox,lab,Laboratory PCR,10,0.1x,0.1,base_case,3500000,365,69720543.81206852,69720543.81206852,-10000000.0,1417254.1122145536,301166.4988455928,77948976.17180043,53147.02920804571,450.4450136663994,22.297028176487107,377601009.64942354,447321553.46149206,21,31,1.5,5.5,10.5,70.0,0.04,0.97
B_screening_plus_countermeasures,Mpox,lab,Laboratory PCR,10,0.1x,0.1,high_income,11600000,365,250116745.80966341,250116745.80966341,-10000000.0,1417254.1122145536,301166.4988455928,258345178.16939485,53147.02920804571,450.4450136663994,22.297028176487107,416486736.6212505,666603482.4309139,21,31,1.5,5.5,10.5,70.0,0.04,0.97
B_screening_plus_countermeasures,Mpox,lab,Laboratory PCR,10,0.5x,0.5,low_resource,300000,365,32249484.530365705,32249484.530365705,-10000000.0,7083745.909282937,1505296.0057226263,33394802.143762454,265640.4715981107,2251.420516697024,111.44531557650637,369526814.6651227,401776299.1954884,21,31,1.5,5.5,10.5,70.0,0.2,0.97
B_screening_plus_countermeasures,Mpox,lab,Laboratory PCR,10,0.5x,0.5,base_case,3500000,365,388460707.39716524,388460707.39716524,-10000000.0,7083745.909282937,1505296.0057226263,389606025.0105622,265640.4715981107,2251.420516697024,111.44531557650637,446335778.20548767,834796485.6026529,21,31,1.5,5.5,10.5,70.0,0.2,0.97
B_screening_plus_countermeasures,Mpox,lab,Laboratory PCR,10,0.5x,0.5,high_income,11600000,365,1290120365.2787533,1290120365.2787533,-10000000.0,7083745.909282937,1505296.0057226263,1291265682.8921468,265640.4715981107,2251.420516697024,111.44531557650637,640758467.1670357,1930878832.445789,21,31,1.5,5.5,10.5,70.0,0.2,0.97
B_screening_plus_countermeasures,Mpox,lab,Laboratory PCR,10,1x,1.0,low_resource,300000,365,74461361.13475603,74461361.13475603,-10000000.0,14161186.298042838,3009252.088334107,66759878.26220197,531044.4861766077,4500.831605257998,222.79116446027737,378636272.28013444,453097633.41489047,21,31,1.5,5.5,10.5,70.0,0.4,0.97
B_screening_plus_countermeasures,Mpox,lab,Laboratory PCR,10,1x,1.0,base_case,3500000,365,786566729.26491,786566729.26491,-10000000.0,14161186.298042838,3009252.088334107,778865246.3923581,531044.4861766077,4500.831605257998,222.79116446027737,532248327.56862515,1318815056.8335352,21,31,1.5,5.5,10.5,70.0,0.4,0.97
B_screening_plus_countermeasures,Mpox,lab,Laboratory PCR,10,1x,1.0,high_income,11600000,365,2589083442.3443637,2589083442.3443637,-10000000.0,14161186.298042838,3009252.088334107,2581381959.47181,531044.4861766077,4500.831605257998,222.79116446027737,921078842.5176159,3510162284.8619795,21,31,1.5,5.5,10.5,70.0,0.4,0.97
B_screening_plus_countermeasures,Mpox,lab,Laboratory PCR,10,2x,2.0,low_resource,300000,365,158772532.8786382,158772532.8786382,-10000000.0,28297191.141328514,6013153.117532308,133401043.9519773,1061144.6677998197,8993.638472602834,445.1851043938543,396853098.7504477,555625631.6290859,21,31,1.5,5.5,10.5,70.0,0.8,0.97
B_screening_plus_countermeasures,Mpox,lab,Laboratory PCR,10,2x,2.0,base_case,3500000,365,1581717001.6997266,1581717001.6997266,-10000000.0,28297191.141328514,6013153.117532308,1556345512.773067,1061144.6677998197,8993.638472602834,445.1851043938543,704053726.9143947,2285770728.6141214,21,31,1.5,5.5,10.5,70.0,0.8,0.97
B_screening_plus_countermeasures,Mpox,lab,Laboratory PCR,10,2x,2.0,high_income,11600000,365,5183545188.403109,5183545188.403109,-10000000.0,28297191.141328514,6013153.117532308,5158173699.476452,1061144.6677998197,8993.638472602834,445.1851043938543,1481655316.9543803,6665200505.357489,21,31,1.5,5.5,10.5,70.0,0.8,0.97
B_screening_plus_countermeasures,Mpox,lab,Laboratory PCR,14,0.1x,0.1,low_resource,300000,365,-734523.630027771,0.0,-14000000.00000006,2224151.7267019884,472632.2419241721,10485286.711595079,83405.68975132456,707.0399311022894,34.998476589563985,362238747.1420355,361504223.5120077,21,35,1.5,5.5,10.5,70.0,0.04,0.97
B_screening_plus_countermeasures,Mpox,lab,Laboratory PCR,14,0.1x,0.1,base_case,3500000,365,111108534.62698686,111108534.62698686,-14000000.00000006,2224151.7267019884,472632.2419241721,122328344.9686091,83405.68975132456,707.0399311022894,34.998476589563985,377601009.64942354,488709544.2764104,21,35,1.5,5.5,10.5,70.0,0.04,0.97
B_screening_plus_countermeasures,Mpox,lab,Laboratory PCR,14,0.1x,0.1,high_income,11600000,365,394211275.84005296,394211275.84005296,-14000000.00000006,2224151.7267019884,472632.2419241721,405431086.18167657,83405.68975132456,707.0399311022894,34.998476589563985,416486736.6212505,810698012.4613035,21,35,1.5,5.5,10.5,70.0,0.04,0.97
B_screening_plus_countermeasures,Mpox,lab,Laboratory PCR,14,0.5x,0.5,low_resource,300000,365,52292522.811202765,52292522.811202765,-14000000.00000006,11114914.004273545,2361919.225908128,52398880.305861,416809.27516025805,3533.337235576496,174.9001931610403,369526814.6651227,421819337.47632545,21,35,1.5,5.5,10.5,70.0,0.2,0.97
B_screening_plus_countermeasures,Mpox,lab,Laboratory PCR,14,0.5x,0.5,base_case,3500000,365,611213912.740387,611213912.740387,-14000000.00000006,11114914.004273545,2361919.225908128,611320270.2350459,416809.27516025805,3533.337235576496,174.9001931610403,446335778.20548767,1057549690.9458746,21,35,1.5,5.5,10.5,70.0,0.2,0.97
B_screening_plus_countermeasures,Mpox,lab,Laboratory PCR,14,0.5x,0.5,high_income,11600000,365,2025983680.998633,2025983680.998633,-14000000.00000006,11114914.004273545,2361919.225908128,2026090038.493291,416809.27516025805,3533.337235576496,174.9001931610403,640758467.1670357,2666742148.1656685,21,35,1.5,5.5,10.5,70.0,0.2,0.97
B_screening_plus_countermeasures,Mpox,lab,Laboratory PCR,14,1x,1.0,low_resource,300000,365,118498025.20358568,118498025.20358568,-14000000.00000006,22215237.75868497,4720738.023720548,104728978.00522895,833071.415950686,7062.025229461537,349.570248858354,378636272.28013444,497134297.4837201,21,35,1.5,5.5,10.5,70.0,0.4,0.97
B_screening_plus_countermeasures,Mpox,lab,Laboratory PCR,14,1x,1.0,base_case,3500000,365,1235607123.9260273,1235607123.9260273,-14000000.00000006,22215237.75868497,4720738.023720548,1221838076.7276719,833071.415950686,7062.025229461537,349.570248858354,532248327.56862515,1767855451.4946525,21,35,1.5,5.5,10.5,70.0,0.4,0.97
B_screening_plus_countermeasures,Mpox,lab,Laboratory PCR,14,1x,1.0,high_income,11600000,365,4063289530.067209,4063289530.067209,-14000000.00000006,22215237.75868497,4720738.023720548,4049520482.86886,833071.415950686,7062.025229461537,349.570248858354,921078842.5176159,4984368372.584825,21,35,1.5,5.5,10.5,70.0,0.4,0.97
B_screening_plus_countermeasures,Mpox,lab,Laboratory PCR,14,2x,2.0,low_resource,300000,365,250648813.54264337,250648813.54264337,-14000000.00000006,44372256.16283829,9429104.434603143,209183493.33909485,1663959.6061064356,14105.498716676699,698.2221864755111,396853098.7504477,647501912.293091,21,35,1.5,5.5,10.5,70.0,0.8,0.97
B_screening_plus_countermeasures,Mpox,lab,Laboratory PCR,14,2x,2.0,base_case,3500000,365,2481939409.1596537,2481939409.1596537,-14000000.00000006,44372256.16283829,9429104.434603143,2440474088.9561048,1663959.6061064356,14105.498716676699,698.2221864755111,704053726.9143947,3185993136.0740485,21,35,1.5,5.5,10.5,70.0,0.8,0.97
B_screening_plus_countermeasures,Mpox,lab,Laboratory PCR,14,2x,2.0,high_income,11600000,365,8129893729.315229,8129893729.315229,-14000000.00000006,44372256.16283829,9429104.434603143,8088428409.111671,1663959.6061064356,14105.498716676699,698.2221864755111,1481655316.9543803,9611549046.26961,21,35,1.5,5.5,10.5,70.0,0.8,0.97
B_screening_plus_countermeasures,Mpox,molecular,High-throughput molecular screening,2,0.1x,0.1,low_resource,300000,365,953726.1213145107,953726.1213145107,-400000.0000000149,226972.04429225612,48231.55941210445,1070011.065949206,8511.451660959608,72.11632621137247,3.569758147462763,73905418.65496036,74859144.77627487,21,23,1.5,5.5,10.5,70.0,0.04,0.97
B_screening_plus_countermeasures,Mpox,molecular,High-throughput molecular screening,2,0.1x,0.1,base_case,3500000,365,12367177.491439342,12367177.491439342,-400000.0000000149,226972.04429225612,48231.55941210445,12483462.436074093,8511.451660959608,72.11632621137247,3.569758147462763,89267681.16234882,101634858.65378816,21,23,1.5,5.5,10.5,70.0,0.04,0.97
B_screening_plus_countermeasures,Mpox,molecular,High-throughput molecular screening,2,0.1x,0.1,high_income,11600000,365,41257476.27206802,41257476.27206802,-400000.0000000149,226972.04429225612,48231.55941210445,41373761.21670272,8511.451660959608,72.11632621137247,3.569758147462763,128153408.13417551,169410884.40624353,21,23,1.5,5.5,10.5,70.0,0.04,0.97
B_screening_plus_countermeasures,Mpox,molecular,High-throughput molecular screening,2,0.5x,0.5,low_resource,300000,365,6367804.650460079,6367804.650460079,-400000.0000000149,1134721.7378017136,241128.36928286345,5349402.478208104,42552.06516756426,360.53743285487604,17.846602926316393,81193486.1780478,87561290.82850789,21,23,1.5,5.5,10.5,70.0,0.2,0.97
B_screening_plus_countermeasures,Mpox,molecular,High-throughput molecular screening,2,0.5x,0.5,base_case,3500000,365,63428097.75134653,63428097.75134653,-400000.0000000149,1134721.7378017136,241128.36928286345,62409695.57909416,42552.06516756426,360.53743285487604,17.846602926316393,158002449.71841243,221430547.46975896,21,23,1.5,5.5,10.5,70.0,0.2,0.97
B_screening_plus_countermeasures,Mpox,molecular,High-throughput molecular screening,2,0.5x,0.5,high_income,11600000,365,207861964.66296446,207861964.66296446,-400000.0000000149,1134721.7378017136,241128.36928286345,206843562.49071246,42552.06516756426,360.53743285487604,17.846602926316393,352425138.6799611,560287103.3429255,21,23,1.5,5.5,10.5,70.0,0.2,0.97
B_screening_plus_countermeasures,Mpox,molecular,High-throughput molecular screening,2,1x,1.0,low_resource,300000,365,13133545.018359914,13133545.018359914,-400000.0000000149,2269097.3683477705,482183.1907739035,10697173.307925237,85091.15131304122,720.9644028374406,35.68773794045325,90302943.79305977,103436488.81141968,21,23,1.5,5.5,10.5,70.0,0.4,0.97
B_screening_plus_countermeasures,Mpox,molecular,High-throughput molecular screening,2,1x,1.0,base_case,3500000,365,127236726.96956265,127236726.96956265,-400000.0000000149,2269097.3683477705,482183.1907739035,124800355.25912765,85091.15131304122,720.9644028374406,35.68773794045325,243914999.08155006,371151726.0511127,21,23,1.5,5.5,10.5,70.0,0.4,0.97
B_screening_plus_countermeasures,Mpox,molecular,High-throughput molecular screening,2,1x,1.0,high_income,11600000,365,416060406.2835437,416060406.2835437,-400000.0000000149,2269097.3683477705,482183.1907739035,413624034.57310927,85091.15131304122,720.9644028374406,35.68773794045325,632745514.0305408,1048805920.3140845,21,23,1.5,5.5,10.5,70.0,0.4,0.97
B_screening_plus_countermeasures,Mpox,molecular,High-throughput molecular screening,2,2x,2.0,low_resource,300000,365,26658836.922686085,26658836.922686085,-400000.0000000149,4536810.981049166,964072.3334729441,21387823.196374636,170130.41178934346,1441.4871698296522,71.35361490656769,108519770.26337306,135178607.18605915,21,23,1.5,5.5,10.5,70.0,0.8,0.97
B_screening_plus_countermeasures,Mpox,molecular,High-throughput molecular screening,2,2x,2.0,base_case,3500000,365,254795617.68401504,254795617.68401504,-400000.0000000149,4536810.981049166,964072.3334729441,249524603.95770347,170130.41178934346,1441.4871698296522,71.35361490656769,415720398.42731893,670516016.111334,21,23,1.5,5.5,10.5,70.0,0.8,0.97
B_screening_plus_countermeasures,Mpox,molecular,High-throughput molecular screening,2,2x,2.0,high_income,11600000,365,832266843.9861302,832266843.9861302,-400000.0000000149,4536810.981049166,964072.3334729441,826995830.25982,170130.41178934346,1441.4871698296522,71.35361490656769,1193321988.467305,2025588832.4534352,21,23,1.5,5.5,10.5,70.0,0.8,0.97
B_screening_plus_countermeasures,Mpox,molecular,High-throughput molecular screening,5,0.1x,0.1,low_resource,300000,365,2674904.3130142987,2674904.3130142987,-1000000.0000000298,616151.621343709,130932.21953553823,2904714.7863346282,23105.68580038908,195.79074168944834,9.691641713627472,73905418.65496036,76580322.96797466,21,26,1.5,5.5,10.5,70.0,0.04,0.97
B_screening_plus_countermeasures,Mpox,molecular,High-throughput molecular screening,5,0.1x,0.1,base_case,3500000,365,33658528.70058362,33658528.70058362,-1000000.0000000298,616151.621343709,130932.21953553823,33888339.17390404,23105.68580038908,195.79074168944834,9.691641713627472,89267681.16234882,122926209.86293244,21,26,1.5,5.5,10.5,70.0,0.04,0.97
B_screening_plus_countermeasures,Mpox,molecular,High-throughput molecular screening,5,0.1x,0.1,high_income,11600000,365,112085827.9316186,112085827.9316186,-1000000.0000000298,616151.621343709,130932.21953553823,112315638.404939,23105.68580038908,195.79074168944834,9.691641713627472,128153408.13417551,240239236.0657941,21,26,1.5,5.5,10.5,70.0,0.04,0.97
B_screening_plus_countermeasures,Mpox,molecular,High-throughput molecular screening,5,0.5x,0.5,low_resource,300000,365,17370919.370492443,17370919.370492443,-1000000.0000000298,3080154.1459508343,654532.7560145523,14520726.688053964,115505.78047315609,978.7611353114994,48.4486761979192,81193486.1780478,98564405.54854025,21,26,1.5,5.5,10.5,70.0,0.2,0.97
B_screening_plus_countermeasures,Mpox,molecular,High-throughput molecular screening,5,0.5x,0.5,base_case,3500000,365,172258670.7097349,172258670.7097349,-1000000.0000000298,3080154.1459508343,654532.7560145523,169408478.02729607,115505.78047315609,978.7611353114994,48.4486761979192,158002449.71841243,330261120.4281473,21,26,1.5,5.5,10.5,70.0,0.2,0.97
B_screening_plus_countermeasures,Mpox,molecular,High-throughput molecular screening,5,0.5x,0.5,high_income,11600000,365,564318291.2871908,564318291.2871908,-1000000.0000000298,3080154.1459508343,654532.7560145523,561468098.6047535,115505.78047315609,978.7611353114994,48.4486761979192,352425138.6799611,916743429.9671519,21,26,1.5,5.5,10.5,70.0,0.2,0.97
B_screening_plus_countermeasures,Mpox,molecular,High-throughput molecular screening,5,1x,1.0,low_resource,300000,365,35732837.7676025,35732837.7676025,-1000000.0000000298,6158799.146663894,1308744.8186660763,29034338.834272683,230954.96799989592,1957.041079686359,96.87353344447479,90302943.79305977,126035781.56066227,21,26,1.5,5.5,10.5,70.0,0.4,0.97
B_screening_plus_countermeasures,Mpox,molecular,High-throughput molecular screening,5,1x,1.0,base_case,3500000,365,345432451.99984366,345432451.99984366,-1000000.0000000298,6158799.146663894,1308744.8186660763,338733953.0665139,230954.96799989592,1957.041079686359,96.87353344447479,243914999.08155006,589347451.0813937,21,26,1.5,5.5,10.5,70.0,0.4,0.97
B_screening_plus_countermeasures,Mpox,molecular,High-throughput molecular screening,5,1x,1.0,high_income,11600000,365,1129359600.525206,1129359600.525206,-1000000.0000000298,6158799.146663894,1308744.8186660763,1122661101.591875,230954.96799989592,1957.041079686359,96.87353344447479,632745514.0305408,1762105114.5557468,21,26,1.5,5.5,10.5,70.0,0.4,0.97
B_screening_plus_countermeasures,Mpox,molecular,High-throughput molecular screening,5,2x,2.0,low_resource,300000,365,72429701.70478503,72429701.70478503,-1000000.0000000298,12311566.752898082,2616207.9349908372,58040243.26366252,461683.753233678,3912.1590070135153,193.65187084716902,108519770.26337306,180949471.9681581,21,26,1.5,5.5,10.5,70.0,0.8,0.97
B_screening_plus_countermeasures,Mpox,molecular,High-throughput molecular screening,5,2x,2.0,base_case,3500000,365,691525629.850515,691525629.850515,-1000000.0000000298,12311566.752898082,2616207.9349908372,677136171.4093933,461683.753233678,3912.1590070135153,193.65187084716902,415720398.42731893,1107246028.277834,21,26,1.5,5.5,10.5,70.0,0.8,0.97
B_screening_plus_countermeasures,Mpox,molecular,High-throughput molecular screening,5,2x,2.0,high_income,11600000,365,2258612197.9694023,2258612197.9694023,-1000000.0000000298,12311566.752898082,2616207.9349908372,2244222739.5282764,461683.753233678,3912.1590070135153,193.65187084716902,1193321988.467305,3451934186.436707,21,26,1.5,5.5,10.5,70.0,0.8,0.97
B_screening_plus_countermeasures,Mpox,molecular,High-throughput molecular screening,10,0.1x,0.1,low_resource,300000,365,6452908.454993859,6452908.454993859,-2000000.0,1417254.1122145536,301166.4988455928,6681340.814725742,53147.02920804571,450.4450136663994,22.297028176487107,73905418.65496036,80358327.10995422,21,31,1.5,5.5,10.5,70.0,0.04,0.97
B_screening_plus_countermeasures,Mpox,molecular,High-throughput molecular screening,10,0.1x,0.1,base_case,3500000,365,77720543.81206842,77720543.81206842,-2000000.0,1417254.1122145536,301166.4988455928,77948976.17180043,53147.02920804571,450.4450136663994,22.297028176487107,89267681.16234882,166988224.97441724,21,31,1.5,5.5,10.5,70.0,0.04,0.97
B_screening_plus_countermeasures,Mpox,molecular,High-throughput molecular screening,10,0.1x,0.1,high_income,11600000,365,258116745.80966362,258116745.80966362,-2000000.0,1417254.1122145536,301166.4988455928,258345178.16939485,53147.02920804571,450.4450136663994,22.297028176487107,128153408.13417551,386270153.94383913,21,31,1.5,5.5,10.5,70.0,0.04,0.97
B_screening_plus_countermeasures,Mpox,molecular,High-throughput molecular screening,10,0.5x,0.5,low_resource,300000,365,40249484.530365884,40249484.530365884,-2000000.0,7083745.909282937,1505296.0057226263,33394802.143762454,265640.4715981107,2251.420516697024,111.44531557650637,81193486.1780478,121442970.70841369,21,31,1.5,5.5,10.5,70.0,0.2,0.97
B_screening_plus_countermeasures,Mpox,molecular,High-throughput molecular screening,10,0.5x,0.5,base_case,3500000,365,396460707.39716613,396460707.39716613,-2000000.0,7083745.909282937,1505296.0057226263,389606025.0105622,265640.4715981107,2251.420516697024,111.44531557650637,158002449.71841243,554463157.1155785,21,31,1.5,5.5,10.5,70.0,0.2,0.97
B_screening_plus_countermeasures,Mpox,molecular,High-throughput molecular screening,10,0.5x,0.5,high_income,11600000,365,1298120365.2787523,1298120365.2787523,-2000000.0,7083745.909282937,1505296.0057226263,1291265682.8921468,265640.4715981107,2251.420516697024,111.44531557650637,352425138.6799611,1650545503.9587135,21,31,1.5,5.5,10.5,70.0,0.2,0.97
B_screening_plus_countermeasures,Mpox,molecular,High-throughput molecular screening,10,1x,1.0,low_resource,300000,365,82461361.13475549,82461361.13475549,-2000000.0,14161186.298042838,3009252.088334107,66759878.26220197,531044.4861766077,4500.831605257998,222.79116446027737,90302943.79305977,172764304.92781526,21,31,1.5,5.5,10.5,70.0,0.4,0.97
B_screening_plus_countermeasures,Mpox,molecular,High-throughput molecular screening,10,1x,1.0,base_case,3500000,365,794566729.2649114,794566729.2649114,-2000000.0,14161186.298042838,3009252.088334107,778865246.3923581,531044.4861766077,4500.831605257998,222.79116446027737,243914999.08155006,1038481728.3464615,21,31,1.5,5.5,10.5,70.0,0.4,0.97
B_screening_plus_countermeasures,Mpox,molecular,High-throughput molecular screening,10,1x,1.0,high_income,11600000,365,2597083442.344371,2597083442.344371,-2000000.0,14161186.298042838,3009252.088334107,2581381959.47181,531044.4861766077,4500.831605257998,222.79116446027737,632745514.0305408,3229828956.374912,21,31,1.5,5.5,10.5,70.0,0.4,0.97
B_screening_plus_countermeasures,Mpox,molecular,High-throughput molecular screening,10,2x,2.0,low_resource,300000,365,166772532.87863773,166772532.87863773,-2000000.0,28297191.141328514,6013153.117532308,133401043.9519773,1061144.6677998197,8993.638472602834,445.1851043938543,108519770.26337306,275292303.1420108,21,31,1.5,5.5,10.5,70.0,0.8,0.97
B_screening_plus_countermeasures,Mpox,molecular,High-throughput molecular screening,10,2x,2.0,base_case,3500000,365,1589717001.6997285,1589717001.6997285,-2000000.0,28297191.141328514,6013153.117532308,1556345512.773067,1061144.6677998197,8993.638472602834,445.1851043938543,415720398.42731893,2005437400.1270475,21,31,1.5,5.5,10.5,70.0,0.8,0.97
B_screening_plus_countermeasures,Mpox,molecular,High-throughput molecular screening,10,2x,2.0,high_income,11600000,365,5191545188.403114,5191545188.403114,-2000000.0,28297191.141328514,6013153.117532308,5158173699.476452,1061144.6677998197,8993.638472602834,445.1851043938543,1193321988.467305,6384867176.8704195,21,31,1.5,5.5,10.5,70.0,0.8,0.97
B_screening_plus_countermeasures,Mpox,molecular,High-throughput molecular screening,14,0.1x,0.1,low_resource,300000,365,10465476.369972557,10465476.369972557,-2799999.99999997,2224151.7267019884,472632.2419241721,10485286.711595079,83405.68975132456,707.0399311022894,34.998476589563985,73905418.65496036,84370895.02493292,21,35,1.5,5.5,10.5,70.0,0.04,0.97
B_screening_plus_countermeasures,Mpox,molecular,High-throughput molecular screening,14,0.1x,0.1,base_case,3500000,365,122308534.62698652,122308534.62698652,-2799999.99999997,2224151.7267019884,472632.2419241721,122328344.9686091,83405.68975132456,707.0399311022894,34.998476589563985,89267681.16234882,211576215.78933534,21,35,1.5,5.5,10.5,70.0,0.04,0.97
B_screening_plus_countermeasures,Mpox,molecular,High-throughput molecular screening,14,0.1x,0.1,high_income,11600000,365,405411275.8400533,405411275.8400533,-2799999.99999997,2224151.7267019884,472632.2419241721,405431086.18167657,83405.68975132456,707.0399311022894,34.998476589563985,128153408.13417551,533564683.9742288,21,35,1.5,5.5,10.5,70.0,0.04,0.97
B_screening_plus_countermeasures,Mpox,molecular,High-throughput molecular screening,14,0.5x,0.5,low_resource,300000,365,63492522.81120303,63492522.81120303,-2799999.99999997,11114914.004273545,2361919.225908128,52398880.305861,416809.27516025805,3533.337235576496,174.9001931610403,81193486.1780478,144686008.98925084,21,35,1.5,5.5,10.5,70.0,0.2,0.97
B_screening_plus_countermeasures,Mpox,molecular,High-throughput molecular screening,14,0.5x,0.5,base_case,3500000,365,622413912.740388,622413912.740388,-2799999.99999997,11114914.004273545,2361919.225908128,611320270.2350459,416809.27516025805,3533.337235576496,174.9001931610403,158002449.71841243,780416362.4588004,21,35,1.5,5.5,10.5,70.0,0.2,0.97
B_screening_plus_countermeasures,Mpox,molecular,High-throughput molecular screening,14,0.5x,0.5,high_income,11600000,365,2037183680.9986353,2037183680.9986353,-2799999.99999997,11114914.004273545,2361919.225908128,2026090038.493291,416809.27516025805,3533.337235576496,174.9001931610403,352425138.6799611,2389608819.6785965,21,35,1.5,5.5,10.5,70.0,0.2,0.97
B_screening_plus_countermeasures,Mpox,molecular,High-throughput molecular screening,14,1x,1.0,low_resource,300000,365,129698025.20358533,129698025.20358533,-2799999.99999997,22215237.75868497,4720738.023720548,104728978.00522895,833071.415950686,7062.025229461537,349.570248858354,90302943.79305977,220000968.9966451,21,35,1.5,5.5,10.5,70.0,0.4,0.97
B_screening_plus_countermeasures,Mpox,molecular,High-throughput molecular screening,14,1x,1.0,base_case,3500000,365,1246807123.926026,1246807123.926026,-2799999.99999997,22215237.75868497,4720738.023720548,1221838076.7276719,833071.415950686,7062.025229461537,349.570248858354,243914999.08155006,1490722123.0075762,21,35,1.5,5.5,10.5,70.0,0.4,0.97
B_screening_plus_countermeasures,Mpox,molecular,High-throughput molecular screening,14,1x,1.0,high_income,11600000,365,4074489530.0672135,4074489530.0672135,-2799999.99999997,22215237.75868497,4720738.023720548,4049520482.86886,833071.415950686,7062.025229461537,349.570248858354,632745514.0305408,4707235044.0977545,21,35,1.5,5.5,10.5,70.0,0.4,0.97
B_screening_plus_countermeasures,Mpox,molecular,High-throughput molecular screening,14,2x,2.0,low_resource,300000,365,261848813.54264283,261848813.54264283,-2799999.99999997,44372256.16283829,9429104.434603143,209183493.33909485,1663959.6061064356,14105.498716676699,698.2221864755111,108519770.26337306,370368583.8060159,21,35,1.5,5.5,10.5,70.0,0.8,0.97
B_screening_plus_countermeasures,Mpox,molecular,High-throughput molecular screening,14,2x,2.0,base_case,3500000,365,2493139409.159657,2493139409.159657,-2799999.99999997,44372256.16283829,9429104.434603143,2440474088.9561048,1663959.6061064356,14105.498716676699,698.2221864755111,415720398.42731893,2908859807.586976,21,35,1.5,5.5,10.5,70.0,0.8,0.97
B_screening_plus_countermeasures,Mpox,molecular,High-throughput molecular screening,14,2x,2.0,high_income,11600000,365,8141093729.315219,8141093729.315219,-2799999.99999997,44372256.16283829,9429104.434603143,8088428409.111671,1663959.6061064356,14105.498716676699,698.2221864755111,1193321988.467305,9334415717.782524,21,35,1.5,5.5,10.5,70.0,0.8,0.97
B_screening_plus_countermeasures,Norovirus,rapid,Rapid Antigen Test (RAT),2,0.1x,0.1,low_resource,300000,365,31770578.74755901,31770578.74755901,-249999.99999999255,24030453.0938529,5106471.282443737,1802283.9820389675,1081370.38922338,1335182.7831989415,6.008322524395232,73983111.43279132,105753690.18035033,21,23,1.75,0.00075,2.0,37.5,0.25000000000000006,0.675
B_screening_plus_countermeasures,Norovirus,rapid,Rapid Antigen Test (RAT),2,0.1x,0.1,base_case,3500000,365,50994941.22264147,50994941.22264147,-249999.99999999255,24030453.0938529,5106471.282443737,21026646.4571213,1081370.38922338,1335182.7831989415,6.008322524395232,91352584.66757476,142347525.89021623,21,23,1.75,0.00075,2.0,37.5,0.25000000000000006,0.675
B_screening_plus_countermeasures,Norovirus,rapid,Rapid Antigen Test (RAT),2,0.1x,0.1,high_income,11600000,365,99656608.73769358,99656608.73769358,-249999.99999999255,24030453.0938529,5106471.282443737,69688313.97217333,1081370.38922338,1335182.7831989415,6.008322524395232,135319063.7931199,234975672.5308135,21,23,1.75,0.00075,2.0,37.5,0.25000000000000006,0.675
B_screening_plus_countermeasures,Norovirus,rapid,Rapid Antigen Test (RAT),2,0.5x,0.5,low_resource,300000,365,36448139.72615917,36448139.72615917,-249999.99999999255,27540817.80574809,5852423.7837214675,2065561.3354311027,1239336.8012586646,1530047.5698298756,6.885214064234427,121000497.05817835,157448636.78433752,21,23,1.75,0.00075,2.0,37.5,1.25,0.675
B_screening_plus_countermeasures,Norovirus,rapid,Rapid Antigen Test (RAT),2,0.5x,0.5,base_case,3500000,365,58480793.9707576,58480793.9707576,-249999.99999999255,27540817.80574809,5852423.7837214675,24098215.58002962,1239336.8012586646,1530047.5698298756,6.885214064234427,166598044.21439442,225078838.18515202,21,23,1.75,0.00075,2.0,37.5,1.25,0.675
B_screening_plus_countermeasures,Norovirus,rapid,Rapid Antigen Test (RAT),2,0.5x,0.5,high_income,11600000,365,114250950.02739763,114250950.02739763,-249999.99999999255,27540817.80574809,5852423.7837214675,79868371.63666901,1239336.8012586646,1530047.5698298756,6.885214064234427,282016835.45356697,396267785.4809646,21,23,1.75,0.00075,2.0,37.5,1.25,0.675
B_screening_plus_countermeasures,Norovirus,rapid,Rapid Antigen Test (RAT),2,1x,1.0,low_resource,300000,365,31094275.211548895,31094275.211548895,-249999.99999999255,23522908.226303354,4998617.998089483,1764218.1169727389,1058530.87018365,1306799.4220958296,5.880597399431245,143930931.09892133,175025206.31047022,21,23,1.75,0.00075,2.0,37.5,2.5,0.675
B_screening_plus_countermeasures,Norovirus,rapid,Rapid Antigen Test (RAT),2,1x,1.0,base_case,3500000,365,49912601.79259136,49912601.79259136,-249999.99999999255,23522908.226303354,4998617.998089483,20582544.698015556,1058530.87018365,1306799.4220958296,5.880597399431245,203295342.97003013,253207944.7626215,21,23,1.75,0.00075,2.0,37.5,2.5,0.675
B_screening_plus_countermeasures,Norovirus,rapid,Rapid Antigen Test (RAT),2,1x,1.0,high_income,11600000,365,97546490.95085675,97546490.95085675,-249999.99999999255,23522908.226303354,4998617.998089483,68216433.85627964,1058530.87018365,1306799.4220958296,5.880597399431245,353561510.51877415,451108001.4696309,21,23,1.75,0.00075,2.0,37.5,2.5,0.675
B_screening_plus_countermeasures,Norovirus,rapid,Rapid Antigen Test (RAT),2,2x,2.0,low_resource,300000,365,24154466.028610975,24154466.028610975,-249999.99999999255,18314796.269126534,3891894.2071893774,1373609.7201844882,824165.8321106858,1017447.8988447636,4.5785155448014265,164360011.39975375,188514477.42836472,21,23,1.75,0.00075,2.0,37.5,5.0,0.675
B_screening_plus_countermeasures,Norovirus,rapid,Rapid Antigen Test (RAT),2,2x,2.0,base_case,3500000,365,38806303.04391199,38806303.04391199,-249999.99999999255,18314796.269126534,3891894.2071893774,16025446.735485703,824165.8321106858,1017447.8988447636,4.5785155448014265,235989537.14753526,274795840.19144726,21,23,1.75,0.00075,2.0,37.5,5.0,0.675
B_screening_plus_countermeasures,Norovirus,rapid,Rapid Antigen Test (RAT),2,2x,2.0,high_income,11600000,365,75893765.4888938,75893765.4888938,-249999.99999999255,18314796.269126534,3891894.2071893774,53112909.180466324,824165.8321106858,1017447.8988447636,4.5785155448014265,417301774.19660646,493195539.68550026,21,23,1.75,0.00075,2.0,37.5,5.0,0.675
B_screening_plus_countermeasures,Norovirus,rapid,Rapid Antigen Test (RAT),5,0.1x,0.1,low_resource,300000,365,74170982.33120108,74170982.33120108,-624999.9999999925,56132069.29170821,11928064.724487945,4209905.196878106,2525943.1181268576,3118871.718816365,14.034922734673628,73983111.43279132,148154093.7639924,21,26,1.75,0.00075,2.0,37.5,0.25000000000000006,0.675
B_screening_plus_countermeasures,Norovirus,rapid,Rapid Antigen Test (RAT),5,0.1x,0.1,base_case,3500000,365,119076637.76456732,119076637.76456732,-624999.9999999925,56132069.29170821,11928064.724487945,49115560.63024449,2525943.1181268576,3118871.718816365,14.034922734673628,91352584.66757476,210429222.43214208,21,26,1.75,0.00075,2.0,37.5,0.25000000000000006,0.675
B_screening_plus_countermeasures,Norovirus,rapid,Rapid Antigen Test (RAT),5,0.1x,0.1,high_income,11600000,365,232744078.0802759,232744078.0802759,-624999.9999999925,56132069.29170821,11928064.724487945,162783000.94595322,2525943.1181268576,3118871.718816365,14.034922734673628,135319063.7931199,368063141.8733958,21,26,1.75,0.00075,2.0,37.5,0.25000000000000006,0.675
B_screening_plus_countermeasures,Norovirus,rapid,Rapid Antigen Test (RAT),5,0.5x,0.5,low_resource,300000,365,65387570.64826311,65387570.64826311,-624999.9999999925,49540390.73040393,10527333.030210814,3715529.304780298,2229317.582868179,2752309.8524226677,12.385394335901998,121000497.05817835,186388067.70644146,21,26,1.75,0.00075,2.0,37.5,1.25,0.675
B_screening_plus_countermeasures,Norovirus,rapid,Rapid Antigen Test (RAT),5,0.5x,0.5,base_case,3500000,365,105019883.23258641,105019883.23258641,-624999.9999999925,49540390.73040393,10527333.030210814,43347841.88910337,2229317.582868179,2752309.8524226677,12.385394335901998,166598044.21439442,271617927.44698083,21,26,1.75,0.00075,2.0,37.5,1.25,0.675
B_screening_plus_countermeasures,Norovirus,rapid,Rapid Antigen Test (RAT),5,0.5x,0.5,high_income,11600000,365,205339174.46165472,205339174.46165472,-624999.9999999925,49540390.73040393,10527333.030210814,143667133.11817116,2229317.582868179,2752309.8524226677,12.385394335901998,282016835.45356697,487356009.9152217,21,26,1.75,0.00075,2.0,37.5,1.25,0.675
B_screening_plus_countermeasures,Norovirus,rapid,Rapid Antigen Test (RAT),5,1x,1.0,low_resource,300000,365,52400321.472542435,52400321.472542435,-624999.9999999925,39793862.268324584,8456195.73201899,2984539.6701243576,1790723.802074607,2210772.356575084,9.948475604587873,143930931.09892133,196331252.57146376,21,26,1.75,0.00075,2.0,37.5,2.5,0.675
B_screening_plus_countermeasures,Norovirus,rapid,Rapid Antigen Test (RAT),5,1x,1.0,base_case,3500000,365,84235411.28720218,84235411.28720218,-624999.9999999925,39793862.268324584,8456195.73201899,34819629.48478411,1790723.802074607,2210772.356575084,9.948475604587873,203295342.97003013,287530754.2572323,21,26,1.75,0.00075,2.0,37.5,2.5,0.675
B_screening_plus_countermeasures,Norovirus,rapid,Rapid Antigen Test (RAT),5,1x,1.0,high_income,11600000,365,164817982.38056052,164817982.38056052,-624999.9999999925,39793862.268324584,8456195.73201899,115402200.5781422,1790723.802074607,2210772.356575084,9.948475604587873,353561510.51877415,518379492.89933467,21,26,1.75,0.00075,2.0,37.5,2.5,0.675
B_screening_plus_countermeasures,Norovirus,rapid,Rapid Antigen Test (RAT),5,2x,2.0,low_resource,300000,365,39006493.47277412,39006493.47277412,-624999.9999999925,29742208.985196635,6320219.409354236,2230665.673889744,1338399.404333835,1652315.5407026652,7.435419933162368,164360011.39975375,203366504.87252787,21,26,1.75,0.00075,2.0,37.5,5.0,0.675
B_screening_plus_countermeasures,Norovirus,rapid,Rapid Antigen Test (RAT),5,2x,2.0,base_case,3500000,365,62800260.66093165,62800260.66093165,-624999.9999999925,29742208.985196635,6320219.409354236,26024432.862046957,1338399.404333835,1652315.5407026652,7.435419933162368,235989537.14753526,298789797.8084669,21,26,1.75,0.00075,2.0,37.5,5.0,0.675
B_screening_plus_countermeasures,Norovirus,rapid,Rapid Antigen Test (RAT),5,2x,2.0,high_income,11600000,365,123028233.85595506,123028233.85595506,-624999.9999999925,29742208.985196635,6320219.409354236,86252406.05706945,1338399.404333835,1652315.5407026652,7.435419933162368,417301774.19660646,540330008.0525615,21,26,1.75,0.00075,2.0,37.5,5.0,0.675
B_screening_plus_countermeasures,Norovirus,rapid,Rapid Antigen Test (RAT),10,0.1x,0.1,low_resource,300000,365,116731114.97080508,116731114.97080508,-1250000.0,88541174.46214259,18814999.573205307,6640588.084660705,3984352.8507964173,4919930.184299001,22.13968582934516,73983111.43279132,190714226.4035964,21,31,1.75,0.00075,2.0,37.5,0.25000000000000006,0.675
B_screening_plus_countermeasures,Norovirus,rapid,Rapid Antigen Test (RAT),10,0.1x,0.1,base_case,3500000,365,187564054.54051954,187564054.54051954,-1250000.0,88541174.46214259,18814999.573205307,77473527.6543748,3984352.8507964173,4919930.184299001,22.13968582934516,91352584.66757476,278916639.2080943,21,31,1.75,0.00075,2.0,37.5,0.25000000000000006,0.675
B_screening_plus_countermeasures,Norovirus,rapid,Rapid Antigen Test (RAT),10,0.1x,0.1,high_income,11600000,365,366859932.82635766,366859932.82635766,-1250000.0,88541174.46214259,18814999.573205307,256769405.94021362,3984352.8507964173,4919930.184299001,22.13968582934516,135319063.7931199,502178996.61947757,21,31,1.75,0.00075,2.0,37.5,0.25000000000000006,0.675
B_screening_plus_countermeasures,Norovirus,rapid,Rapid Antigen Test (RAT),10,0.5x,0.5,low_resource,300000,365,84990373.42201956,84990373.42201956,-1250000.0,64720730.523091614,13753155.236156976,4854054.789231862,2912432.8735391167,3595864.135451221,16.1813886095308,121000497.05817835,205990870.4801979,21,31,1.75,0.00075,2.0,37.5,1.25,0.675
B_screening_plus_countermeasures,Norovirus,rapid,Rapid Antigen Test (RAT),10,0.5x,0.5,base_case,3500000,365,136766957.84049305,136766957.84049305,-1250000.0,64720730.523091614,13753155.236156976,56630639.207705304,2912432.8735391167,3595864.135451221,16.1813886095308,166598044.21439442,303365002.0548875,21,31,1.75,0.00075,2.0,37.5,1.25,0.675
B_screening_plus_countermeasures,Norovirus,rapid,Rapid Antigen Test (RAT),10,0.5x,0.5,high_income,11600000,365,267826437.14975435,267826437.14975435,-1250000.0,64720730.523091614,13753155.236156976,187690118.51696533,2912432.8735391167,3595864.135451221,16.1813886095308,282016835.45356697,549843272.6033213,21,31,1.75,0.00075,2.0,37.5,1.25,0.675
B_screening_plus_countermeasures,Norovirus,rapid,Rapid Antigen Test (RAT),10,1x,1.0,low_resource,300000,365,65421225.52893716,65421225.52893716,-1250000.0,50034690.8284709,10632371.80105005,3752601.8121353015,2251561.087281197,2779835.440754027,12.50925948339345,143930931.09892133,209352156.6278585,21,31,1.75,0.00075,2.0,37.5,2.5,0.675
B_screening_plus_countermeasures,Norovirus,rapid,Rapid Antigen Test (RAT),10,1x,1.0,base_case,3500000,365,105448978.19171429,105448978.19171429,-1250000.0,50034690.8284709,10632371.80105005,43780354.47491194,2251561.087281197,2779835.440754027,12.50925948339345,203295342.97003013,308744321.1617444,21,31,1.75,0.00075,2.0,37.5,2.5,0.675
B_screening_plus_countermeasures,Norovirus,rapid,Rapid Antigen Test (RAT),10,1x,1.0,high_income,11600000,365,206769227.11936796,206769227.11936796,-1250000.0,50034690.8284709,10632371.80105005,145100603.40256622,2251561.087281197,2779835.440754027,12.50925948339345,353561510.51877415,560330737.6381421,21,31,1.75,0.00075,2.0,37.5,2.5,0.675
B_screening_plus_countermeasures,Norovirus,rapid,Rapid Antigen Test (RAT),10,2x,2.0,low_resource,300000,365,47373927.19801268,47373927.19801268,-1250000.0,36490752.11858362,7754284.825198982,2736806.4088937743,1642083.8453362486,2027313.018288128,9.122908582296898,164360011.39975375,211733938.59776643,21,31,1.75,0.00075,2.0,37.5,5.0,0.675
B_screening_plus_countermeasures,Norovirus,rapid,Rapid Antigen Test (RAT),10,2x,2.0,base_case,3500000,365,76566528.89287978,76566528.89287978,-1250000.0,36490752.11858362,7754284.825198982,31929408.103760764,1642083.8453362486,2027313.018288128,9.122908582296898,235989537.14753526,312556066.04041505,21,31,1.75,0.00075,2.0,37.5,5.0,0.675
B_screening_plus_countermeasures,Norovirus,rapid,Rapid Antigen Test (RAT),10,2x,2.0,high_income,11600000,365,150460301.9330116,150460301.9330116,-1250000.0,36490752.11858362,7754284.825198982,105823181.14389178,1642083.8453362486,2027313.018288128,9.122908582296898,417301774.19660646,567762076.129618,21,31,1.75,0.00075,2.0,37.5,5.0,0.675
B_screening_plus_countermeasures,Norovirus,rapid,Rapid Antigen Test (RAT),14,0.1x,0.1,low_resource,300000,365,130759597.16367143,130759597.16367143,-1750000.0000000075,99444350.59187326,21131924.500773046,7458326.294390503,4474995.776634288,5526042.454156928,24.867191043705866,73983111.43279132,204742708.59646276,21,35,1.75,0.00075,2.0,37.5,0.25000000000000006,0.675
B_screening_plus_countermeasures,Norovirus,rapid,Rapid Antigen Test (RAT),14,0.1x,0.1,base_case,3500000,365,210315077.63716966,210315077.63716966,-1750000.0000000075,99444350.59187326,21131924.500773046,87013806.7678892,4474995.776634288,5526042.454156928,24.867191043705866,91352584.66757476,301667662.3047444,21,35,1.75,0.00075,2.0,37.5,0.25000000000000006,0.675
B_screening_plus_countermeasures,Norovirus,rapid,Rapid Antigen Test (RAT),14,0.1x,0.1,high_income,11600000,365,411689887.5857128,411689887.5857128,-1750000.0000000075,99444350.59187326,21131924.500773046,288388616.71643275,4474995.776634288,5526042.454156928,24.867191043705866,135319063.7931199,547008951.3788327,21,35,1.75,0.00075,2.0,37.5,0.25000000000000006,0.675
B_screening_plus_countermeasures,Norovirus,rapid,Rapid Antigen Test (RAT),14,0.5x,0.5,low_resource,300000,365,90033918.18507625,90033918.18507625,-1750000.0000000075,68880989.25709282,14637210.217132261,5166074.194281948,3099644.5165691827,3827129.9283635,17.222084677635976,121000497.05817835,211034415.2432546,21,35,1.75,0.00075,2.0,37.5,1.25,0.675
B_screening_plus_countermeasures,Norovirus,rapid,Rapid Antigen Test (RAT),14,0.5x,0.5,base_case,3500000,365,145138709.5907506,145138709.5907506,-1750000.0000000075,68880989.25709282,14637210.217132261,60270865.59995636,3099644.5165691827,3827129.9283635,17.222084677635976,166598044.21439442,311736753.805145,21,35,1.75,0.00075,2.0,37.5,1.25,0.675
B_screening_plus_countermeasures,Norovirus,rapid,Rapid Antigen Test (RAT),14,0.5x,0.5,high_income,11600000,365,284622712.8363642,284622712.8363642,-1750000.0000000075,68880989.25709282,14637210.217132261,199754868.8455692,3099644.5165691827,3827129.9283635,17.222084677635976,282016835.45356697,566639548.2899312,21,35,1.75,0.00075,2.0,37.5,1.25,0.675
B_screening_plus_countermeasures,Norovirus,rapid,Rapid Antigen Test (RAT),14,1x,1.0,low_resource,300000,365,68494443.8621487,68494443.8621487,-1750000.0000000075,52716280.57196903,11202209.621543413,3953721.0428976733,2372232.6257386054,2928901.731943501,13.180057793746094,143930931.09892133,212425374.96107003,21,35,1.75,0.00075,2.0,37.5,2.5,0.675
B_screening_plus_countermeasures,Norovirus,rapid,Rapid Antigen Test (RAT),14,1x,1.0,base_case,3500000,365,110667468.31972396,110667468.31972396,-1750000.0000000075,52716280.57196903,11202209.621543413,46126745.50047283,2372232.6257386054,2928901.731943501,13.180057793746094,203295342.97003013,313962811.2897541,21,35,1.75,0.00075,2.0,37.5,2.5,0.675
B_screening_plus_countermeasures,Norovirus,rapid,Rapid Antigen Test (RAT),14,1x,1.0,high_income,11600000,365,217417936.47796237,217417936.47796237,-1750000.0000000075,52716280.57196903,11202209.621543413,152877213.65871045,2372232.6257386054,2928901.731943501,13.180057793746094,353561510.51877415,570979446.9967365,21,35,1.75,0.00075,2.0,37.5,2.5,0.675
B_screening_plus_countermeasures,Norovirus,rapid,Rapid Antigen Test (RAT),14,2x,2.0,low_resource,300000,365,49166271.550765395,49166271.550765395,-1750000.0000000075,38211085.59156847,8119855.688208289,2865831.4193676496,1719498.8516205805,2122942.6374581885,9.553241868562193,164360011.39975375,213526282.95051914,21,35,1.75,0.00075,2.0,37.5,5.0,0.675
B_screening_plus_countermeasures,Norovirus,rapid,Rapid Antigen Test (RAT),14,2x,2.0,base_case,3500000,365,79735140.0240199,79735140.0240199,-1750000.0000000075,38211085.59156847,8119855.688208289,33434699.892622605,1719498.8516205805,2122942.6374581885,9.553241868562193,235989537.14753526,315724677.17155516,21,35,1.75,0.00075,2.0,37.5,5.0,0.675
B_screening_plus_countermeasures,Norovirus,rapid,Rapid Antigen Test (RAT),14,2x,2.0,high_income,11600000,365,157112588.3469457,157112588.3469457,-1750000.0000000075,38211085.59156847,8119855.688208289,110812148.21554866,1719498.8516205805,2122942.6374581885,9.553241868562193,417301774.19660646,574414362.5435522,21,35,1.75,0.00075,2.0,37.5,5.0,0.675
B_screening_plus_countermeasures,Norovirus,lab,Laboratory PCR,2,0.1x,0.1,low_resource,300000,365,35650255.77799219,35650255.77799219,-1999999.9999999404,28255351.428136945,6004262.178479105,2119151.357110275,1271490.8142661643,1569944.6343431147,7.064750854543842,379161174.83271027,414811430.61070246,21,23,1.75,0.00075,2.0,37.5,0.25000000000000006,0.97
B_screening_plus_countermeasures,Norovirus,lab,Laboratory PCR,2,0.1x,0.1,base_case,3500000,365,58254536.92050147,58254536.92050147,-1999999.9999999404,28255351.428136945,6004262.178479105,24723432.499619905,1271490.8142661643,1569944.6343431147,7.064750854543842,390414916.9558575,448669453.876359,21,23,1.75,0.00075,2.0,37.5,0.25000000000000006,0.97
B_screening_plus_countermeasures,Norovirus,lab,Laboratory PCR,2,0.1x,0.1,high_income,11600000,365,115471623.56247926,115471623.56247926,-1999999.9999999404,28255351.428136945,6004262.178479105,81940519.14159732,1271490.8142661643,1569944.6343431147,7.064750854543842,418900951.7050728,534372575.2675521,21,23,1.75,0.00075,2.0,37.5,0.25000000000000006,0.97
B_screening_plus_countermeasures,Norovirus,lab,Laboratory PCR,2,0.5x,0.5,low_resource,300000,365,48656442.793106556,48656442.793106556,-1999999.9999999404,38016092.15242513,8078419.582390359,2851206.9114318755,1710724.1468591257,2112017.660490024,9.504079472205136,418177360.03758174,466833802.8306883,21,23,1.75,0.00075,2.0,37.5,1.25,0.97
B_screening_plus_countermeasures,Norovirus,lab,Laboratory PCR,2,0.5x,0.5,base_case,3500000,365,79069316.5150466,79069316.5150466,-1999999.9999999404,38016092.15242513,8078419.582390359,33264080.633371897,1710724.1468591257,2112017.660490024,9.504079472205136,452855453.50324076,531924770.01828736,21,23,1.75,0.00075,2.0,37.5,1.25,0.97
B_screening_plus_countermeasures,Norovirus,lab,Laboratory PCR,2,0.5x,0.5,high_income,11600000,365,156051903.1237074,156051903.1237074,-1999999.9999999404,38016092.15242513,8078419.582390359,110246667.2420324,1710724.1468591257,2112017.660490024,9.504079472205136,540634377.5881907,696686280.7118981,21,23,1.75,0.00075,2.0,37.5,1.25,0.97
B_screening_plus_countermeasures,Norovirus,lab,Laboratory PCR,2,1x,1.0,low_resource,300000,365,44049193.457571805,44049193.457571805,-1999999.9999999404,34558494.15202401,7343680.007305095,2591887.0614018003,1555132.2368410802,1919882.828138047,8.639472726621221,441069204.50472736,485118397.96229917,21,23,1.75,0.00075,2.0,37.5,2.5,0.97
B_screening_plus_countermeasures,Norovirus,lab,Laboratory PCR,2,1x,1.0,base_case,3500000,365,71695988.7791915,71695988.7791915,-1999999.9999999404,34558494.15202401,7343680.007305095,30238682.383020878,1555132.2368410802,1919882.828138047,8.639472726621221,489490994.46098006,561186983.2401716,21,23,1.75,0.00075,2.0,37.5,2.5,0.97
B_screening_plus_countermeasures,Norovirus,lab,Laboratory PCR,2,1x,1.0,high_income,11600000,365,141676939.43704057,141676939.43704057,-1999999.9999999404,34558494.15202401,7343680.007305095,100219633.04086953,1555132.2368410802,1919882.828138047,8.639472726621221,612058650.2877455,753735589.724786,21,23,1.75,0.00075,2.0,37.5,2.5,0.97
B_screening_plus_countermeasures,Norovirus,lab,Laboratory PCR,2,2x,2.0,low_resource,300000,365,35694122.171471834,35694122.171471834,-1999999.9999999404,28288271.798478395,6011257.757176587,2121620.3848858587,1272972.2309315163,1571529.7578238724,7.071883910207081,463490204.5872456,499184326.7587174,21,23,1.75,0.00075,2.0,37.5,5.0,0.97
B_screening_plus_countermeasures,Norovirus,lab,Laboratory PCR,2,2x,2.0,base_case,3500000,365,58324739.610254705,58324739.610254705,-1999999.9999999404,28288271.798478395,6011257.757176587,24752237.823668405,1272972.2309315163,1571529.7578238724,7.071883910207081,525373007.72624844,583697747.3365031,21,23,1.75,0.00075,2.0,37.5,5.0,0.97
B_screening_plus_countermeasures,Norovirus,lab,Laboratory PCR,2,2x,2.0,high_income,11600000,365,115608490.00217187,115608490.00217187,-1999999.9999999404,28288271.798478395,6011257.757176587,82035988.21558619,1272972.2309315163,1571529.7578238724,7.071883910207081,682013853.1718497,797622343.1740216,21,23,1.75,0.00075,2.0,37.5,5.0,0.97
B_screening_plus_countermeasures,Norovirus,lab,Laboratory PCR,5,0.1x,0.1,low_resource,300000,365,78841960.64982551,78841960.64982551,-4999999.99999994,62920795.98485967,13370669.146782704,4719059.698864486,2831435.819318692,3496079.926636277,15.732359669863733,379161174.83271027,458003135.4825358,21,26,1.75,0.00075,2.0,37.5,0.25000000000000006,0.97
B_screening_plus_countermeasures,Norovirus,lab,Laboratory PCR,5,0.1x,0.1,base_case,3500000,365,129178597.43771279,129178597.43771279,-4999999.99999994,62920795.98485967,13370669.146782704,55055696.48675233,2831435.819318692,3496079.926636277,15.732359669863733,390414916.9558575,519593514.3935703,21,26,1.75,0.00075,2.0,37.5,0.25000000000000006,0.97
B_screening_plus_countermeasures,Norovirus,lab,Laboratory PCR,5,0.1x,0.1,high_income,11600000,365,256593209.30705398,256593209.30705398,-4999999.99999994,62920795.98485967,13370669.146782704,182470308.35609335,2831435.819318692,3496079.926636277,15.732359669863733,418900951.7050728,675494161.0121268,21,26,1.75,0.00075,2.0,37.5,0.25000000000000006,0.97
B_screening_plus_countermeasures,Norovirus,lab,Laboratory PCR,5,0.5x,0.5,low_resource,300000,365,78442342.72213322,78442342.72213322,-4999999.99999994,62620895.10103793,13306940.208970582,4696567.132577844,2817940.279546708,3479014.471232949,15.655565120547971,418177360.03758174,496619702.75971496,21,26,1.75,0.00075,2.0,37.5,1.25,0.97
B_screening_plus_countermeasures,Norovirus,lab,Laboratory PCR,5,0.5x,0.5,base_case,3500000,365,128539058.80296344,128539058.80296344,-4999999.99999994,62620895.10103793,13306940.208970582,54793283.21340827,2817940.279546708,3479014.471232949,15.655565120547971,452855453.50324076,581394512.3062042,21,26,1.75,0.00075,2.0,37.5,1.25,0.97
B_screening_plus_countermeasures,Norovirus,lab,Laboratory PCR,5,0.5x,0.5,high_income,11600000,365,255346371.38256443,255346371.38256443,-4999999.99999994,62620895.10103793,13306940.208970582,181600595.79301018,2817940.279546708,3479014.471232949,15.655565120547971,540634377.5881907,795980748.9707551,21,26,1.75,0.00075,2.0,37.5,1.25,0.97
B_screening_plus_countermeasures,Norovirus,lab,Laboratory PCR,5,1x,1.0,low_resource,300000,365,65546445.2460171,65546445.2460171,-4999999.99999994,52942923.26155125,11250371.193079645,3970719.24461634,2382431.546769805,2941274.683923498,13.235736077655407,441069204.50472736,506615649.75074446,21,26,1.75,0.00075,2.0,37.5,2.5,0.97
B_screening_plus_countermeasures,Norovirus,lab,Laboratory PCR,5,1x,1.0,base_case,3500000,365,107900783.8552587,107900783.8552587,-4999999.99999994,52942923.26155125,11250371.193079645,46325057.85385728,2382431.546769805,2941274.683923498,13.235736077655407,489490994.46098006,597391778.3162388,21,26,1.75,0.00075,2.0,37.5,2.5,0.97
B_screening_plus_countermeasures,Norovirus,lab,Laboratory PCR,5,1x,1.0,high_income,11600000,365,215110203.4598993,215110203.4598993,-4999999.99999994,52942923.26155125,11250371.193079645,153534477.45849836,2382431.546769805,2941274.683923498,13.235736077655407,612058650.2877455,827168853.7476448,21,26,1.75,0.00075,2.0,37.5,2.5,0.97
B_screening_plus_countermeasures,Norovirus,lab,Laboratory PCR,5,2x,2.0,low_resource,300000,365,50045451.61710036,50045451.61710036,-4999999.99999994,41309907.4049537,8778355.323552622,3098243.0553715136,1858945.8332229177,2294975.410111394,10.327389345500936,463490204.5872456,513535656.20434594,21,26,1.75,0.00075,2.0,37.5,5.0,0.97
B_screening_plus_countermeasures,Norovirus,lab,Laboratory PCR,5,2x,2.0,base_case,3500000,365,83093377.54106349,83093377.54106349,-4999999.99999994,41309907.4049537,8778355.323552622,36146168.97933434,1858945.8332229177,2294975.410111394,10.327389345500936,525373007.72624844,608466385.2673119,21,26,1.75,0.00075,2.0,37.5,5.0,0.97
B_screening_plus_countermeasures,Norovirus,lab,Laboratory PCR,5,2x,2.0,high_income,11600000,365,166745940.03609467,166745940.03609467,-4999999.99999994,41309907.4049537,8778355.323552622,119798731.47436559,1858945.8332229177,2294975.410111394,10.327389345500936,682013853.1718497,848759793.2079444,21,26,1.75,0.00075,2.0,37.5,5.0,0.97
B_screening_plus_countermeasures,Norovirus,lab,Laboratory PCR,10,0.1x,0.1,low_resource,300000,365,118066745.24895692,118066745.24895692,-10000000.0,96110127.76657173,20423402.150396504,7208259.582492873,4324955.749495726,5340483.392868492,24.032175267908386,379161174.83271027,497227920.0816672,21,31,1.75,0.00075,2.0,37.5,0.25000000000000006,0.97
B_screening_plus_countermeasures,Norovirus,lab,Laboratory PCR,10,0.1x,0.1,base_case,3500000,365,194954847.46221387,194954847.46221387,-10000000.0,96110127.76657173,20423402.150396504,84096361.79575026,4324955.749495726,5340483.392868492,24.032175267908386,390414916.9558575,585369764.4180714,21,31,1.75,0.00075,2.0,37.5,0.25000000000000006,0.97
B_screening_plus_countermeasures,Norovirus,lab,Laboratory PCR,10,0.1x,0.1,high_income,11600000,365,389577856.1895209,389577856.1895209,-10000000.0,96110127.76657173,20423402.150396504,278719370.52305794,4324955.749495726,5340483.392868492,24.032175267908386,418900951.7050728,808478807.8945937,21,31,1.75,0.00075,2.0,37.5,0.25000000000000006,0.97
B_screening_plus_countermeasures,Norovirus,lab,Laboratory PCR,10,0.5x,0.5,low_resource,300000,365,94270863.87844568,94270863.87844568,-10000000.0,78252055.44348618,16628561.781740805,5868904.15826145,3521342.4949568613,4347614.950632058,19.564267277843882,418177360.03758174,512448223.9160274,21,31,1.75,0.00075,2.0,37.5,1.25,0.97
B_screening_plus_countermeasures,Norovirus,lab,Laboratory PCR,10,0.5x,0.5,base_case,3500000,365,156872508.23323447,156872508.23323447,-10000000.0,78252055.44348618,16628561.781740805,68470548.5130504,3521342.4949568613,4347614.950632058,19.564267277843882,452855453.50324076,609727961.7364752,21,31,1.75,0.00075,2.0,37.5,1.25,0.97
B_screening_plus_countermeasures,Norovirus,lab,Laboratory PCR,10,0.5x,0.5,high_income,11600000,365,315332920.50629187,315332920.50629187,-10000000.0,78252055.44348618,16628561.781740805,226930960.7861094,3521342.4949568613,4347614.950632058,19.564267277843882,540634377.5881907,855967298.0944825,21,31,1.75,0.00075,2.0,37.5,1.25,0.97
B_screening_plus_countermeasures,Norovirus,lab,Laboratory PCR,10,1x,1.0,low_resource,300000,365,74627771.61202502,74627771.61202502,-10000000.0,63510522.7857601,13495986.09197404,4763289.208932015,2857973.525359199,3528495.2659604857,15.878228696821871,441069204.50472736,515696976.1167524,21,31,1.75,0.00075,2.0,37.5,2.5,0.97
B_screening_plus_countermeasures,Norovirus,lab,Laboratory PCR,10,1x,1.0,base_case,3500000,365,125436189.84063458,125436189.84063458,-10000000.0,63510522.7857601,13495986.09197404,55571707.43754016,2857973.525359199,3528495.2659604857,15.878228696821871,489490994.46098006,614927184.3016146,21,31,1.75,0.00075,2.0,37.5,2.5,0.97
B_screening_plus_countermeasures,Norovirus,lab,Laboratory PCR,10,1x,1.0,high_income,11600000,365,254044998.48179746,254044998.48179746,-10000000.0,63510522.7857601,13495986.09197404,184180516.07870436,2857973.525359199,3528495.2659604857,15.878228696821871,612058650.2877455,866103648.7695429,21,31,1.75,0.00075,2.0,37.5,2.5,0.97
B_screening_plus_countermeasures,Norovirus,lab,Laboratory PCR,10,2x,2.0,low_resource,300000,365,54351460.88235414,54351460.88235414,-10000000.0,48293779.273811296,10262428.095684895,3622033.445535846,2173220.0673215115,2683053.3191867284,12.073739936339887,463490204.5872456,517841665.4695997,21,31,1.75,0.00075,2.0,37.5,5.0,0.97
B_screening_plus_countermeasures,Norovirus,lab,Laboratory PCR,10,2x,2.0,base_case,3500000,365,92986484.30140251,92986484.30140251,-10000000.0,48293779.273811296,10262428.095684895,42257056.86458492,2173220.0673215115,2683053.3191867284,12.073739936339887,525373007.72624844,618359492.027651,21,31,1.75,0.00075,2.0,37.5,5.0,0.97
B_screening_plus_countermeasures,Norovirus,lab,Laboratory PCR,10,2x,2.0,high_income,11600000,365,190781387.33087146,190781387.33087146,-10000000.0,48293779.273811296,10262428.095684895,140051959.89405346,2173220.0673215115,2683053.3191867284,12.073739936339887,682013853.1718497,872795240.5027212,21,31,1.75,0.00075,2.0,37.5,5.0,0.97
B_screening_plus_countermeasures,Norovirus,lab,Laboratory PCR,14,0.1x,0.1,low_resource,300000,365,128663816.87343246,128663816.87343246,-14000000.00000006,107064778.14141291,22751265.35505023,8029858.360605963,4817915.016363575,5949454.338081498,26.772544521366903,379161174.83271027,507824991.7061427,21,35,1.75,0.00075,2.0,37.5,0.25000000000000006,0.97
B_screening_plus_countermeasures,Norovirus,lab,Laboratory PCR,14,0.1x,0.1,base_case,3500000,365,214315639.3865633,214315639.3865633,-14000000.00000006,107064778.14141291,22751265.35505023,93681680.87373611,4817915.016363575,5949454.338081498,26.772544521366903,390414916.9558575,604730556.3424208,21,35,1.75,0.00075,2.0,37.5,0.25000000000000006,0.97
B_screening_plus_countermeasures,Norovirus,lab,Laboratory PCR,14,0.1x,0.1,high_income,11600000,365,431121815.12292534,431121815.12292534,-14000000.00000006,107064778.14141291,22751265.35505023,310487856.61009765,4817915.016363575,5949454.338081498,26.772544521366903,418900951.7050728,850022766.8279982,21,35,1.75,0.00075,2.0,37.5,0.25000000000000006,0.97
B_screening_plus_countermeasures,Norovirus,lab,Laboratory PCR,14,0.5x,0.5,low_resource,300000,365,95846974.41480881,95846974.41480881,-14000000.00000006,82436753.7822203,17517810.178721853,6182756.533666547,3709653.9201999092,4580238.70849195,20.611074188213415,418177360.03758174,514024334.45239055,21,35,1.75,0.00075,2.0,37.5,1.25,0.97
B_screening_plus_countermeasures,Norovirus,lab,Laboratory PCR,14,0.5x,0.5,base_case,3500000,365,161796377.44058508,161796377.44058508,-14000000.00000006,82436753.7822203,17517810.178721853,72132159.559443,3709653.9201999092,4580238.70849195,20.611074188213415,452855453.50324076,614651830.9438258,21,35,1.75,0.00075,2.0,37.5,1.25,0.97
B_screening_plus_countermeasures,Norovirus,lab,Laboratory PCR,14,0.5x,0.5,high_income,11600000,365,328730803.8495809,328730803.8495809,-14000000.00000006,82436753.7822203,17517810.178721853,239066585.96843934,3709653.9201999092,4580238.70849195,20.611074188213415,540634377.5881907,869365181.4377716,21,35,1.75,0.00075,2.0,37.5,1.25,0.97
B_screening_plus_countermeasures,Norovirus,lab,Laboratory PCR,14,1x,1.0,low_resource,300000,365,74226843.93972343,74226843.93972343,-14000000.00000006,66211515.15176258,14069946.96974955,4965863.636382186,2979518.1818293263,3678640.3686597347,16.5538816589685,441069204.50472736,515296048.4444508,21,35,1.75,0.00075,2.0,37.5,2.5,0.97
B_screening_plus_countermeasures,Norovirus,lab,Laboratory PCR,14,1x,1.0,base_case,3500000,365,127196056.0611335,127196056.0611335,-14000000.00000006,66211515.15176258,14069946.96974955,57935075.75779222,2979518.1818293263,3678640.3686597347,16.5538816589685,489490994.46098006,616687050.5221136,21,35,1.75,0.00075,2.0,37.5,2.5,0.97
B_screening_plus_countermeasures,Norovirus,lab,Laboratory PCR,14,1x,1.0,high_income,11600000,365,261274374.24345338,261274374.24345338,-14000000.00000006,66211515.15176258,14069946.96974955,192013393.94011152,2979518.1818293263,3678640.3686597347,16.5538816589685,612058650.2877455,873333024.5311989,21,35,1.75,0.00075,2.0,37.5,2.5,0.97
B_screening_plus_countermeasures,Norovirus,lab,Laboratory PCR,14,2x,2.0,low_resource,300000,365,52667642.72699207,52667642.72699207,-14000000.00000006,50032002.04652339,10631800.434886219,3752400.1534892432,2251440.092093549,2779678.330639229,12.508552487876198,463490204.5872456,516157847.31423765,21,35,1.75,0.00075,2.0,37.5,5.0,0.97
B_screening_plus_countermeasures,Norovirus,lab,Laboratory PCR,14,2x,2.0,base_case,3500000,365,92693244.3642109,92693244.3642109,-14000000.00000006,50032002.04652339,10631800.434886219,43778001.79070799,2251440.092093549,2779678.330639229,12.508552487876198,525373007.72624844,618066252.0904593,21,35,1.75,0.00075,2.0,37.5,5.0,0.97
B_screening_plus_countermeasures,Norovirus,lab,Laboratory PCR,14,2x,2.0,high_income,11600000,365,194008048.50842154,194008048.50842154,-14000000.00000006,50032002.04652339,10631800.434886219,145092805.93491775,2251440.092093549,2779678.330639229,12.508552487876198,682013853.1718497,876021901.6802713,21,35,1.75,0.00075,2.0,37.5,5.0,0.97
B_screening_plus_countermeasures,Norovirus,molecular,High-throughput molecular screening,2,0.1x,0.1,low_resource,300000,365,37250255.77799256,37250255.77799256,-400000.0000000149,28255351.428136945,6004262.178479105,2119151.357110275,1271490.8142661643,1569944.6343431147,7.064750854543842,90827846.34563541,128078102.12362798,21,23,1.75,0.00075,2.0,37.5,0.25000000000000006,0.97
B_screening_plus_countermeasures,Norovirus,molecular,High-throughput molecular screening,2,0.1x,0.1,base_case,3500000,365,59854536.920502305,59854536.920502305,-400000.0000000149,28255351.428136945,6004262.178479105,24723432.499619905,1271490.8142661643,1569944.6343431147,7.064750854543842,102081588.4687823,161936125.3892846,21,23,1.75,0.00075,2.0,37.5,0.25000000000000006,0.97
B_screening_plus_countermeasures,Norovirus,molecular,High-throughput molecular screening,2,0.1x,0.1,high_income,11600000,365,117071623.56247936,117071623.56247936,-400000.0000000149,28255351.428136945,6004262.178479105,81940519.14159732,1271490.8142661643,1569944.6343431147,7.064750854543842,130567623.21799816,247639246.78047752,21,23,1.75,0.00075,2.0,37.5,0.25000000000000006,0.97
B_screening_plus_countermeasures,Norovirus,molecular,High-throughput molecular screening,2,0.5x,0.5,low_resource,300000,365,50256442.7931063,50256442.7931063,-400000.0000000149,38016092.15242513,8078419.582390359,2851206.9114318755,1710724.1468591257,2112017.660490024,9.504079472205136,129844031.55050705,180100474.34361336,21,23,1.75,0.00075,2.0,37.5,1.25,0.97
B_screening_plus_countermeasures,Norovirus,molecular,High-throughput molecular screening,2,0.5x,0.5,base_case,3500000,365,80669316.51504624,80669316.51504624,-400000.0000000149,38016092.15242513,8078419.582390359,33264080.633371897,1710724.1468591257,2112017.660490024,9.504079472205136,164522125.01616615,245191441.5312124,21,23,1.75,0.00075,2.0,37.5,1.25,0.97
B_screening_plus_countermeasures,Norovirus,molecular,High-throughput molecular screening,2,0.5x,0.5,high_income,11600000,365,157651903.12370685,157651903.12370685,-400000.0000000149,38016092.15242513,8078419.582390359,110246667.2420324,1710724.1468591257,2112017.660490024,9.504079472205136,252301049.10111585,409952952.2248227,21,23,1.75,0.00075,2.0,37.5,1.25,0.97
B_screening_plus_countermeasures,Norovirus,molecular,High-throughput molecular screening,2,1x,1.0,low_resource,300000,365,45649193.457571894,45649193.457571894,-400000.0000000149,34558494.15202401,7343680.007305095,2591887.0614018003,1555132.2368410802,1919882.828138047,8.639472726621221,152735876.01765242,198385069.47522432,21,23,1.75,0.00075,2.0,37.5,2.5,0.97
B_screening_plus_countermeasures,Norovirus,molecular,High-throughput molecular screening,2,1x,1.0,base_case,3500000,365,73295988.77919096,73295988.77919096,-400000.0000000149,34558494.15202401,7343680.007305095,30238682.383020878,1555132.2368410802,1919882.828138047,8.639472726621221,201157665.97390538,274453654.75309634,21,23,1.75,0.00075,2.0,37.5,2.5,0.97
B_screening_plus_countermeasures,Norovirus,molecular,High-throughput molecular screening,2,1x,1.0,high_income,11600000,365,143276939.4370395,143276939.4370395,-400000.0000000149,34558494.15202401,7343680.007305095,100219633.04086953,1555132.2368410802,1919882.828138047,8.639472726621221,323725321.8006704,467002261.2377099,21,23,1.75,0.00075,2.0,37.5,2.5,0.97
B_screening_plus_countermeasures,Norovirus,molecular,High-throughput molecular screening,2,2x,2.0,low_resource,300000,365,37294122.171471864,37294122.171471864,-400000.0000000149,28288271.798478395,6011257.757176587,2121620.3848858587,1272972.2309315163,1571529.7578238724,7.071883910207081,175156876.10017076,212450998.27164263,21,23,1.75,0.00075,2.0,37.5,5.0,0.97
B_screening_plus_countermeasures,Norovirus,molecular,High-throughput molecular screening,2,2x,2.0,base_case,3500000,365,59924739.61025506,59924739.61025506,-400000.0000000149,28288271.798478395,6011257.757176587,24752237.823668405,1272972.2309315163,1571529.7578238724,7.071883910207081,237039679.2391739,296964418.84942895,21,23,1.75,0.00075,2.0,37.5,5.0,0.97
B_screening_plus_countermeasures,Norovirus,molecular,High-throughput molecular screening,2,2x,2.0,high_income,11600000,365,117208490.00217235,117208490.00217235,-400000.0000000149,28288271.798478395,6011257.757176587,82035988.21558619,1272972.2309315163,1571529.7578238724,7.071883910207081,393680524.6847756,510889014.68694794,21,23,1.75,0.00075,2.0,37.5,5.0,0.97
B_screening_plus_countermeasures,Norovirus,molecular,High-throughput molecular screening,5,0.1x,0.1,low_resource,300000,365,82841960.64982542,82841960.64982542,-1000000.0000000298,62920795.98485967,13370669.146782704,4719059.698864486,2831435.819318692,3496079.926636277,15.732359669863733,90827846.34563541,173669806.99546084,21,26,1.75,0.00075,2.0,37.5,0.25000000000000006,0.97
B_screening_plus_countermeasures,Norovirus,molecular,High-throughput molecular screening,5,0.1x,0.1,base_case,3500000,365,133178597.43771324,133178597.43771324,-1000000.0000000298,62920795.98485967,13370669.146782704,55055696.48675233,2831435.819318692,3496079.926636277,15.732359669863733,102081588.4687823,235260185.90649554,21,26,1.75,0.00075,2.0,37.5,0.25000000000000006,0.97
B_screening_plus_countermeasures,Norovirus,molecular,High-throughput molecular screening,5,0.1x,0.1,high_income,11600000,365,260593209.30705464,260593209.30705464,-1000000.0000000298,62920795.98485967,13370669.146782704,182470308.35609335,2831435.819318692,3496079.926636277,15.732359669863733,130567623.21799816,391160832.5250528,21,26,1.75,0.00075,2.0,37.5,0.25000000000000006,0.97
B_screening_plus_countermeasures,Norovirus,molecular,High-throughput molecular screening,5,0.5x,0.5,low_resource,300000,365,82442342.7221329,82442342.7221329,-1000000.0000000298,62620895.10103793,13306940.208970582,4696567.132577844,2817940.279546708,3479014.471232949,15.655565120547971,129844031.55050705,212286374.27263996,21,26,1.75,0.00075,2.0,37.5,1.25,0.97
B_screening_plus_countermeasures,Norovirus,molecular,High-throughput molecular screening,5,0.5x,0.5,base_case,3500000,365,132539058.80296314,132539058.80296314,-1000000.0000000298,62620895.10103793,13306940.208970582,54793283.21340827,2817940.279546708,3479014.471232949,15.655565120547971,164522125.01616615,297061183.8191293,21,26,1.75,0.00075,2.0,37.5,1.25,0.97
B_screening_plus_countermeasures,Norovirus,molecular,High-throughput molecular screening,5,0.5x,0.5,high_income,11600000,365,259346371.38256463,259346371.38256463,-1000000.0000000298,62620895.10103793,13306940.208970582,181600595.79301018,2817940.279546708,3479014.471232949,15.655565120547971,252301049.10111585,511647420.4836805,21,26,1.75,0.00075,2.0,37.5,1.25,0.97
B_screening_plus_countermeasures,Norovirus,molecular,High-throughput molecular screening,5,1x,1.0,low_resource,300000,365,69546445.24601713,69546445.24601713,-1000000.0000000298,52942923.26155125,11250371.193079645,3970719.24461634,2382431.546769805,2941274.683923498,13.235736077655407,152735876.01765242,222282321.26366955,21,26,1.75,0.00075,2.0,37.5,2.5,0.97
B_screening_plus_countermeasures,Norovirus,molecular,High-throughput molecular screening,5,1x,1.0,base_case,3500000,365,111900783.85525835,111900783.85525835,-1000000.0000000298,52942923.26155125,11250371.193079645,46325057.85385728,2382431.546769805,2941274.683923498,13.235736077655407,201157665.97390538,313058449.82916373,21,26,1.75,0.00075,2.0,37.5,2.5,0.97
B_screening_plus_countermeasures,Norovirus,molecular,High-throughput molecular screening,5,1x,1.0,high_income,11600000,365,219110203.4599005,219110203.4599005,-1000000.0000000298,52942923.26155125,11250371.193079645,153534477.45849836,2382431.546769805,2941274.683923498,13.235736077655407,323725321.8006704,542835525.2605709,21,26,1.75,0.00075,2.0,37.5,2.5,0.97
B_screening_plus_countermeasures,Norovirus,molecular,High-throughput molecular screening,5,2x,2.0,low_resource,300000,365,54045451.617100745,54045451.617100745,-1000000.0000000298,41309907.4049537,8778355.323552622,3098243.0553715136,1858945.8332229177,2294975.410111394,10.327389345500936,175156876.10017076,229202327.7172715,21,26,1.75,0.00075,2.0,37.5,5.0,0.97
B_screening_plus_countermeasures,Norovirus,molecular,High-throughput molecular screening,5,2x,2.0,base_case,3500000,365,87093377.54106349,87093377.54106349,-1000000.0000000298,41309907.4049537,8778355.323552622,36146168.97933434,1858945.8332229177,2294975.410111394,10.327389345500936,237039679.2391739,324133056.7802374,21,26,1.75,0.00075,2.0,37.5,5.0,0.97
B_screening_plus_countermeasures,Norovirus,molecular,High-throughput molecular screening,5,2x,2.0,high_income,11600000,365,170745940.03609383,170745940.03609383,-1000000.0000000298,41309907.4049537,8778355.323552622,119798731.47436559,1858945.8332229177,2294975.410111394,10.327389345500936,393680524.6847756,564426464.7208694,21,26,1.75,0.00075,2.0,37.5,5.0,0.97
B_screening_plus_countermeasures,Norovirus,molecular,High-throughput molecular screening,10,0.1x,0.1,low_resource,300000,365,126066745.24895695,126066745.24895695,-2000000.0,96110127.76657173,20423402.150396504,7208259.582492873,4324955.749495726,5340483.392868492,24.032175267908386,90827846.34563541,216894591.59459236,21,31,1.75,0.00075,2.0,37.5,0.25000000000000006,0.97
B_screening_plus_countermeasures,Norovirus,molecular,High-throughput molecular screening,10,0.1x,0.1,base_case,3500000,365,202954847.4622144,202954847.4622144,-2000000.0,96110127.76657173,20423402.150396504,84096361.79575026,4324955.749495726,5340483.392868492,24.032175267908386,102081588.4687823,305036435.9309967,21,31,1.75,0.00075,2.0,37.5,0.25000000000000006,0.97
B_screening_plus_countermeasures,Norovirus,molecular,High-throughput molecular screening,10,0.1x,0.1,high_income,11600000,365,397577856.1895218,397577856.1895218,-2000000.0,96110127.76657173,20423402.150396504,278719370.52305794,4324955.749495726,5340483.392868492,24.032175267908386,130567623.21799816,528145479.40751994,21,31,1.75,0.00075,2.0,37.5,0.25000000000000006,0.97
B_screening_plus_countermeasures,Norovirus,molecular,High-throughput molecular screening,10,0.5x,0.5,low_resource,300000,365,102270863.8784451,102270863.8784451,-2000000.0,78252055.44348618,16628561.781740805,5868904.15826145,3521342.4949568613,4347614.950632058,19.564267277843882,129844031.55050705,232114895.42895216,21,31,1.75,0.00075,2.0,37.5,1.25,0.97
B_screening_plus_countermeasures,Norovirus,molecular,High-throughput molecular screening,10,0.5x,0.5,base_case,3500000,365,164872508.23323405,164872508.23323405,-2000000.0,78252055.44348618,16628561.781740805,68470548.5130504,3521342.4949568613,4347614.950632058,19.564267277843882,164522125.01616615,329394633.2494002,21,31,1.75,0.00075,2.0,37.5,1.25,0.97
B_screening_plus_countermeasures,Norovirus,molecular,High-throughput molecular screening,10,0.5x,0.5,high_income,11600000,365,323332920.5062927,323332920.5062927,-2000000.0,78252055.44348618,16628561.781740805,226930960.7861094,3521342.4949568613,4347614.950632058,19.564267277843882,252301049.10111585,575633969.6074085,21,31,1.75,0.00075,2.0,37.5,1.25,0.97
B_screening_plus_countermeasures,Norovirus,molecular,High-throughput molecular screening,10,1x,1.0,low_resource,300000,365,82627771.61202526,82627771.61202526,-2000000.0,63510522.7857601,13495986.09197404,4763289.208932015,2857973.525359199,3528495.2659604857,15.878228696821871,152735876.01765242,235363647.62967768,21,31,1.75,0.00075,2.0,37.5,2.5,0.97
B_screening_plus_countermeasures,Norovirus,molecular,High-throughput molecular screening,10,1x,1.0,base_case,3500000,365,133436189.84063351,133436189.84063351,-2000000.0,63510522.7857601,13495986.09197404,55571707.43754016,2857973.525359199,3528495.2659604857,15.878228696821871,201157665.97390538,334593855.8145389,21,31,1.75,0.00075,2.0,37.5,2.5,0.97
B_screening_plus_countermeasures,Norovirus,molecular,High-throughput molecular screening,10,1x,1.0,high_income,11600000,365,262044998.4817977,262044998.4817977,-2000000.0,63510522.7857601,13495986.09197404,184180516.07870436,2857973.525359199,3528495.2659604857,15.878228696821871,323725321.8006704,585770320.2824681,21,31,1.75,0.00075,2.0,37.5,2.5,0.97
B_screening_plus_countermeasures,Norovirus,molecular,High-throughput molecular screening,10,2x,2.0,low_resource,300000,365,62351460.88235378,62351460.88235378,-2000000.0,48293779.273811296,10262428.095684895,3622033.445535846,2173220.0673215115,2683053.3191867284,12.073739936339887,175156876.10017076,237508336.98252454,21,31,1.75,0.00075,2.0,37.5,5.0,0.97
B_screening_plus_countermeasures,Norovirus,molecular,High-throughput molecular screening,10,2x,2.0,base_case,3500000,365,100986484.30140269,100986484.30140269,-2000000.0,48293779.273811296,10262428.095684895,42257056.86458492,2173220.0673215115,2683053.3191867284,12.073739936339887,237039679.2391739,338026163.5405766,21,31,1.75,0.00075,2.0,37.5,5.0,0.97
B_screening_plus_countermeasures,Norovirus,molecular,High-throughput molecular screening,10,2x,2.0,high_income,11600000,365,198781387.3308704,198781387.3308704,-2000000.0,48293779.273811296,10262428.095684895,140051959.89405346,2173220.0673215115,2683053.3191867284,12.073739936339887,393680524.6847756,592461912.015646,21,31,1.75,0.00075,2.0,37.5,5.0,0.97
B_screening_plus_countermeasures,Norovirus,molecular,High-throughput molecular screening,14,0.1x,0.1,low_resource,300000,365,139863816.87343276,139863816.87343276,-2799999.99999997,107064778.14141291,22751265.35505023,8029858.360605963,4817915.016363575,5949454.338081498,26.772544521366903,90827846.34563541,230691663.21906817,21,35,1.75,0.00075,2.0,37.5,0.25000000000000006,0.97
B_screening_plus_countermeasures,Norovirus,molecular,High-throughput molecular screening,14,0.1x,0.1,base_case,3500000,365,225515639.38656336,225515639.38656336,-2799999.99999997,107064778.14141291,22751265.35505023,93681680.87373611,4817915.016363575,5949454.338081498,26.772544521366903,102081588.4687823,327597227.85534567,21,35,1.75,0.00075,2.0,37.5,0.25000000000000006,0.97
B_screening_plus_countermeasures,Norovirus,molecular,High-throughput molecular screening,14,0.1x,0.1,high_income,11600000,365,442321815.1229236,442321815.1229236,-2799999.99999997,107064778.14141291,22751265.35505023,310487856.61009765,4817915.016363575,5949454.338081498,26.772544521366903,130567623.21799816,572889438.3409218,21,35,1.75,0.00075,2.0,37.5,0.25000000000000006,0.97
B_screening_plus_countermeasures,Norovirus,molecular,High-throughput molecular screening,14,0.5x,0.5,low_resource,300000,365,107046974.4148088,107046974.4148088,-2799999.99999997,82436753.7822203,17517810.178721853,6182756.533666547,3709653.9201999092,4580238.70849195,20.611074188213415,129844031.55050705,236891005.96531585,21,35,1.75,0.00075,2.0,37.5,1.25,0.97
B_screening_plus_countermeasures,Norovirus,molecular,High-throughput molecular screening,14,0.5x,0.5,base_case,3500000,365,172996377.4405852,172996377.4405852,-2799999.99999997,82436753.7822203,17517810.178721853,72132159.559443,3709653.9201999092,4580238.70849195,20.611074188213415,164522125.01616615,337518502.45675135,21,35,1.75,0.00075,2.0,37.5,1.25,0.97
B_screening_plus_countermeasures,Norovirus,molecular,High-throughput molecular screening,14,0.5x,0.5,high_income,11600000,365,339930803.84958076,339930803.84958076,-2799999.99999997,82436753.7822203,17517810.178721853,239066585.96843934,3709653.9201999092,4580238.70849195,20.611074188213415,252301049.10111585,592231852.9506966,21,35,1.75,0.00075,2.0,37.5,1.25,0.97
B_screening_plus_countermeasures,Norovirus,molecular,High-throughput molecular screening,14,1x,1.0,low_resource,300000,365,85426843.93972379,85426843.93972379,-2799999.99999997,66211515.15176258,14069946.96974955,4965863.636382186,2979518.1818293263,3678640.3686597347,16.5538816589685,152735876.01765242,238162719.9573762,21,35,1.75,0.00075,2.0,37.5,2.5,0.97
B_screening_plus_countermeasures,Norovirus,molecular,High-throughput molecular screening,14,1x,1.0,base_case,3500000,365,138396056.06113338,138396056.06113338,-2799999.99999997,66211515.15176258,14069946.96974955,57935075.75779222,2979518.1818293263,3678640.3686597347,16.5538816589685,201157665.97390538,339553722.03503877,21,35,1.75,0.00075,2.0,37.5,2.5,0.97
B_screening_plus_countermeasures,Norovirus,molecular,High-throughput molecular screening,14,1x,1.0,high_income,11600000,365,272474374.24345446,272474374.24345446,-2799999.99999997,66211515.15176258,14069946.96974955,192013393.94011152,2979518.1818293263,3678640.3686597347,16.5538816589685,323725321.8006704,596199696.0441248,21,35,1.75,0.00075,2.0,37.5,2.5,0.97
B_screening_plus_countermeasures,Norovirus,molecular,High-throughput molecular screening,14,2x,2.0,low_resource,300000,365,63867642.72699216,63867642.72699216,-2799999.99999997,50032002.04652339,10631800.434886219,3752400.1534892432,2251440.092093549,2779678.330639229,12.508552487876198,175156876.10017076,239024518.82716292,21,35,1.75,0.00075,2.0,37.5,5.0,0.97
B_screening_plus_countermeasures,Norovirus,molecular,High-throughput molecular screening,14,2x,2.0,base_case,3500000,365,103893244.3642112,103893244.3642112,-2799999.99999997,50032002.04652339,10631800.434886219,43778001.79070799,2251440.092093549,2779678.330639229,12.508552487876198,237039679.2391739,340932923.6033851,21,35,1.75,0.00075,2.0,37.5,5.0,0.97
B_screening_plus_countermeasures,Norovirus,molecular,High-throughput molecular screening,14,2x,2.0,high_income,11600000,365,205208048.50842035,205208048.50842035,-2799999.99999997,50032002.04652339,10631800.434886219,145092805.93491775,2251440.092093549,2779678.330639229,12.508552487876198,393680524.6847756,598888573.1931959,21,35,1.75,0.00075,2.0,37.5,5.0,0.97
B_screening_plus_countermeasures,Ebola,rapid,Rapid Antigen Test (RAT),2,0.1x,0.1,low_resource,300000,365,3962235.5456946045,3962235.5456946045,-249999.99999999255,388601.10835057497,82577.7355244977,3546756.1476441287,194300.55417528702,22.87303942599891,11.836797902954487,83212423.79632065,87174659.34201525,21,23,1.6,57.49999999999999,10.5,67.5,0.01,0.675
B_screening_plus_countermeasures,Ebola,rapid,Rapid Antigen Test (RAT),2,0.1x,0.1,base_case,3500000,365,41794301.12056565,41794301.12056565,-249999.99999999255,388601.10835057497,82577.7355244977,41378821.722515225,194300.55417528702,22.87303942599891,11.836797902954487,425948369.05424374,467742670.1748094,21,23,1.6,57.49999999999999,10.5,67.5,0.01,0.675
B_screening_plus_countermeasures,Ebola,rapid,Rapid Antigen Test (RAT),2,0.1x,0.1,high_income,11600000,365,137556717.10695577,137556717.10695577,-249999.99999999255,388601.10835057497,82577.7355244977,137141237.7089076,194300.55417528702,22.87303942599891,11.836797902954487,1293498730.4883623,1431055447.595318,21,23,1.6,57.49999999999999,10.5,67.5,0.01,0.675
B_screening_plus_countermeasures,Ebola,rapid,Rapid Antigen Test (RAT),2,0.5x,0.5,low_resource,300000,365,20807501.591214627,20807501.591214627,-249999.99999999255,1942666.3985598087,412816.6096939575,17730685.38368088,971333.1992799025,114.34505953684697,59.17356831031714,235843699.91506648,256651201.5062811,21,23,1.6,57.49999999999999,10.5,67.5,0.05,0.675
B_screening_plus_countermeasures,Ebola,rapid,Rapid Antigen Test (RAT),2,0.5x,0.5,base_case,3500000,365,209934812.3504789,209934812.3504789,-249999.99999999255,1942666.3985598087,412816.6096939575,206857996.1429429,971333.1992799025,114.34505953684697,59.17356831031714,1949432814.2942717,2159367626.6447506,21,23,1.6,57.49999999999999,10.5,67.5,0.05,0.675
B_screening_plus_countermeasures,Ebola,rapid,Rapid Antigen Test (RAT),2,0.5x,0.5,high_income,11600000,365,688663317.7098551,688663317.7098551,-249999.99999999255,1942666.3985598087,412816.6096939575,685586501.5023232,971333.1992799025,114.34505953684697,59.17356831031714,6286955260.066632,6975618577.776487,21,23,1.6,57.49999999999999,10.5,67.5,0.05,0.675
B_screening_plus_countermeasures,Ebola,rapid,Rapid Antigen Test (RAT),2,1x,1.0,low_resource,300000,365,41855816.56401378,41855816.56401378,-249999.99999999255,3884485.282763131,825453.1225871546,35453635.51728237,1942242.6413815618,228.63979560040434,118.32109422320696,426610101.4577178,468465918.02173156,21,23,1.6,57.49999999999999,10.5,67.5,0.1,0.675
B_screening_plus_countermeasures,Ebola,rapid,Rapid Antigen Test (RAT),2,1x,1.0,base_case,3500000,365,420027928.7483511,420027928.7483511,-249999.99999999255,3884485.282763131,825453.1225871546,413625747.70162535,1942242.6413815618,228.63979560040434,118.32109422320696,3853561855.307692,4273589784.056043,21,23,1.6,57.49999999999999,10.5,67.5,0.1,0.675
B_screening_plus_countermeasures,Ebola,rapid,Rapid Antigen Test (RAT),2,1x,1.0,high_income,11600000,365,1377276087.714981,1377276087.714981,-249999.99999999255,3884485.282763131,825453.1225871546,1370873906.6682453,1942242.6413815618,228.63979560040434,118.32109422320696,12528033482.240421,13905309569.955402,21,23,1.6,57.49999999999999,10.5,67.5,0.1,0.675
B_screening_plus_countermeasures,Ebola,rapid,Rapid Antigen Test (RAT),2,2x,2.0,low_resource,300000,365,83924911.60652661,83924911.60652661,-249999.99999999255,7765582.810069218,1650186.3471397255,70876351.04428256,3882791.4050346166,457.0784346944938,236.53808995439476,808067297.7664173,891992209.3729439,21,23,1.6,57.49999999999999,10.5,67.5,0.2,0.675
B_screening_plus_countermeasures,Ebola,rapid,Rapid Antigen Test (RAT),2,2x,2.0,base_case,3500000,365,839939322.7455435,839939322.7455435,-249999.99999999255,7765582.810069218,1650186.3471397255,826890762.1833143,3882791.4050346166,457.0784346944938,236.53808995439476,7661065270.590995,8501004593.336538,21,23,1.6,57.49999999999999,10.5,67.5,0.2,0.675
B_screening_plus_countermeasures,Ebola,rapid,Rapid Antigen Test (RAT),2,2x,2.0,high_income,11600000,365,2753600800.9411583,2753600800.9411583,-249999.99999999255,7765582.810069218,1650186.3471397255,2740552240.3789406,3882791.4050346166,457.0784346944938,236.53808995439476,25007716389.303223,27761317190.24438,21,23,1.6,57.49999999999999,10.5,67.5,0.2,0.675
B_screening_plus_countermeasures,Ebola,rapid,Rapid Antigen Test (RAT),5,0.1x,0.1,low_resource,300000,365,10997732.004999042,10997732.004999042,-624999.9999999925,1072258.778078292,227854.99034163554,9786488.847539905,536129.3890391455,63.12024880968036,32.66472875900968,83212423.79632065,94210155.80131969,21,26,1.6,57.49999999999999,10.5,67.5,0.01,0.675
B_screening_plus_countermeasures,Ebola,rapid,Rapid Antigen Test (RAT),5,0.1x,0.1,base_case,3500000,365,115386946.37875813,115386946.37875813,-624999.9999999925,1072258.778078292,227854.99034163554,114175703.22129971,536129.3890391455,63.12024880968036,32.66472875900968,425948369.05424374,541335315.4330019,21,26,1.6,57.49999999999999,10.5,67.5,0.01,0.675
B_screening_plus_countermeasures,Ebola,rapid,Rapid Antigen Test (RAT),5,0.1x,0.1,high_income,11600000,365,379622145.2623341,379622145.2623341,-624999.9999999925,1072258.778078292,227854.99034163554,378410902.1048765,536129.3890391455,63.12024880968036,32.66472875900968,1293498730.4883623,1673120875.7506964,21,26,1.6,57.49999999999999,10.5,67.5,0.01,0.675
B_screening_plus_countermeasures,Ebola,rapid,Rapid Antigen Test (RAT),5,0.5x,0.5,low_resource,300000,365,57476889.63017887,57476889.63017887,-624999.9999999925,5360208.008934546,1139044.2018985902,48922533.41487858,2680104.004467273,315.53682182655257,163.29030529523868,235843699.91506648,293320589.54524535,21,26,1.6,57.49999999999999,10.5,67.5,0.05,0.675
B_screening_plus_countermeasures,Ebola,rapid,Rapid Antigen Test (RAT),5,0.5x,0.5,base_case,3500000,365,579317246.0555522,579317246.0555522,-624999.9999999925,5360208.008934546,1139044.2018985902,570762889.8402498,2680104.004467273,315.53682182655257,163.29030529523868,1949432814.2942717,2528750060.349824,21,26,1.6,57.49999999999999,10.5,67.5,0.05,0.675
B_screening_plus_countermeasures,Ebola,rapid,Rapid Antigen Test (RAT),5,0.5x,0.5,high_income,11600000,365,1900225648.2572775,1900225648.2572775,-624999.9999999925,5360208.008934546,1139044.2018985902,1891671292.041977,2680104.004467273,315.53682182655257,163.29030529523868,6286955260.066632,8187180908.32391,21,26,1.6,57.49999999999999,10.5,67.5,0.05,0.675
B_screening_plus_countermeasures,Ebola,rapid,Rapid Antigen Test (RAT),5,1x,1.0,low_resource,300000,365,115549367.1883297,115549367.1883297,-624999.9999999925,10717702.597960643,2277511.8020666083,97820301.48932278,5358851.298980322,630.9126646299019,326.4973039459694,426610101.4577178,542159468.6460475,21,26,1.6,57.49999999999999,10.5,67.5,0.1,0.675
B_screening_plus_countermeasures,Ebola,rapid,Rapid Antigen Test (RAT),5,1x,1.0,base_case,3500000,365,1158965916.407764,1158965916.407764,-624999.9999999925,10717702.597960643,2277511.8020666083,1141236850.7087593,5358851.298980322,630.9126646299019,326.4973039459694,3853561855.307692,5012527771.715456,21,26,1.6,57.49999999999999,10.5,67.5,0.1,0.675
B_screening_plus_countermeasures,Ebola,rapid,Rapid Antigen Test (RAT),5,1x,1.0,high_income,11600000,365,3800114056.619499,3800114056.619499,-624999.9999999925,10717702.597960643,2277511.8020666083,3782384990.9204636,5358851.298980322,630.9126646299019,326.4973039459694,12528033482.240421,16328147538.85992,21,26,1.6,57.49999999999999,10.5,67.5,0.1,0.675
B_screening_plus_countermeasures,Ebola,rapid,Rapid Antigen Test (RAT),5,2x,2.0,low_resource,300000,365,231606178.85846782,231606178.85846782,-624999.9999999925,21424560.07480508,4552719.015896093,195541619.73036325,10712280.037402548,1261.181923362261,652.6616453399597,808067297.7664173,1039673476.6248851,21,26,1.6,57.49999999999999,10.5,67.5,0.2,0.675
B_screening_plus_countermeasures,Ebola,rapid,Rapid Antigen Test (RAT),5,2x,2.0,base_case,3500000,365,2317383455.982354,2317383455.982354,-624999.9999999925,21424560.07480508,4552719.015896093,2281318896.854246,10712280.037402548,1261.181923362261,652.6616453399597,7661065270.590995,9978448726.573349,21,26,1.6,57.49999999999999,10.5,67.5,0.2,0.675
B_screening_plus_countermeasures,Ebola,rapid,Rapid Antigen Test (RAT),5,2x,2.0,high_income,11600000,365,7597007188.702156,7597007188.702156,-624999.9999999925,21424560.07480508,4552719.015896093,7560942629.574108,10712280.037402548,1261.181923362261,652.6616453399597,25007716389.303223,32604723578.00538,21,26,1.6,57.49999999999999,10.5,67.5,0.2,0.675
B_screening_plus_countermeasures,Ebola,rapid,Rapid Antigen Test (RAT),10,0.1x,0.1,low_resource,300000,365,26254945.078664824,26254945.078664824,-1250000.0,2537477.3150129286,539213.9294402477,23159515.176705267,1268738.6575064643,149.4068823684752,77.318061625686,83212423.79632065,109467368.87498547,21,31,1.6,57.49999999999999,10.5,67.5,0.01,0.675
B_screening_plus_countermeasures,Ebola,rapid,Rapid Antigen Test (RAT),10,0.1x,0.1,base_case,3500000,365,273289773.6301878,273289773.6301878,-1250000.0,2537477.3150129286,539213.9294402477,270194343.7282284,1268738.6575064643,149.4068823684752,77.318061625686,425948369.05424374,699238142.6844316,21,31,1.6,57.49999999999999,10.5,67.5,0.01,0.675
B_screening_plus_countermeasures,Ebola,rapid,Rapid Antigen Test (RAT),10,0.1x,0.1,high_income,11600000,365,898596683.4012289,898596683.4012289,-1250000.0,2537477.3150129286,539213.9294402477,895501253.4992702,1268738.6575064643,149.4068823684752,77.318061625686,1293498730.4883623,2192095413.889591,21,31,1.6,57.49999999999999,10.5,67.5,0.01,0.675
B_screening_plus_countermeasures,Ebola,rapid,Rapid Antigen Test (RAT),10,0.5x,0.5,low_resource,300000,365,136238370.6860491,136238370.6860491,-1250000.0,12684032.660168897,2695356.940285886,115766964.75550926,6342016.330084451,746.8356670852813,386.48745771663016,235843699.91506648,372082070.6011156,21,31,1.6,57.49999999999999,10.5,67.5,0.05,0.675
B_screening_plus_countermeasures,Ebola,rapid,Rapid Antigen Test (RAT),10,0.5x,0.5,base_case,3500000,365,1371085994.744816,1371085994.744816,-1250000.0,12684032.660168897,2695356.940285886,1350614588.8142755,6342016.330084451,746.8356670852813,386.48745771663016,1949432814.2942717,3320518809.039088,21,31,1.6,57.49999999999999,10.5,67.5,0.05,0.675
B_screening_plus_countermeasures,Ebola,rapid,Rapid Antigen Test (RAT),10,0.5x,0.5,high_income,11600000,365,4496794043.143586,4496794043.143586,-1250000.0,12684032.660168897,2695356.940285886,4476322637.213041,6342016.330084451,746.8356670852813,386.48745771663016,6286955260.066632,10783749303.210218,21,31,1.6,57.49999999999999,10.5,67.5,0.05,0.675
B_screening_plus_countermeasures,Ebola,rapid,Rapid Antigen Test (RAT),10,1x,1.0,low_resource,300000,365,273635911.7709633,273635911.7709633,-1250000.0,25359685.807063006,5388933.234000868,231457449.82636803,12679842.903531503,1493.1747860971964,772.7179518052926,426610101.4577178,700246013.2286811,21,31,1.6,57.49999999999999,10.5,67.5,0.1,0.675
B_screening_plus_countermeasures,Ebola,rapid,Rapid Antigen Test (RAT),10,1x,1.0,base_case,3500000,365,2742515376.5855556,2742515376.5855556,-1250000.0,25359685.807063006,5388933.234000868,2700336914.640958,12679842.903531503,1493.1747860971964,772.7179518052926,3853561855.307692,6596077231.893248,21,31,1.6,57.49999999999999,10.5,67.5,0.1,0.675
B_screening_plus_countermeasures,Ebola,rapid,Rapid Antigen Test (RAT),10,1x,1.0,high_income,11600000,365,8991866521.897522,8991866521.897522,-1250000.0,25359685.807063006,5388933.234000868,8949688059.952885,12679842.903531503,1493.1747860971964,772.7179518052926,12528033482.240421,21519900004.137943,21,31,1.6,57.49999999999999,10.5,67.5,0.1,0.675
B_screening_plus_countermeasures,Ebola,rapid,Rapid Antigen Test (RAT),10,2x,2.0,low_resource,300000,365,548158886.0627716,548158886.0627716,-1250000.0,50685888.703416675,10770751.349476054,462609301.65816903,25342944.351708345,2984.365470980878,1544.4091312325895,808067297.7664173,1356226183.8291888,21,31,1.6,57.49999999999999,10.5,67.5,0.2,0.675
B_screening_plus_countermeasures,Ebola,rapid,Rapid Antigen Test (RAT),10,2x,2.0,base_case,3500000,365,5482658103.749917,5482658103.749917,-1250000.0,50685888.703416675,10770751.349476054,5397108519.345303,25342944.351708345,2984.365470980878,1544.4091312325895,7661065270.590995,13143723374.340912,21,31,1.6,57.49999999999999,10.5,67.5,0.2,0.675
B_screening_plus_countermeasures,Ebola,rapid,Rapid Antigen Test (RAT),10,2x,2.0,high_income,11600000,365,17973109248.5204,17973109248.5204,-1250000.0,50685888.703416675,10770751.349476054,17887559664.115818,25342944.351708345,2984.365470980878,1544.4091312325895,25007716389.303223,42980825637.82362,21,31,1.6,57.49999999999999,10.5,67.5,0.2,0.675
B_screening_plus_countermeasures,Ebola,rapid,Rapid Antigen Test (RAT),14,0.1x,0.1,low_resource,300000,365,42457090.106427774,42457090.106427774,-1750000.0000000075,4078338.930943891,866647.0228255807,37222934.68718627,2039169.4654719445,240.18390512268243,124.29517090098861,83212423.79632065,125669513.90274842,21,35,1.6,57.49999999999999,10.5,67.5,0.01,0.675
B_screening_plus_countermeasures,Ebola,rapid,Rapid Antigen Test (RAT),14,0.1x,0.1,base_case,3500000,365,439501726.7697483,439501726.7697483,-1750000.0000000075,4078338.930943891,866647.0228255807,434267571.3505071,2039169.4654719445,240.18390512268243,124.29517090098861,425948369.05424374,865450095.823992,21,35,1.6,57.49999999999999,10.5,67.5,0.01,0.675
B_screening_plus_countermeasures,Ebola,rapid,Rapid Antigen Test (RAT),14,0.1x,0.1,high_income,11600000,365,1444520963.3237762,1444520963.3237762,-1750000.0000000075,4078338.930943891,866647.0228255807,1439286807.9045367,2039169.4654719445,240.18390512268243,124.29517090098861,1293498730.4883623,2738019693.8121386,21,35,1.6,57.49999999999999,10.5,67.5,0.01,0.675
B_screening_plus_countermeasures,Ebola,rapid,Rapid Antigen Test (RAT),14,0.5x,0.5,low_resource,300000,365,219212230.42366797,219212230.42366797,-1750000.0000000075,20384939.71070062,4331799.688523889,186053021.1690926,10192469.85535031,1200.5195263897692,621.2688549067026,235843699.91506648,455055930.33873445,21,35,1.6,57.49999999999999,10.5,67.5,0.05,0.675
B_screening_plus_countermeasures,Ebola,rapid,Rapid Antigen Test (RAT),14,0.5x,0.5,base_case,3500000,365,2203777789.5606585,2203777789.5606585,-1750000.0000000075,20384939.71070062,4331799.688523889,2170618580.3060827,10192469.85535031,1200.5195263897692,621.2688549067026,1949432814.2942717,4153210603.85493,21,35,1.6,57.49999999999999,10.5,67.5,0.05,0.675
B_screening_plus_countermeasures,Ebola,rapid,Rapid Antigen Test (RAT),14,0.5x,0.5,high_income,11600000,365,7227209361.126174,7227209361.126174,-1750000.0000000075,20384939.71070062,4331799.688523889,7194050151.871593,10192469.85535031,1200.5195263897692,621.2688549067026,6286955260.066632,13514164621.192806,21,35,1.6,57.49999999999999,10.5,67.5,0.05,0.675
B_screening_plus_countermeasures,Ebola,rapid,Rapid Antigen Test (RAT),14,1x,1.0,low_resource,300000,365,439991558.4453391,439991558.4453391,-1750000.0000000075,40753005.7030718,8660013.711902745,371952036.1788297,20376502.8515359,2400.039865457205,1242.0206303740958,426610101.4577178,866601659.9030569,21,35,1.6,57.49999999999999,10.5,67.5,0.1,0.675
B_screening_plus_countermeasures,Ebola,rapid,Rapid Antigen Test (RAT),14,1x,1.0,base_case,3500000,365,4407479944.352848,4407479944.352848,-1750000.0000000075,40753005.7030718,8660013.711902745,4339440422.086338,20376502.8515359,2400.039865457205,1242.0206303740958,3853561855.307692,8261041799.660541,21,35,1.6,57.49999999999999,10.5,67.5,0.1,0.675
B_screening_plus_countermeasures,Ebola,rapid,Rapid Antigen Test (RAT),14,1x,1.0,high_income,11600000,365,14450184921.181236,14450184921.181236,-1750000.0000000075,40753005.7030718,8660013.711902745,14382145398.91475,20376502.8515359,2400.039865457205,1242.0206303740958,12528033482.240421,26978218403.421658,21,35,1.6,57.49999999999999,10.5,67.5,0.1,0.675
B_screening_plus_countermeasures,Ebola,rapid,Rapid Antigen Test (RAT),14,2x,2.0,low_resource,300000,365,881002491.1351466,881002491.1351466,-1750000.0000000075,81438607.2984413,17305704.050918814,743288876.1365669,40719303.649220645,4796.088375854742,2481.9757345048197,808067297.7664173,1689069788.901564,21,35,1.6,57.49999999999999,10.5,67.5,0.2,0.675
B_screening_plus_countermeasures,Ebola,rapid,Rapid Antigen Test (RAT),14,2x,2.0,base_case,3500000,365,8809417169.925209,8809417169.925209,-1750000.0000000075,81438607.2984413,17305704.050918814,8671703554.926624,40719303.649220645,4796.088375854742,2481.9757345048197,7661065270.590995,16470482440.516205,21,35,1.6,57.49999999999999,10.5,67.5,0.2,0.675
B_screening_plus_countermeasures,Ebola,rapid,Rapid Antigen Test (RAT),14,2x,2.0,high_income,11600000,365,28878216825.61257,28878216825.61257,-1750000.0000000075,81438607.2984413,17305704.050918814,28740503210.61395,40719303.649220645,4796.088375854742,2481.9757345048197,25007716389.303223,53885933214.915794,21,35,1.6,57.49999999999999,10.5,67.5,0.2,0.675
B_screening_plus_countermeasures,Ebola,lab,Laboratory PCR,2,0.1x,0.1,low_resource,300000,365,2375886.299612701,2375886.299612701,-1999999.9999999404,403698.75986255246,85785.98647079204,3684552.173348693,201849.37993127623,23.758799490352494,12.29517873625799,365612948.4800528,367988834.7796655,21,23,1.6,57.49999999999999,10.5,67.5,0.01,0.97
B_screening_plus_countermeasures,Ebola,lab,Laboratory PCR,2,0.1x,0.1,base_case,3500000,365,41677776.1486662,41677776.1486662,-1999999.9999999404,403698.75986255246,85785.98647079204,42986442.02240137,201849.37993127623,23.758799490352494,12.29517873625799,412283250.1184356,453961026.2671018,21,23,1.6,57.49999999999999,10.5,67.5,0.01,0.97
B_screening_plus_countermeasures,Ebola,lab,Laboratory PCR,2,0.1x,0.1,high_income,11600000,365,141160684.82908058,141160684.82908058,-1999999.9999999404,403698.75986255246,85785.98647079204,142469350.70281583,201849.37993127623,23.758799490352494,12.29517873625799,530417451.14059305,671578135.9696736,21,23,1.6,57.49999999999999,10.5,67.5,0.01,0.97
B_screening_plus_countermeasures,Ebola,lab,Laboratory PCR,2,0.5x,0.5,low_resource,300000,365,19878499.24469763,19878499.24469763,-1999999.9999999404,2018407.793986463,428911.6562221254,18421975.897495534,1009203.896993231,118.78891306566882,61.47326251148523,386397819.06347126,406276318.3081689,21,23,1.6,57.49999999999999,10.5,67.5,0.05,0.97
B_screening_plus_countermeasures,Ebola,lab,Laboratory PCR,2,0.5x,0.5,base_case,3500000,365,216379575.48464942,216379575.48464942,-1999999.9999999404,2018407.793986463,428911.6562221254,214923052.1374481,1009203.896993231,118.78891306566882,61.47326251148523,619746804.3478448,836126379.8324943,21,23,1.6,57.49999999999999,10.5,67.5,0.05,0.97
B_screening_plus_countermeasures,Ebola,lab,Laboratory PCR,2,0.5x,0.5,high_income,11600000,365,713772924.7170286,713772924.7170286,-1999999.9999999404,2018407.793986463,428911.6562221254,712316401.3698292,1009203.896993231,118.78891306566882,61.47326251148523,1210411423.3489158,1924184348.0659444,21,23,1.6,57.49999999999999,10.5,67.5,0.05,0.97
B_screening_plus_countermeasures,Ebola,lab,Laboratory PCR,2,1x,1.0,low_resource,300000,365,41754668.0187732,41754668.0187732,-1999999.9999999404,4036600.5896764686,857777.6253062468,36841989.50895161,2018300.2948382343,237.5651160555122,122.93994755873038,412378275.33408844,454132943.35286164,21,23,1.6,57.49999999999999,10.5,67.5,0.1,0.97
B_screening_plus_countermeasures,Ebola,lab,Laboratory PCR,2,1x,1.0,base_case,3500000,365,434735889.4475906,434735889.4475906,-1999999.9999999404,4036600.5896764686,857777.6253062468,429823210.93777007,2018300.2948382343,237.5651160555122,122.93994755873038,879069939.2584834,1313805828.706074,21,23,1.6,57.49999999999999,10.5,67.5,0.1,0.97
B_screening_plus_countermeasures,Ebola,lab,Laboratory PCR,2,1x,1.0,high_income,11600000,365,1429469606.1892908,1429469606.1892908,-1999999.9999999404,4036600.5896764686,857777.6253062468,1424556927.6794715,2018300.2948382343,237.5651160555122,122.93994755873038,2060383213.5671055,3489852819.7563963,21,23,1.6,57.49999999999999,10.5,67.5,0.1,0.97
B_screening_plus_countermeasures,Ebola,lab,Laboratory PCR,2,2x,2.0,low_resource,300000,365,85500015.77777874,85500015.77777874,-1999999.9999999404,8072341.335871665,1715372.5338727303,73676131.24009822,4036170.6679358324,475.07940068881464,245.8535898564674,464337081.5209682,549837097.298747,21,23,1.6,57.49999999999999,10.5,67.5,0.2,0.97
B_screening_plus_countermeasures,Ebola,lab,Laboratory PCR,2,2x,2.0,base_case,3500000,365,871378749.0054963,871378749.0054963,-1999999.9999999404,8072341.335871665,1715372.5338727303,859554864.4678159,4036170.6679358324,475.07940068881464,245.8535898564674,1397695184.5677602,2269073933.5732565,21,23,1.6,57.49999999999999,10.5,67.5,0.2,0.97
B_screening_plus_countermeasures,Ebola,lab,Laboratory PCR,2,2x,2.0,high_income,11600000,365,2860634292.488152,2860634292.488152,-1999999.9999999404,8072341.335871665,1715372.5338727303,2848810407.950478,4036170.6679358324,475.07940068881464,245.8535898564674,3760257882.9049525,6620892175.393105,21,23,1.6,57.49999999999999,10.5,67.5,0.2,0.97
B_screening_plus_countermeasures,Ebola,lab,Laboratory PCR,5,0.1x,0.1,low_resource,300000,365,7031977.518727064,7031977.518727064,-4999999.99999994,1110013.8510074217,235877.94333907703,10131078.79887725,555006.9255037108,65.33484006585076,33.81077973407826,365612948.4800528,372644925.9987799,21,26,1.6,57.49999999999999,10.5,67.5,0.01,0.97
B_screening_plus_countermeasures,Ebola,lab,Laboratory PCR,5,0.1x,0.1,base_case,3500000,365,115096818.04008508,115096818.04008508,-4999999.99999994,1110013.8510074217,235877.94333907703,118195919.3202345,555006.9255037108,65.33484006585076,33.81077973407826,412283250.1184356,527380068.1585207,21,26,1.6,57.49999999999999,10.5,67.5,0.01,0.97
B_screening_plus_countermeasures,Ebola,lab,Laboratory PCR,5,0.1x,0.1,high_income,11600000,365,388635945.60977125,388635945.60977125,-4999999.99999994,1110013.8510074217,235877.94333907703,391735046.88992137,555006.9255037108,65.33484006585076,33.81077973407826,530417451.14059305,919053396.7503643,21,26,1.6,57.49999999999999,10.5,67.5,0.01,0.97
B_screening_plus_countermeasures,Ebola,lab,Laboratory PCR,5,0.5x,0.5,low_resource,300000,365,55155668.3739059,55155668.3739059,-4999999.99999994,5549680.009600533,1179307.0020401152,50651841.35746507,2774840.0048002666,326.65120908551455,169.04200070175068,386397819.06347126,441553487.43737715,21,26,1.6,57.49999999999999,10.5,67.5,0.05,0.97
B_screening_plus_countermeasures,Ebola,lab,Laboratory PCR,5,0.5x,0.5,base_case,3500000,365,595441976.1868687,595441976.1868687,-4999999.99999994,5549680.009600533,1179307.0020401152,590938149.1704288,2774840.0048002666,326.65120908551455,169.04200070175068,619746804.3478448,1215188780.5347135,21,26,1.6,57.49999999999999,10.5,67.5,0.05,0.97
B_screening_plus_countermeasures,Ebola,lab,Laboratory PCR,5,0.5x,0.5,high_income,11600000,365,1963041692.8384306,1963041692.8384306,-4999999.99999994,5549680.009600533,1179307.0020401152,1958537865.821985,2774840.0048002666,326.65120908551455,169.04200070175068,1210411423.3489158,3173453116.1873465,21,26,1.6,57.49999999999999,10.5,67.5,0.05,0.97
B_screening_plus_countermeasures,Ebola,lab,Laboratory PCR,5,1x,1.0,low_resource,300000,365,115300790.54731429,115300790.54731429,-4999999.99999994,11098387.07617402,2358407.2536869776,101294802.67936578,5549193.53808701,653.2449501627791,338.0542617092325,412378275.33408844,527679065.88140273,21,26,1.6,57.49999999999999,10.5,67.5,0.1,0.97
B_screening_plus_countermeasures,Ebola,lab,Laboratory PCR,5,1x,1.0,base_case,3500000,365,1195778685.7938845,1195778685.7938845,-4999999.99999994,11098387.07617402,2358407.2536869776,1181772697.9259338,5549193.53808701,653.2449501627791,338.0542617092325,879069939.2584834,2074848625.052368,21,26,1.6,57.49999999999999,10.5,67.5,0.1,0.97
B_screening_plus_countermeasures,Ebola,lab,Laboratory PCR,5,1x,1.0,high_income,11600000,365,3930738358.136758,3930738358.136758,-4999999.99999994,11098387.07617402,2358407.2536869776,3916732370.2688084,5549193.53808701,653.2449501627791,338.0542617092325,2060383213.5671055,5991121571.703863,21,26,1.6,57.49999999999999,10.5,67.5,0.1,0.97
B_screening_plus_countermeasures,Ebola,lab,Laboratory PCR,5,2x,2.0,low_resource,300000,365,235559409.2559842,235559409.2559842,-4999999.99999994,22192883.576177597,4715987.759937735,202554096.1317792,11096441.788088799,1306.2600991289532,675.9896012992212,464337081.5209682,699896490.7769524,21,26,1.6,57.49999999999999,10.5,67.5,0.2,0.97
B_screening_plus_countermeasures,Ebola,lab,Laboratory PCR,5,2x,2.0,base_case,3500000,365,2396136434.6616287,2396136434.6616287,-4999999.99999994,22192883.576177597,4715987.759937735,2363131121.537428,11096441.788088799,1306.2600991289532,675.9896012992212,1397695184.5677602,3793831619.229389,21,26,1.6,57.49999999999999,10.5,67.5,0.2,0.97
B_screening_plus_countermeasures,Ebola,lab,Laboratory PCR,5,2x,2.0,high_income,11600000,365,7865097030.219669,7865097030.219669,-4999999.99999994,22192883.576177597,4715987.759937735,7832091717.095467,11096441.788088799,1306.2600991289532,675.9896012992212,3760257882.9049525,11625354913.124622,21,26,1.6,57.49999999999999,10.5,67.5,0.2,0.97
B_screening_plus_countermeasures,Ebola,lab,Laboratory PCR,10,0.1x,0.1,low_resource,300000,365,18323868.050105333,18323868.050105333,-10000000.0,2613027.3099985844,555268.3033746994,23849058.78173315,1306513.654999292,153.83680393370878,79.6105460356949,365612948.4800528,383936816.53015816,21,31,1.6,57.49999999999999,10.5,67.5,0.01,0.97
B_screening_plus_countermeasures,Ebola,lab,Laboratory PCR,10,0.1x,0.1,base_case,3500000,365,272713828.38859296,272713828.38859296,-10000000.0,2613027.3099985844,555268.3033746994,278239019.12021935,1306513.654999292,153.83680393370878,79.6105460356949,412283250.1184356,684997078.5070286,21,31,1.6,57.49999999999999,10.5,67.5,0.01,0.97
B_screening_plus_countermeasures,Ebola,lab,Laboratory PCR,10,0.1x,0.1,high_income,11600000,365,916638415.4953883,916638415.4953883,-10000000.0,2613027.3099985844,555268.3033746994,922163606.2270143,1306513.654999292,153.83680393370878,79.6105460356949,530417451.14059305,1447055866.6359813,21,31,1.6,57.49999999999999,10.5,67.5,0.01,0.97
B_screening_plus_countermeasures,Ebola,lab,Laboratory PCR,10,0.5x,0.5,low_resource,300000,365,131600761.50479811,131600761.50479811,-10000000.0,13063422.561991978,2775977.2944232933,119229650.36738697,6531711.280995989,769.0828248379435,398.00036185363297,386397819.06347126,517998580.5682694,21,31,1.6,57.49999999999999,10.5,67.5,0.05,0.97
B_screening_plus_countermeasures,Ebola,lab,Laboratory PCR,10,0.5x,0.5,base_case,3500000,365,1403383698.7569265,1403383698.7569265,-10000000.0,13063422.561991978,2775977.2944232933,1391012587.6195152,6531711.280995989,769.0828248379435,398.00036185363297,619746804.3478448,2023130503.1047714,21,31,1.6,57.49999999999999,10.5,67.5,0.05,0.97
B_screening_plus_countermeasures,Ebola,lab,Laboratory PCR,10,0.5x,0.5,high_income,11600000,365,4622584258.676373,4622584258.676373,-10000000.0,13063422.561991978,2775977.2944232933,4610213147.538967,6531711.280995989,769.0828248379435,398.00036185363297,1210411423.3489158,5832995682.025289,21,31,1.6,57.49999999999999,10.5,67.5,0.05,0.97
B_screening_plus_countermeasures,Ebola,lab,Laboratory PCR,10,1x,1.0,low_resource,300000,365,273155093.16127586,273155093.16127586,-10000000.0,26122561.72379845,5551044.366307167,238420206.2092716,13061280.861899221,1537.9127555053046,795.8698509739894,412378275.33408844,685533368.4953643,21,31,1.6,57.49999999999999,10.5,67.5,0.1,0.97
B_screening_plus_countermeasures,Ebola,lab,Laboratory PCR,10,1x,1.0,base_case,3500000,365,2816303959.3935065,2816303959.3935065,-10000000.0,26122561.72379845,5551044.366307167,2781569072.441497,13061280.861899221,1537.9127555053046,795.8698509739894,879069939.2584834,3695373898.65199,21,31,1.6,57.49999999999999,10.5,67.5,0.1,0.97
B_screening_plus_countermeasures,Ebola,lab,Laboratory PCR,10,1x,1.0,high_income,11600000,365,9253649527.043846,9253649527.043846,-10000000.0,26122561.72379845,5551044.366307167,9218914640.091812,13061280.861899221,1537.9127555053046,795.8698509739894,2060383213.5671055,11314032740.610952,21,31,1.6,57.49999999999999,10.5,67.5,0.1,0.97
B_screening_plus_countermeasures,Ebola,lab,Laboratory PCR,10,2x,2.0,low_resource,300000,365,556124580.2338825,556124580.2338825,-10000000.0,52228000.299807206,11098450.063709037,476684129.72046196,26114000.149903603,3074.8145529462618,1591.2165311496797,464337081.5209682,1020461661.7548507,21,31,1.6,57.49999999999999,10.5,67.5,0.2,0.97
B_screening_plus_countermeasures,Ebola,lab,Laboratory PCR,10,2x,2.0,base_case,3500000,365,5640755297.252156,5640755297.252156,-10000000.0,52228000.299807206,11098450.063709037,5561314846.738724,26114000.149903603,3074.8145529462618,1591.2165311496797,1397695184.5677602,7038450481.819917,21,31,1.6,57.49999999999999,10.5,67.5,0.2,0.97
B_screening_plus_countermeasures,Ebola,lab,Laboratory PCR,10,2x,2.0,high_income,11600000,365,18511226799.704655,18511226799.704655,-10000000.0,52228000.299807206,11098450.063709037,18431786349.19122,26114000.149903603,3074.8145529462618,1591.2165311496797,3760257882.9049525,22271484682.609608,21,31,1.6,57.49999999999999,10.5,67.5,0.2,0.97
B_screening_plus_countermeasures,Ebola,lab,Laboratory PCR,14,0.1x,0.1,low_resource,300000,365,31354045.30150175,31354045.30150175,-14000000.00000006,4184151.6413678993,889132.2237906773,38188685.615659356,2092075.8206839496,246.38677489921744,127.50515601034171,365612948.4800528,396966993.7815546,21,35,1.6,57.49999999999999,10.5,67.5,0.01,0.97
B_screening_plus_countermeasures,Ebola,lab,Laboratory PCR,14,0.1x,0.1,base_case,3500000,365,438700025.2018682,438700025.2018682,-14000000.00000006,4184151.6413678993,889132.2237906773,445534665.5160257,2092075.8206839496,246.38677489921744,127.50515601034171,412283250.1184356,850983275.3203038,21,35,1.6,57.49999999999999,10.5,67.5,0.01,0.97
B_screening_plus_countermeasures,Ebola,lab,Laboratory PCR,14,0.1x,0.1,high_income,11600000,365,1469794536.82467,1469794536.82467,-14000000.00000006,4184151.6413678993,889132.2237906773,1476629177.1388288,2092075.8206839496,246.38677489921744,127.50515601034171,530417451.14059305,2000211987.9652631,21,35,1.6,57.49999999999999,10.5,67.5,0.01,0.97
B_screening_plus_countermeasures,Ebola,lab,Laboratory PCR,14,0.5x,0.5,low_resource,300000,365,212725436.04117912,212725436.04117912,-14000000.00000006,20916626.04835245,4444783.035274879,190905713.93337518,10458313.024176223,1231.6899147245597,637.3995308699738,386397819.06347126,599123255.1046504,21,35,1.6,57.49999999999999,10.5,67.5,0.05,0.97
B_screening_plus_countermeasures,Ebola,lab,Laboratory PCR,14,0.5x,0.5,base_case,3500000,365,2249053051.330511,2249053051.330511,-14000000.00000006,20916626.04835245,4444783.035274879,2227233329.22271,10458313.024176223,1231.6899147245597,637.3995308699738,619746804.3478448,2868799855.6783557,21,35,1.6,57.49999999999999,10.5,67.5,0.05,0.97
B_screening_plus_countermeasures,Ebola,lab,Laboratory PCR,14,0.5x,0.5,high_income,11600000,365,7403507327.531646,7403507327.531646,-14000000.00000006,20916626.04835245,4444783.035274879,7381687605.423838,10458313.024176223,1231.6899147245597,637.3995308699738,1210411423.3489158,8613918750.880562,21,35,1.6,57.49999999999999,10.5,67.5,0.05,0.97
B_screening_plus_countermeasures,Ebola,lab,Laboratory PCR,14,1x,1.0,low_resource,300000,365,439338958.9810798,439338958.9810798,-14000000.00000006,41822927.518527,8887372.097686967,381717195.6056029,20911463.759263497,2462.77027428663,1274.4836169433604,412378275.33408844,851717234.3151683,21,35,1.6,57.49999999999999,10.5,67.5,0.1,0.97
B_screening_plus_countermeasures,Ebola,lab,Laboratory PCR,14,1x,1.0,base_case,3500000,365,4510989045.440842,4510989045.440842,-14000000.00000006,41822927.518527,8887372.097686967,4453367282.065358,20911463.759263497,2462.77027428663,1274.4836169433604,879069939.2584834,5390058984.699326,21,35,1.6,57.49999999999999,10.5,67.5,0.1,0.97
B_screening_plus_countermeasures,Ebola,lab,Laboratory PCR,14,1x,1.0,high_income,11600000,365,14817353326.792116,14817353326.792116,-14000000.00000006,41822927.518527,8887372.097686967,14759731563.416626,20911463.759263497,2462.77027428663,1274.4836169433604,2060383213.5671055,16877736540.359222,21,35,1.6,57.49999999999999,10.5,67.5,0.1,0.97
B_screening_plus_countermeasures,Ebola,lab,Laboratory PCR,14,2x,2.0,low_resource,300000,365,892230685.6778898,892230685.6778898,-14000000.00000006,83604595.48272173,17765976.54007839,763057815.91373,41802297.741360866,4923.1046213405325,2547.706641543784,464337081.5209682,1356567767.198858,21,35,1.6,57.49999999999999,10.5,67.5,0.2,0.97
B_screening_plus_countermeasures,Ebola,lab,Laboratory PCR,14,2x,2.0,base_case,3500000,365,9031514055.424356,9031514055.424356,-14000000.00000006,83604595.48272173,17765976.54007839,8902341185.6602,41802297.741360866,4923.1046213405325,2547.706641543784,1397695184.5677602,10429209239.992117,21,35,1.6,57.49999999999999,10.5,67.5,0.2,0.97
B_screening_plus_countermeasures,Ebola,lab,Laboratory PCR,14,2x,2.0,high_income,11600000,365,29634075085.095047,29634075085.095047,-14000000.00000006,83604595.48272173,17765976.54007839,29504902215.33092,41802297.741360866,4923.1046213405325,2547.706641543784,3760257882.9049525,33394332968.0,21,35,1.6,57.49999999999999,10.5,67.5,0.2,0.97
B_screening_plus_countermeasures,Ebola,molecular,High-throughput molecular screening,2,0.1x,0.1,low_resource,300000,365,3975886.2996133864,3975886.2996133864,-400000.0000000149,403698.75986255246,85785.98647079204,3684552.173348693,201849.37993127623,23.758799490352494,12.29517873625799,77279619.99297759,81255506.29259098,21,23,1.6,57.49999999999999,10.5,67.5,0.01,0.97
B_screening_plus_countermeasures,Ebola,molecular,High-throughput molecular screening,2,0.1x,0.1,base_case,3500000,365,43277776.14866629,43277776.14866629,-400000.0000000149,403698.75986255246,85785.98647079204,42986442.02240137,201849.37993127623,23.758799490352494,12.29517873625799,123949921.63136074,167227697.78002703,21,23,1.6,57.49999999999999,10.5,67.5,0.01,0.97
B_screening_plus_countermeasures,Ebola,molecular,High-throughput molecular screening,2,0.1x,0.1,high_income,11600000,365,142760684.82908016,142760684.82908016,-400000.0000000149,403698.75986255246,85785.98647079204,142469350.70281583,201849.37993127623,23.758799490352494,12.29517873625799,242084122.65351832,384844807.4825985,21,23,1.6,57.49999999999999,10.5,67.5,0.01,0.97
B_screening_plus_countermeasures,Ebola,molecular,High-throughput molecular screening,2,0.5x,0.5,low_resource,300000,365,21478499.244697154,21478499.244697154,-400000.0000000149,2018407.793986463,428911.6562221254,18421975.897495534,1009203.896993231,118.78891306566882,61.47326251148523,98064490.5763964,119542989.82109356,21,23,1.6,57.49999999999999,10.5,67.5,0.05,0.97
B_screening_plus_countermeasures,Ebola,molecular,High-throughput molecular screening,2,0.5x,0.5,base_case,3500000,365,217979575.48464948,217979575.48464948,-400000.0000000149,2018407.793986463,428911.6562221254,214923052.1374481,1009203.896993231,118.78891306566882,61.47326251148523,331413475.86077005,549393051.3454195,21,23,1.6,57.49999999999999,10.5,67.5,0.05,0.97
B_screening_plus_countermeasures,Ebola,molecular,High-throughput molecular screening,2,0.5x,0.5,high_income,11600000,365,715372924.717028,715372924.717028,-400000.0000000149,2018407.793986463,428911.6562221254,712316401.3698292,1009203.896993231,118.78891306566882,61.47326251148523,922078094.8618411,1637451019.578869,21,23,1.6,57.49999999999999,10.5,67.5,0.05,0.97
B_screening_plus_countermeasures,Ebola,molecular,High-throughput molecular screening,2,1x,1.0,low_resource,300000,365,43354668.018772796,43354668.018772796,-400000.0000000149,4036600.5896764686,857777.6253062468,36841989.50895161,2018300.2948382343,237.5651160555122,122.93994755873038,124044946.84701379,167399614.86578658,21,23,1.6,57.49999999999999,10.5,67.5,0.1,0.97
B_screening_plus_countermeasures,Ebola,molecular,High-throughput molecular screening,2,1x,1.0,base_case,3500000,365,436335889.44759166,436335889.44759166,-400000.0000000149,4036600.5896764686,857777.6253062468,429823210.93777007,2018300.2948382343,237.5651160555122,122.93994755873038,590736610.7714082,1027072500.2189999,21,23,1.6,57.49999999999999,10.5,67.5,0.1,0.97
B_screening_plus_countermeasures,Ebola,molecular,High-throughput molecular screening,2,1x,1.0,high_income,11600000,365,1431069606.1892881,1431069606.1892881,-400000.0000000149,4036600.5896764686,857777.6253062468,1424556927.6794715,2018300.2948382343,237.5651160555122,122.93994755873038,1772049885.0800328,3203119491.269321,21,23,1.6,57.49999999999999,10.5,67.5,0.1,0.97
B_screening_plus_countermeasures,Ebola,molecular,High-throughput molecular screening,2,2x,2.0,low_resource,300000,365,87100015.77777883,87100015.77777883,-400000.0000000149,8072341.335871665,1715372.5338727303,73676131.24009822,4036170.6679358324,475.07940068881464,245.8535898564674,176003753.0338936,263103768.81167242,21,23,1.6,57.49999999999999,10.5,67.5,0.2,0.97
B_screening_plus_countermeasures,Ebola,molecular,High-throughput molecular screening,2,2x,2.0,base_case,3500000,365,872978749.0054977,872978749.0054977,-400000.0000000149,8072341.335871665,1715372.5338727303,859554864.4678159,4036170.6679358324,475.07940068881464,245.8535898564674,1109361856.080685,1982340605.0861826,21,23,1.6,57.49999999999999,10.5,67.5,0.2,0.97
B_screening_plus_countermeasures,Ebola,molecular,High-throughput molecular screening,2,2x,2.0,high_income,11600000,365,2862234292.488152,2862234292.488152,-400000.0000000149,8072341.335871665,1715372.5338727303,2848810407.950478,4036170.6679358324,475.07940068881464,245.8535898564674,3471924554.417876,6334158846.906028,21,23,1.6,57.49999999999999,10.5,67.5,0.2,0.97
B_screening_plus_countermeasures,Ebola,molecular,High-throughput molecular screening,5,0.1x,0.1,low_resource,300000,365,11031977.518727481,11031977.518727481,-1000000.0000000298,1110013.8510074217,235877.94333907703,10131078.79887725,555006.9255037108,65.33484006585076,33.81077973407826,77279619.99297759,88311597.51170507,21,26,1.6,57.49999999999999,10.5,67.5,0.01,0.97
B_screening_plus_countermeasures,Ebola,molecular,High-throughput molecular screening,5,0.1x,0.1,base_case,3500000,365,119096818.04008499,119096818.04008499,-1000000.0000000298,1110013.8510074217,235877.94333907703,118195919.3202345,555006.9255037108,65.33484006585076,33.81077973407826,123949921.63136074,243046739.67144573,21,26,1.6,57.49999999999999,10.5,67.5,0.01,0.97
B_screening_plus_countermeasures,Ebola,molecular,High-throughput molecular screening,5,0.1x,0.1,high_income,11600000,365,392635945.60977125,392635945.60977125,-1000000.0000000298,1110013.8510074217,235877.94333907703,391735046.88992137,555006.9255037108,65.33484006585076,33.81077973407826,242084122.65351832,634720068.2632896,21,26,1.6,57.49999999999999,10.5,67.5,0.01,0.97
B_screening_plus_countermeasures,Ebola,molecular,High-throughput molecular screening,5,0.5x,0.5,low_resource,300000,365,59155668.37390593,59155668.37390593,-1000000.0000000298,5549680.009600533,1179307.0020401152,50651841.35746507,2774840.0048002666,326.65120908551455,169.04200070175068,98064490.5763964,157220158.95030233,21,26,1.6,57.49999999999999,10.5,67.5,0.05,0.97
B_screening_plus_countermeasures,Ebola,molecular,High-throughput molecular screening,5,0.5x,0.5,base_case,3500000,365,599441976.1868682,599441976.1868682,-1000000.0000000298,5549680.009600533,1179307.0020401152,590938149.1704288,2774840.0048002666,326.65120908551455,169.04200070175068,331413475.86077005,930855452.0476383,21,26,1.6,57.49999999999999,10.5,67.5,0.05,0.97
B_screening_plus_countermeasures,Ebola,molecular,High-throughput molecular screening,5,0.5x,0.5,high_income,11600000,365,1967041692.8384295,1967041692.8384295,-1000000.0000000298,5549680.009600533,1179307.0020401152,1958537865.821985,2774840.0048002666,326.65120908551455,169.04200070175068,922078094.8618411,2889119787.7002707,21,26,1.6,57.49999999999999,10.5,67.5,0.05,0.97
B_screening_plus_countermeasures,Ebola,molecular,High-throughput molecular screening,5,1x,1.0,low_resource,300000,365,119300790.547314,119300790.547314,-1000000.0000000298,11098387.07617402,2358407.2536869776,101294802.67936578,5549193.53808701,653.2449501627791,338.0542617092325,124044946.84701379,243345737.3943278,21,26,1.6,57.49999999999999,10.5,67.5,0.1,0.97
B_screening_plus_countermeasures,Ebola,molecular,High-throughput molecular screening,5,1x,1.0,base_case,3500000,365,1199778685.7938857,1199778685.7938857,-1000000.0000000298,11098387.07617402,2358407.2536869776,1181772697.9259338,5549193.53808701,653.2449501627791,338.0542617092325,590736610.7714082,1790515296.565294,21,26,1.6,57.49999999999999,10.5,67.5,0.1,0.97
B_screening_plus_countermeasures,Ebola,molecular,High-throughput molecular screening,5,1x,1.0,high_income,11600000,365,3934738358.136763,3934738358.136763,-1000000.0000000298,11098387.07617402,2358407.2536869776,3916732370.2688084,5549193.53808701,653.2449501627791,338.0542617092325,1772049885.0800328,5706788243.216796,21,26,1.6,57.49999999999999,10.5,67.5,0.1,0.97
B_screening_plus_countermeasures,Ebola,molecular,High-throughput molecular screening,5,2x,2.0,low_resource,300000,365,239559409.25598365,239559409.25598365,-1000000.0000000298,22192883.576177597,4715987.759937735,202554096.1317792,11096441.788088799,1306.2600991289532,675.9896012992212,176003753.0338936,415563162.28987724,21,26,1.6,57.49999999999999,10.5,67.5,0.2,0.97
B_screening_plus_countermeasures,Ebola,molecular,High-throughput molecular screening,5,2x,2.0,base_case,3500000,365,2400136434.6616316,2400136434.6616316,-1000000.0000000298,22192883.576177597,4715987.759937735,2363131121.537428,11096441.788088799,1306.2600991289532,675.9896012992212,1109361856.080685,3509498290.7423162,21,26,1.6,57.49999999999999,10.5,67.5,0.2,0.97
B_screening_plus_countermeasures,Ebola,molecular,High-throughput molecular screening,5,2x,2.0,high_income,11600000,365,7869097030.2197,7869097030.2197,-1000000.0000000298,22192883.576177597,4715987.759937735,7832091717.095467,11096441.788088799,1306.2600991289532,675.9896012992212,3471924554.417876,11341021584.637575,21,26,1.6,57.49999999999999,10.5,67.5,0.2,0.97
B_screening_plus_countermeasures,Ebola,molecular,High-throughput molecular screening,10,0.1x,0.1,low_resource,300000,365,26323868.05010581,26323868.05010581,-2000000.0,2613027.3099985844,555268.3033746994,23849058.78173315,1306513.654999292,153.83680393370878,79.6105460356949,77279619.99297759,103603488.0430834,21,31,1.6,57.49999999999999,10.5,67.5,0.01,0.97
B_screening_plus_countermeasures,Ebola,molecular,High-throughput molecular screening,10,0.1x,0.1,base_case,3500000,365,280713828.38859296,280713828.38859296,-2000000.0,2613027.3099985844,555268.3033746994,278239019.12021935,1306513.654999292,153.83680393370878,79.6105460356949,123949921.63136074,404663750.0199537,21,31,1.6,57.49999999999999,10.5,67.5,0.01,0.97
B_screening_plus_countermeasures,Ebola,molecular,High-throughput molecular screening,10,0.1x,0.1,high_income,11600000,365,924638415.4953879,924638415.4953879,-2000000.0,2613027.3099985844,555268.3033746994,922163606.2270143,1306513.654999292,153.83680393370878,79.6105460356949,242084122.65351832,1166722538.1489062,21,31,1.6,57.49999999999999,10.5,67.5,0.01,0.97
B_screening_plus_countermeasures,Ebola,molecular,High-throughput molecular screening,10,0.5x,0.5,low_resource,300000,365,139600761.50479823,139600761.50479823,-2000000.0,13063422.561991978,2775977.2944232933,119229650.36738697,6531711.280995989,769.0828248379435,398.00036185363297,98064490.5763964,237665252.08119464,21,31,1.6,57.49999999999999,10.5,67.5,0.05,0.97
B_screening_plus_countermeasures,Ebola,molecular,High-throughput molecular screening,10,0.5x,0.5,base_case,3500000,365,1411383698.7569244,1411383698.7569244,-2000000.0,13063422.561991978,2775977.2944232933,1391012587.6195152,6531711.280995989,769.0828248379435,398.00036185363297,331413475.86077005,1742797174.6176944,21,31,1.6,57.49999999999999,10.5,67.5,0.05,0.97
B_screening_plus_countermeasures,Ebola,molecular,High-throughput molecular screening,10,0.5x,0.5,high_income,11600000,365,4630584258.676379,4630584258.676379,-2000000.0,13063422.561991978,2775977.2944232933,4610213147.538967,6531711.280995989,769.0828248379435,398.00036185363297,922078094.8618411,5552662353.53822,21,31,1.6,57.49999999999999,10.5,67.5,0.05,0.97
B_screening_plus_countermeasures,Ebola,molecular,High-throughput molecular screening,10,1x,1.0,low_resource,300000,365,281155093.1612759,281155093.1612759,-2000000.0,26122561.72379845,5551044.366307167,238420206.2092716,13061280.861899221,1537.9127555053046,795.8698509739894,124044946.84701379,405200040.0082897,21,31,1.6,57.49999999999999,10.5,67.5,0.1,0.97
B_screening_plus_countermeasures,Ebola,molecular,High-throughput molecular screening,10,1x,1.0,base_case,3500000,365,2824303959.3935056,2824303959.3935056,-2000000.0,26122561.72379845,5551044.366307167,2781569072.441497,13061280.861899221,1537.9127555053046,795.8698509739894,590736610.7714082,3415040570.1649137,21,31,1.6,57.49999999999999,10.5,67.5,0.1,0.97
B_screening_plus_countermeasures,Ebola,molecular,High-throughput molecular screening,10,1x,1.0,high_income,11600000,365,9261649527.043837,9261649527.043837,-2000000.0,26122561.72379845,5551044.366307167,9218914640.091812,13061280.861899221,1537.9127555053046,795.8698509739894,1772049885.0800328,11033699412.123869,21,31,1.6,57.49999999999999,10.5,67.5,0.1,0.97
B_screening_plus_countermeasures,Ebola,molecular,High-throughput molecular screening,10,2x,2.0,low_resource,300000,365,564124580.2338835,564124580.2338835,-2000000.0,52228000.299807206,11098450.063709037,476684129.72046196,26114000.149903603,3074.8145529462618,1591.2165311496797,176003753.0338936,740128333.2677771,21,31,1.6,57.49999999999999,10.5,67.5,0.2,0.97
B_screening_plus_countermeasures,Ebola,molecular,High-throughput molecular screening,10,2x,2.0,base_case,3500000,365,5648755297.252152,5648755297.252152,-2000000.0,52228000.299807206,11098450.063709037,5561314846.738724,26114000.149903603,3074.8145529462618,1591.2165311496797,1109361856.080685,6758117153.332837,21,31,1.6,57.49999999999999,10.5,67.5,0.2,0.97
B_screening_plus_countermeasures,Ebola,molecular,High-throughput molecular screening,10,2x,2.0,high_income,11600000,365,18519226799.704628,18519226799.704628,-2000000.0,52228000.299807206,11098450.063709037,18431786349.19122,26114000.149903603,3074.8145529462618,1591.2165311496797,3471924554.417876,21991151354.122505,21,31,1.6,57.49999999999999,10.5,67.5,0.2,0.97
B_screening_plus_countermeasures,Ebola,molecular,High-throughput molecular screening,14,0.1x,0.1,low_resource,300000,365,42554045.301501825,42554045.301501825,-2799999.99999997,4184151.6413678993,889132.2237906773,38188685.615659356,2092075.8206839496,246.38677489921744,127.50515601034171,77279619.99297759,119833665.29447941,21,35,1.6,57.49999999999999,10.5,67.5,0.01,0.97
B_screening_plus_countermeasures,Ebola,molecular,High-throughput molecular screening,14,0.1x,0.1,base_case,3500000,365,449900025.2018677,449900025.2018677,-2799999.99999997,4184151.6413678993,889132.2237906773,445534665.5160257,2092075.8206839496,246.38677489921744,127.50515601034171,123949921.63136074,573849946.8332285,21,35,1.6,57.49999999999999,10.5,67.5,0.01,0.97
B_screening_plus_countermeasures,Ebola,molecular,High-throughput molecular screening,14,0.1x,0.1,high_income,11600000,365,1480994536.8246727,1480994536.8246727,-2799999.99999997,4184151.6413678993,889132.2237906773,1476629177.1388288,2092075.8206839496,246.38677489921744,127.50515601034171,242084122.65351832,1723078659.4781911,21,35,1.6,57.49999999999999,10.5,67.5,0.01,0.97
B_screening_plus_countermeasures,Ebola,molecular,High-throughput molecular screening,14,0.5x,0.5,low_resource,300000,365,223925436.04117876,223925436.04117876,-2799999.99999997,20916626.04835245,4444783.035274879,190905713.93337518,10458313.024176223,1231.6899147245597,637.3995308699738,98064490.5763964,321989926.61757517,21,35,1.6,57.49999999999999,10.5,67.5,0.05,0.97
B_screening_plus_countermeasures,Ebola,molecular,High-throughput molecular screening,14,0.5x,0.5,base_case,3500000,365,2260253051.3305154,2260253051.3305154,-2799999.99999997,20916626.04835245,4444783.035274879,2227233329.22271,10458313.024176223,1231.6899147245597,637.3995308699738,331413475.86077005,2591666527.1912856,21,35,1.6,57.49999999999999,10.5,67.5,0.05,0.97
B_screening_plus_countermeasures,Ebola,molecular,High-throughput molecular screening,14,0.5x,0.5,high_income,11600000,365,7414707327.531643,7414707327.531643,-2799999.99999997,20916626.04835245,4444783.035274879,7381687605.423838,10458313.024176223,1231.6899147245597,637.3995308699738,922078094.8618411,8336785422.393484,21,35,1.6,57.49999999999999,10.5,67.5,0.05,0.97
B_screening_plus_countermeasures,Ebola,molecular,High-throughput molecular screening,14,1x,1.0,low_resource,300000,365,450538958.9810801,450538958.9810801,-2799999.99999997,41822927.518527,8887372.097686967,381717195.6056029,20911463.759263497,2462.77027428663,1274.4836169433604,124044946.84701379,574583905.8280939,21,35,1.6,57.49999999999999,10.5,67.5,0.1,0.97
B_screening_plus_countermeasures,Ebola,molecular,High-throughput molecular screening,14,1x,1.0,base_case,3500000,365,4522189045.440847,4522189045.440847,-2799999.99999997,41822927.518527,8887372.097686967,4453367282.065358,20911463.759263497,2462.77027428663,1274.4836169433604,590736610.7714082,5112925656.2122555,21,35,1.6,57.49999999999999,10.5,67.5,0.1,0.97
B_screening_plus_countermeasures,Ebola,molecular,High-throughput molecular screening,14,1x,1.0,high_income,11600000,365,14828553326.79213,14828553326.79213,-2799999.99999997,41822927.518527,8887372.097686967,14759731563.416626,20911463.759263497,2462.77027428663,1274.4836169433604,1772049885.0800328,16600603211.872162,21,35,1.6,57.49999999999999,10.5,67.5,0.1,0.97
B_screening_plus_countermeasures,Ebola,molecular,High-throughput molecular screening,14,2x,2.0,low_resource,300000,365,903430685.6778908,903430685.6778908,-2799999.99999997,83604595.48272173,17765976.54007839,763057815.91373,41802297.741360866,4923.1046213405325,2547.706641543784,176003753.0338936,1079434438.7117844,21,35,1.6,57.49999999999999,10.5,67.5,0.2,0.97
B_screening_plus_countermeasures,Ebola,molecular,High-throughput molecular screening,14,2x,2.0,base_case,3500000,365,9042714055.424347,9042714055.424347,-2799999.99999997,83604595.48272173,17765976.54007839,8902341185.6602,41802297.741360866,4923.1046213405325,2547.706641543784,1109361856.080685,10152075911.505032,21,35,1.6,57.49999999999999,10.5,67.5,0.2,0.97
B_screening_plus_countermeasures,Ebola,molecular,High-throughput molecular screening,14,2x,2.0,high_income,11600000,365,29645275085.095078,29645275085.095078,-2799999.99999997,83604595.48272173,17765976.54007839,29504902215.33092,41802297.741360866,4923.1046213405325,2547.706641543784,3471924554.417876,33117199639.512955,21,35,1.6,57.49999999999999,10.5,67.5,0.2,0.97
