scenario,pathogen,modality_key,modality_label,lead_days,prevalence_tier,prevalence_multiplier,vsl_scenario,vsl,horizon_days,Bd,Bd_nonneg,delta_screening_cost,delta_hospital_cost,delta_productivity_cost,delta_mortality_cost,delta_icu_cost,delta_infections,delta_deaths,immediate_total_cost,delayed_total_cost,immediate_cm_start,delayed_cm_start,Rt,CFR_pct,infectious_period_days,phi_pct,p0_pct,sensitivity
A_screening_only,SARS-CoV-2,rapid,Rapid Antigen Test (RAT),2,0.1x,0.1,low_resource,300000,365,1850318.7881703526,1850318.7881703526,-249999.99999999255,510687.71986922855,108521.14047221188,1386482.4973825337,94627.430446357,616.4978513516417,4.623733885137312,57459925.66732523,59310244.45549558,21,21,1.6,0.75,5.5,50.0,0.15,0.675
A_screening_only,SARS-CoV-2,rapid,Rapid Antigen Test (RAT),2,0.1x,0.1,base_case,3500000,365,16639465.426917315,16639465.426917315,-249999.99999999255,510687.71986922855,108521.14047221188,16175629.136129424,94627.430446357,616.4978513516417,4.623733885137312,144828287.07043824,161467752.49735555,21,21,1.6,0.75,5.5,50.0,0.15,0.675
A_screening_only,SARS-CoV-2,rapid,Rapid Antigen Test (RAT),2,0.1x,0.1,high_income,11600000,365,54074492.85624552,54074492.85624552,-249999.99999999255,510687.71986922855,108521.14047221188,53610656.56545746,94627.430446357,616.4978513516417,4.623733885137312,365979451.87206817,420053944.7283137,21,21,1.6,0.75,5.5,50.0,0.15,0.675
A_screening_only,SARS-CoV-2,rapid,Rapid Antigen Test (RAT),2,0.5x,0.5,low_resource,300000,365,10204923.076317474,10204923.076317474,-249999.99999999255,2542090.6851497646,540194.2705943245,6901603.670089848,471034.45048362575,3068.7304874714464,23.015478656035697,106999764.20340681,117204687.27972429,21,21,1.6,0.75,5.5,50.0,0.75,0.675
A_screening_only,SARS-CoV-2,rapid,Rapid Antigen Test (RAT),2,0.5x,0.5,base_case,3500000,365,83822028.89060915,83822028.89060915,-249999.99999999255,2542090.6851497646,540194.2705943245,80518709.48438203,471034.45048362575,3068.7304874714464,23.015478656035697,543197046.5762736,627019075.4668827,21,21,1.6,0.75,5.5,50.0,0.75,0.675
A_screening_only,SARS-CoV-2,rapid,Rapid Antigen Test (RAT),2,0.5x,0.5,high_income,11600000,365,270165327.98303485,270165327.98303485,-249999.99999999255,2542090.6851497646,540194.2705943245,266862008.5768087,471034.45048362575,3068.7304874714464,23.015478656035697,1647321417.582594,1917486745.5656288,21,21,1.6,0.75,5.5,50.0,0.75,0.675
A_screening_only,SARS-CoV-2,rapid,Rapid Antigen Test (RAT),2,1x,1.0,low_resource,300000,365,20544299.532373667,20544299.532373667,-249999.99999999255,5056086.473290458,1074418.3755742246,13726931.601693392,936863.0818155855,6103.398523269221,45.775488924519266,168719919.87784007,189264219.41021374,21,21,1.6,0.75,5.5,50.0,1.5,0.675
A_screening_only,SARS-CoV-2,rapid,Rapid Antigen Test (RAT),2,1x,1.0,base_case,3500000,365,166964903.2837702,166964903.2837702,-249999.99999999255,5056086.473290458,1074418.3755742246,160147535.35309136,936863.0818155855,6103.398523269221,45.775488924519266,1039512387.5038227,1206477290.787593,21,21,1.6,0.75,5.5,50.0,1.5,0.675
A_screening_only,SARS-CoV-2,rapid,Rapid Antigen Test (RAT),2,1x,1.0,high_income,11600000,365,537592056.5294948,537592056.5294948,-249999.99999999255,5056086.473290458,1074418.3755742246,530774688.5988107,936863.0818155855,6103.398523269221,45.775488924519266,3243705821.1820946,3781297877.7115893,21,21,1.6,0.75,5.5,50.0,1.5,0.675
A_screening_only,SARS-CoV-2,rapid,Rapid Antigen Test (RAT),2,2x,2.0,low_resource,300000,365,40883788.350801945,40883788.350801945,-249999.99999999255,10001586.759481318,2125337.186389815,27153629.21126169,1853235.193668628,12072.72923250869,90.54546924381577,291486252.29221225,332370040.6430142,21,21,1.6,0.75,5.5,50.0,3.0,0.675
A_screening_only,SARS-CoV-2,rapid,Rapid Antigen Test (RAT),2,2x,2.0,base_case,3500000,365,330522499.9375949,330522499.9375949,-249999.99999999255,10001586.759481318,2125337.186389815,316792340.798053,1853235.193668628,12072.72923250869,90.54546924381577,2026723347.3735142,2357245847.311109,21,21,1.6,0.75,5.5,50.0,3.0,0.675
A_screening_only,SARS-CoV-2,rapid,Rapid Antigen Test (RAT),2,2x,2.0,high_income,11600000,365,1063670488.6416693,1063670488.6416693,-249999.99999999255,10001586.759481318,2125337.186389815,1049940329.5021257,1853235.193668628,12072.72923250869,90.54546924381577,6419042244.298059,7482712732.939729,21,21,1.6,0.75,5.5,50.0,3.0,0.675
A_screening_only,SARS-CoV-2,rapid,Rapid Antigen Test (RAT),5,0.1x,0.1,low_resource,300000,365,3862833.6677309647,3862833.6677309647,-624999.9999999925,1091206.5139037468,231881.38420454483,2962551.621458127,202194.14816451725,1317.2972748111843,9.879729561083906,57459925.66732523,61322759.33505619,21,21,1.6,0.75,5.5,50.0,0.15,0.675
A_screening_only,SARS-CoV-2,rapid,Rapid Antigen Test (RAT),5,0.1x,0.1,base_case,3500000,365,35463384.29661769,35463384.29661769,-624999.9999999925,1091206.5139037468,231881.38420454483,34563102.25034484,202194.14816451725,1317.2972748111843,9.879729561083906,144828287.07043824,180291671.36705592,21,21,1.6,0.75,5.5,50.0,0.15,0.675
A_screening_only,SARS-CoV-2,rapid,Rapid Antigen Test (RAT),5,0.1x,0.1,high_income,11600000,365,115452278.0759868,115452278.0759868,-624999.9999999925,1091206.5139037468,231881.38420454483,114551996.02971393,202194.14816451725,1317.2972748111843,9.879729561083906,365979451.87206817,481431729.94805497,21,21,1.6,0.75,5.5,50.0,0.15,0.675
A_screening_only,SARS-CoV-2,rapid,Rapid Antigen Test (RAT),5,0.5x,0.5,low_resource,300000,365,21703256.58865966,21703256.58865966,-624999.9999999925,5429064.6306369025,1153676.2340103504,14739541.983629704,1005973.7403827193,6553.800941348076,49.15350706011023,106999764.20340681,128703020.79206647,21,21,1.6,0.75,5.5,50.0,0.75,0.675
A_screening_only,SARS-CoV-2,rapid,Rapid Antigen Test (RAT),5,0.5x,0.5,base_case,3500000,365,178925037.7473768,178925037.7473768,-624999.9999999925,5429064.6306369025,1153676.2340103504,171961323.14234674,1005973.7403827193,6553.800941348076,49.15350706011023,543197046.5762736,722122084.3236504,21,21,1.6,0.75,5.5,50.0,0.75,0.675
A_screening_only,SARS-CoV-2,rapid,Rapid Antigen Test (RAT),5,0.5x,0.5,high_income,11600000,365,576892671.3053746,576892671.3053746,-624999.9999999925,5429064.6306369025,1153676.2340103504,569928956.7003491,1005973.7403827193,6553.800941348076,49.15350706011023,1647321417.582594,2224214088.8879685,21,21,1.6,0.75,5.5,50.0,0.75,0.675
A_screening_only,SARS-CoV-2,rapid,Rapid Antigen Test (RAT),5,1x,1.0,low_resource,300000,365,43757262.33182573,43757262.33182573,-624999.9999999925,10791445.79410395,2293182.2312470833,29298042.879919916,1999591.4265545513,13026.783705946058,97.70087779459476,168719919.87784007,212477182.2096658,21,21,1.6,0.75,5.5,50.0,1.5,0.675
A_screening_only,SARS-CoV-2,rapid,Rapid Antigen Test (RAT),5,1x,1.0,base_case,3500000,365,356269719.71764076,356269719.71764076,-624999.9999999925,10791445.79410395,2293182.2312470833,341810500.2657343,1999591.4265545513,13026.783705946058,97.70087779459476,1039512387.5038227,1395782107.2214634,21,21,1.6,0.75,5.5,50.0,1.5,0.675
A_screening_only,SARS-CoV-2,rapid,Rapid Antigen Test (RAT),5,1x,1.0,high_income,11600000,365,1147316877.4754763,1147316877.4754763,-624999.9999999925,10791445.79410395,2293182.2312470833,1132857658.0235677,1999591.4265545513,13026.783705946058,97.70087779459476,3243705821.1820946,4391022698.657571,21,21,1.6,0.75,5.5,50.0,1.5,0.675
A_screening_only,SARS-CoV-2,rapid,Rapid Antigen Test (RAT),5,2x,2.0,low_resource,300000,365,87062221.75186998,87062221.75186998,-624999.9999999925,21320947.84389376,4530701.4168274775,57884926.27301529,3950646.218133295,25736.11890278943,193.02089177092137,291486252.29221225,378548474.0440822,21,21,1.6,0.75,5.5,50.0,3.0,0.675
A_screening_only,SARS-CoV-2,rapid,Rapid Antigen Test (RAT),5,2x,2.0,base_case,3500000,365,704501435.3306994,704501435.3306994,-624999.9999999925,21320947.84389376,4530701.4168274775,675324139.8518436,3950646.218133295,25736.11890278943,193.02089177092137,2026723347.3735142,2731224782.7042136,21,21,1.6,0.75,5.5,50.0,3.0,0.675
A_screening_only,SARS-CoV-2,rapid,Rapid Antigen Test (RAT),5,2x,2.0,high_income,11600000,365,2267394444.702116,2267394444.702116,-624999.9999999925,21320947.84389376,4530701.4168274775,2238217149.2232447,3950646.218133295,25736.11890278943,193.02089177092137,6419042244.298059,8686436689.000175,21,21,1.6,0.75,5.5,50.0,3.0,0.675
A_screening_only,SARS-CoV-2,rapid,Rapid Antigen Test (RAT),10,0.1x,0.1,low_resource,300000,365,5789729.975609198,5789729.975609198,-1250000.0,1711694.2770724604,363735.033877898,4647133.783907148,317166.88075166184,2066.352405719449,15.497643042895938,57459925.66732523,63249655.64293443,21,21,1.6,0.75,5.5,50.0,0.15,0.675
A_screening_only,SARS-CoV-2,rapid,Rapid Antigen Test (RAT),10,0.1x,0.1,base_case,3500000,365,55359157.003952205,55359157.003952205,-1250000.0,1711694.2770724604,363735.033877898,54216560.812249824,317166.88075166184,2066.352405719449,15.497643042895938,144828287.07043824,200187444.07439044,21,21,1.6,0.75,5.5,50.0,0.15,0.675
A_screening_only,SARS-CoV-2,rapid,Rapid Antigen Test (RAT),10,0.1x,0.1,high_income,11600000,365,180831769.16944408,180831769.16944408,-1250000.0,1711694.2770724604,363735.033877898,179689172.9777426,317166.88075166184,2066.352405719449,15.497643042895938,365979451.87206817,546811221.0415123,21,21,1.6,0.75,5.5,50.0,0.15,0.675
A_screening_only,SARS-CoV-2,rapid,Rapid Antigen Test (RAT),10,0.5x,0.5,low_resource,300000,365,33757831.411064446,33757831.411064446,-1250000.0,8512074.310613224,1808815.7910053064,23109704.010714695,1577237.2987312763,10275.544184163213,77.06658138122361,106999764.20340681,140757595.61447126,21,21,1.6,0.75,5.5,50.0,0.75,0.675
A_screening_only,SARS-CoV-2,rapid,Rapid Antigen Test (RAT),10,0.5x,0.5,base_case,3500000,365,280261340.858688,280261340.858688,-1250000.0,8512074.310613224,1808815.7910053064,269613213.45833945,1577237.2987312763,10275.544184163213,77.06658138122361,543197046.5762736,823458387.4349616,21,21,1.6,0.75,5.5,50.0,0.75,0.675
A_screening_only,SARS-CoV-2,rapid,Rapid Antigen Test (RAT),10,0.5x,0.5,high_income,11600000,365,904223349.1479845,904223349.1479845,-1250000.0,8512074.310613224,1808815.7910053064,893575221.7476361,1577237.2987312763,10275.544184163213,77.06658138122361,1647321417.582594,2551544766.7305784,21,21,1.6,0.75,5.5,50.0,0.75,0.675
A_screening_only,SARS-CoV-2,rapid,Rapid Antigen Test (RAT),10,1x,1.0,low_resource,300000,365,68294460.50671867,68294460.50671867,-1250000.0,16909576.85364089,3593285.0813986855,45908353.44879866,3133245.122880523,20412.27059108019,153.09202943310095,168719919.87784007,237014380.38455874,21,21,1.6,0.75,5.5,50.0,1.5,0.675
A_screening_only,SARS-CoV-2,rapid,Rapid Antigen Test (RAT),10,1x,1.0,base_case,3500000,365,557983563.9605733,557983563.9605733,-1250000.0,16909576.85364089,3593285.0813986855,535597456.90264976,3133245.122880523,20412.27059108019,153.09202943310095,1039512387.5038227,1597495951.464396,21,21,1.6,0.75,5.5,50.0,1.5,0.675
A_screening_only,SARS-CoV-2,rapid,Rapid Antigen Test (RAT),10,1x,1.0,high_income,11600000,365,1797509107.0781345,1797509107.0781345,-1250000.0,16909576.85364089,3593285.0813986855,1775123000.020215,3133245.122880523,20412.27059108019,153.09202943310095,3243705821.1820946,5041214928.260229,21,21,1.6,0.75,5.5,50.0,1.5,0.675
A_screening_only,SARS-CoV-2,rapid,Rapid Antigen Test (RAT),10,2x,2.0,low_resource,300000,365,135992001.42348987,135992001.42348987,-1250000.0,33370079.424137346,7091141.877629194,90597500.69901541,6183279.422707826,40280.46555125527,302.1034916344138,291486252.29221225,427478253.7157021,21,21,1.6,0.75,5.5,50.0,3.0,0.675
A_screening_only,SARS-CoV-2,rapid,Rapid Antigen Test (RAT),10,2x,2.0,base_case,3500000,365,1102365342.2129922,1102365342.2129922,-1250000.0,33370079.424137346,7091141.877629194,1056970841.4885123,6183279.422707826,40280.46555125527,302.1034916344138,2026723347.3735142,3129088689.5865064,21,21,1.6,0.75,5.5,50.0,3.0,0.675
A_screening_only,SARS-CoV-2,rapid,Rapid Antigen Test (RAT),10,2x,2.0,high_income,11600000,365,3548497861.0864143,3548497861.0864143,-1250000.0,33370079.424137346,7091141.877629194,3503103360.3619394,6183279.422707826,40280.46555125527,302.1034916344138,6419042244.298059,9967540105.384474,21,21,1.6,0.75,5.5,50.0,3.0,0.675
A_screening_only,SARS-CoV-2,rapid,Rapid Antigen Test (RAT),14,0.1x,0.1,low_resource,300000,365,6497721.706983425,6497721.706983425,-1750000.0000000075,2005414.7096044272,426150.6257909406,5444564.822455467,371591.54913258424,2420.9377832792597,18.157033374594477,57459925.66732523,63957647.37430865,21,21,1.6,0.75,5.5,50.0,0.15,0.675
A_screening_only,SARS-CoV-2,rapid,Rapid Antigen Test (RAT),14,0.1x,0.1,base_case,3500000,365,64573079.813174695,64573079.813174695,-1750000.0000000075,2005414.7096044272,426150.6257909406,63519922.928647,371591.54913258424,2420.9377832792597,18.157033374594477,144828287.07043824,209401366.88361293,21,21,1.6,0.75,5.5,50.0,0.15,0.675
A_screening_only,SARS-CoV-2,rapid,Rapid Antigen Test (RAT),14,0.1x,0.1,high_income,11600000,365,211576330.01947224,211576330.01947224,-1750000.0000000075,2005414.7096044272,426150.6257909406,210523173.13494366,371591.54913258424,2420.9377832792597,18.157033374594477,365979451.87206817,577555781.8915404,21,21,1.6,0.75,5.5,50.0,0.15,0.675
A_screening_only,SARS-CoV-2,rapid,Rapid Antigen Test (RAT),14,0.5x,0.5,low_resource,300000,365,39257523.71494493,39257523.71494493,-1750000.0000000075,9970885.801441638,2118813.2328063543,27070278.19395925,1847546.486737711,12036.614476555958,90.27460857416949,106999764.20340681,146257287.91835174,21,21,1.6,0.75,5.5,50.0,0.75,0.675
A_screening_only,SARS-CoV-2,rapid,Rapid Antigen Test (RAT),14,0.5x,0.5,base_case,3500000,365,328007157.7838428,328007157.7838428,-1750000.0000000075,9970885.801441638,2118813.2328063543,315819912.2628577,1847546.486737711,12036.614476555958,90.27460857416949,543197046.5762736,871204204.3601164,21,21,1.6,0.75,5.5,50.0,0.75,0.675
A_screening_only,SARS-CoV-2,rapid,Rapid Antigen Test (RAT),14,0.5x,0.5,high_income,11600000,365,1058904669.02074,1058904669.02074,-1750000.0000000075,9970885.801441638,2118813.2328063543,1046717423.4997566,1847546.486737711,12036.614476555958,90.27460857416949,1647321417.582594,2706226086.603334,21,21,1.6,0.75,5.5,50.0,0.75,0.675
A_screening_only,SARS-CoV-2,rapid,Rapid Antigen Test (RAT),14,1x,1.0,low_resource,300000,365,79694761.98750734,79694761.98750734,-1750000.0000000075,19803107.99910789,4208160.449810422,53764094.11522485,3669399.4233640963,23905.236957166344,179.28927717874785,168719919.87784007,248414681.86534742,21,21,1.6,0.75,5.5,50.0,1.5,0.675
A_screening_only,SARS-CoV-2,rapid,Rapid Antigen Test (RAT),14,1x,1.0,base_case,3500000,365,653178432.5499061,653178432.5499061,-1750000.0000000075,19803107.99910789,4208160.449810422,627247764.6776253,3669399.4233640963,23905.236957166344,179.28927717874785,1039512387.5038227,1692690820.0537288,21,21,1.6,0.75,5.5,50.0,1.5,0.675
A_screening_only,SARS-CoV-2,rapid,Rapid Antigen Test (RAT),14,1x,1.0,high_income,11600000,365,2104808973.6609802,2104808973.6609802,-1750000.0000000075,19803107.99910789,4208160.449810422,2078878305.7886963,3669399.4233640963,23905.236957166344,179.28927717874785,3243705821.1820946,5348514794.843075,21,21,1.6,0.75,5.5,50.0,1.5,0.675
A_screening_only,SARS-CoV-2,rapid,Rapid Antigen Test (RAT),14,2x,2.0,low_resource,300000,365,158906460.2491517,158906460.2491517,-1750000.0000000075,39063251.649704896,8300940.975562293,106054076.87702724,7238190.746857118,47152.70903611928,353.64531777089496,291486252.29221225,450392712.54136395,21,21,1.6,0.75,5.5,50.0,3.0,0.675
A_screening_only,SARS-CoV-2,rapid,Rapid Antigen Test (RAT),14,2x,2.0,base_case,3500000,365,1290149946.937446,1290149946.937446,-1750000.0000000075,39063251.649704896,8300940.975562293,1237297563.5653117,7238190.746857118,47152.70903611928,353.64531777089496,2026723347.3735142,3316873294.3109603,21,21,1.6,0.75,5.5,50.0,3.0,0.675
A_screening_only,SARS-CoV-2,rapid,Rapid Antigen Test (RAT),14,2x,2.0,high_income,11600000,365,4153610022.617176,4153610022.617176,-1750000.0000000075,39063251.649704896,8300940.975562293,4100757639.245057,7238190.746857118,47152.70903611928,353.64531777089496,6419042244.298059,10572652266.915236,21,21,1.6,0.75,5.5,50.0,3.0,0.675
A_screening_only,SARS-CoV-2,lab,Laboratory PCR,2,0.1x,0.1,low_resource,300000,365,1020250.4469425082,1020250.4469425082,-1999999.9999999404,734367.003176167,156052.9881749354,1993756.5697090514,136073.88588264302,886.5252511756491,6.6489393838170825,363120611.9779624,364140862.4249049,21,21,1.6,0.75,5.5,50.0,0.15,0.97
A_screening_only,SARS-CoV-2,lab,Laboratory PCR,2,0.1x,0.1,base_case,3500000,365,22286987.1905061,22286987.1905061,-1999999.9999999404,734367.003176167,156052.9881749354,23260493.313272305,136073.88588264302,886.5252511756491,6.6489393838170825,382160166.12906146,404447153.31956756,21,21,1.6,0.75,5.5,50.0,0.15,0.97
A_screening_only,SARS-CoV-2,lab,Laboratory PCR,2,0.1x,0.1,high_income,11600000,365,76118414.57265002,76118414.57265002,-1999999.9999999404,734367.003176167,156052.9881749354,77091920.69541621,136073.88588264302,886.5252511756491,6.6489393838170825,430354037.5740313,506472452.1466813,21,21,1.6,0.75,5.5,50.0,0.15,0.97
A_screening_only,SARS-CoV-2,lab,Laboratory PCR,2,0.5x,0.5,low_resource,300000,365,13074172.302216709,13074172.302216709,-1999999.9999999404,3665250.592097548,778865.7508207305,9950906.584880231,679149.3744180726,4424.664670304057,33.18498502728159,373929665.33756965,387003837.63978636,21,21,1.6,0.75,5.5,50.0,0.75,0.97
A_screening_only,SARS-CoV-2,lab,Laboratory PCR,2,0.5x,0.5,base_case,3500000,365,119217175.87427205,119217175.87427205,-1999999.9999999404,3665250.592097548,778865.7508207305,116093910.15693574,679149.3744180726,4424.664670304057,33.18498502728159,469079891.8597569,588297067.7340289,21,21,1.6,0.75,5.5,50.0,0.75,0.97
A_screening_only,SARS-CoV-2,lab,Laboratory PCR,2,0.5x,0.5,high_income,11600000,365,387891653.66603863,387891653.66603863,-1999999.9999999404,3665250.592097548,778865.7508207305,384768387.9487015,679149.3744180726,4424.664670304057,33.18498502728159,709928902.7440425,1097820556.4100811,21,21,1.6,0.75,5.5,50.0,0.75,0.97
A_screening_only,SARS-CoV-2,lab,Laboratory PCR,2,1x,1.0,low_resource,300000,365,28080921.709797442,28080921.709797442,-1999999.9999999404,7314107.461240906,1554247.835513689,19857305.32463597,1355261.0884064022,8829.506922130728,66.22130191598262,387425816.772256,415506738.48205346,21,21,1.6,0.75,5.5,50.0,1.5,0.97
A_screening_only,SARS-CoV-2,lab,Laboratory PCR,2,1x,1.0,base_case,3500000,365,239892178.50591338,239892178.50591338,-1999999.9999999404,7314107.461240906,1554247.835513689,231668562.12075225,1355261.0884064022,8829.506922130728,66.22130191598262,577607599.3375094,817499777.8434228,21,21,1.6,0.75,5.5,50.0,1.5,0.97
A_screening_only,SARS-CoV-2,lab,Laboratory PCR,2,1x,1.0,high_income,11600000,365,776039422.2710842,776039422.2710842,-1999999.9999999404,7314107.461240906,1554247.835513689,767815805.8859202,1355261.0884064022,8829.506922130728,66.22130191598262,1059005236.4558066,1835044658.7268908,21,21,1.6,0.75,5.5,50.0,1.5,0.97
A_screening_only,SARS-CoV-2,lab,Laboratory PCR,2,2x,2.0,low_resource,300000,365,57893980.8410064,57893980.8410064,-1999999.9999999404,14563084.747830432,3094655.5089139575,39537786.64569347,2698453.9385685865,17580.262721892956,131.85197041420182,414367739.0304167,472261719.8714231,21,21,1.6,0.75,5.5,50.0,3.0,0.97
A_screening_only,SARS-CoV-2,lab,Laboratory PCR,2,2x,2.0,base_case,3500000,365,479630371.72840357,479630371.72840357,-1999999.9999999404,14563084.747830432,3094655.5089139575,461274177.53309035,2698453.9385685865,17580.262721892956,131.85197041420182,794257884.5593526,1273888256.2877562,21,21,1.6,0.75,5.5,50.0,3.0,0.97
A_screening_only,SARS-CoV-2,lab,Laboratory PCR,2,2x,2.0,high_income,11600000,365,1547150611.1621282,1547150611.1621282,-1999999.9999999404,14563084.747830432,3094655.5089139575,1528794416.966812,2698453.9385685865,17580.262721892956,131.85197041420182,1755854815.4294732,3303005426.5916014,21,21,1.6,0.75,5.5,50.0,3.0,0.97
A_screening_only,SARS-CoV-2,lab,Laboratory PCR,5,0.1x,0.1,low_resource,300000,365,1453091.668550849,1453091.668550849,-4999999.99999994,1569054.511572674,333424.0837091928,4259876.502007268,290736.57126199553,1894.1599646009145,14.206199734507127,363120611.9779624,364573703.6465132,21,21,1.6,0.75,5.5,50.0,0.15,0.97
A_screening_only,SARS-CoV-2,lab,Laboratory PCR,5,0.1x,0.1,base_case,3500000,365,46891774.35662836,46891774.35662836,-4999999.99999994,1569054.511572674,333424.0837091928,49698559.19008476,290736.57126199553,1894.1599646009145,14.206199734507127,382160166.12906146,429051940.4856898,21,21,1.6,0.75,5.5,50.0,0.15,0.97
A_screening_only,SARS-CoV-2,lab,Laboratory PCR,5,0.1x,0.1,high_income,11600000,365,161908439.9108246,161908439.9108246,-4999999.99999994,1569054.511572674,333424.0837091928,164715224.74428087,290736.57126199553,1894.1599646009145,14.206199734507127,430354037.5740313,592262477.4848559,21,21,1.6,0.75,5.5,50.0,0.15,0.97
A_screening_only,SARS-CoV-2,lab,Laboratory PCR,5,0.5x,0.5,low_resource,300000,365,27183545.985986948,27183545.985986948,-4999999.99999994,7825355.7552603735,1662888.097992829,21245309.7427883,1449992.3899453,9446.722876444304,70.85042157333362,373929665.33756965,401113211.3235566,21,21,1.6,0.75,5.5,50.0,0.75,0.97
A_screening_only,SARS-CoV-2,lab,Laboratory PCR,5,0.5x,0.5,base_case,3500000,365,253800183.2423945,253800183.2423945,-4999999.99999994,7825355.7552603735,1662888.097992829,247861946.99919635,1449992.3899453,9446.722876444304,70.85042157333362,469079891.8597569,722880075.1021514,21,21,1.6,0.75,5.5,50.0,0.75,0.97
A_screening_only,SARS-CoV-2,lab,Laboratory PCR,5,0.5x,0.5,high_income,11600000,365,827423546.29768,827423546.29768,-4999999.99999994,7825355.7552603735,1662888.097992829,821485310.0544807,1449992.3899453,9446.722876444304,70.85042157333362,709928902.7440425,1537352449.0417225,21,21,1.6,0.75,5.5,50.0,0.75,0.97
A_screening_only,SARS-CoV-2,lab,Laboratory PCR,5,1x,1.0,low_resource,300000,365,59163571.7570979,59163571.7570979,-4999999.99999994,15601226.034759792,3315260.532386459,42356269.77762845,2890815.4123231354,18833.62443239397,141.2521832429569,387425816.772256,446589388.5293539,21,21,1.6,0.75,5.5,50.0,1.5,0.97
A_screening_only,SARS-CoV-2,lab,Laboratory PCR,5,1x,1.0,base_case,3500000,365,510963782.7184663,510963782.7184663,-4999999.99999994,15601226.034759792,3315260.532386459,494156480.73899794,2890815.4123231354,18833.62443239397,141.2521832429569,577607599.3375094,1088571382.0559757,21,21,1.6,0.75,5.5,50.0,1.5,0.97
A_screening_only,SARS-CoV-2,lab,Laboratory PCR,5,1x,1.0,high_income,11600000,365,1654583066.7144346,1654583066.7144346,-4999999.99999994,15601226.034759792,3315260.532386459,1637775764.73497,2890815.4123231354,18833.62443239397,141.2521832429569,1059005236.4558066,2713588303.1702414,21,21,1.6,0.75,5.5,50.0,1.5,0.97
A_screening_only,SARS-CoV-2,lab,Laboratory PCR,5,2x,2.0,low_resource,300000,365,122521345.32870507,122521345.32870507,-4999999.99999994,31006524.07975885,6588886.366948746,84180608.36133602,5745326.520661198,37430.40131788639,280.7280098841523,414367739.0304167,536889084.3591218,21,21,1.6,0.75,5.5,50.0,3.0,0.97
A_screening_only,SARS-CoV-2,lab,Laboratory PCR,5,2x,2.0,base_case,3500000,365,1020447834.5162892,1020447834.5162892,-4999999.99999994,31006524.07975885,6588886.366948746,982107097.5489192,5745326.520661198,37430.40131788639,280.7280098841523,794257884.5593526,1814705719.0756419,21,21,1.6,0.75,5.5,50.0,3.0,0.97
A_screening_only,SARS-CoV-2,lab,Laboratory PCR,5,2x,2.0,high_income,11600000,365,3293324260.2723637,3293324260.2723637,-4999999.99999994,31006524.07975885,6588886.366948746,3254983523.3049917,5745326.520661198,37430.40131788639,280.7280098841523,1755854815.4294732,5049179075.701837,21,21,1.6,0.75,5.5,50.0,3.0,0.97
A_screening_only,SARS-CoV-2,lab,Laboratory PCR,10,0.1x,0.1,low_resource,300000,365,121830.847917974,121830.847917974,-10000000.0,2461100.070017616,522983.76487874327,6681719.647106651,456027.3659150289,2971.044873776621,22.28283655332497,363120611.9779624,363242442.82588035,21,21,1.6,0.75,5.5,50.0,0.15,0.97
A_screening_only,SARS-CoV-2,lab,Laboratory PCR,10,0.1x,0.1,base_case,3500000,365,71393507.08372301,71393507.08372301,-10000000.0,2461100.070017616,522983.76487874327,77953395.88291097,456027.3659150289,2971.044873776621,22.28283655332497,382160166.12906146,453553673.21278447,21,21,1.6,0.75,5.5,50.0,0.15,0.97
A_screening_only,SARS-CoV-2,lab,Laboratory PCR,10,0.1x,0.1,high_income,11600000,365,251799937.55560106,251799937.55560106,-10000000.0,2461100.070017616,522983.76487874327,258359826.35479128,456027.3659150289,2971.044873776621,22.28283655332497,430354037.5740313,682153975.1296324,21,21,1.6,0.75,5.5,50.0,0.15,0.97
A_screening_only,SARS-CoV-2,lab,Laboratory PCR,10,0.5x,0.5,low_resource,300000,365,40443386.36717224,40443386.36717224,-10000000.0,12265194.270235091,2606353.782424961,33299169.964439265,2272668.3500729785,14806.504751244976,111.04878563433397,373929665.33756965,414373051.7047419,21,21,1.6,0.75,5.5,50.0,0.75,0.97
A_screening_only,SARS-CoV-2,lab,Laboratory PCR,10,0.5x,0.5,base_case,3500000,365,395634532.6545232,395634532.6545232,-10000000.0,12265194.270235091,2606353.782424961,388490316.251791,2272668.3500729785,14806.504751244976,111.04878563433397,469079891.8597569,864714424.5142801,21,21,1.6,0.75,5.5,50.0,0.75,0.97
A_screening_only,SARS-CoV-2,lab,Laboratory PCR,10,0.5x,0.5,high_income,11600000,365,1294712121.6943817,1294712121.6943817,-10000000.0,12265194.270235091,2606353.782424961,1287567905.2916508,2272668.3500729785,14806.504751244976,111.04878563433397,709928902.7440425,2004641024.438424,21,21,1.6,0.75,5.5,50.0,0.75,0.97
A_screening_only,SARS-CoV-2,lab,Laboratory PCR,10,1x,1.0,low_resource,300000,365,90475810.11927825,90475810.11927825,-10000000.0,24430463.918540612,5191473.582689878,66327051.36255363,4526821.255494286,29492.227737185447,221.1917080288843,387425816.772256,477901626.89153427,21,21,1.6,0.75,5.5,50.0,1.5,0.97
A_screening_only,SARS-CoV-2,lab,Laboratory PCR,10,1x,1.0,base_case,3500000,365,797964357.986517,797964357.986517,-10000000.0,24430463.918540612,5191473.582689878,773815599.229793,4526821.255494286,29492.227737185447,221.1917080288843,577607599.3375094,1375571957.3240263,21,21,1.6,0.75,5.5,50.0,1.5,0.97
A_screening_only,SARS-CoV-2,lab,Laboratory PCR,10,1x,1.0,high_income,11600000,365,2588794744.775469,2588794744.775469,-10000000.0,24430463.918540612,5191473.582689878,2564645986.018746,4526821.255494286,29492.227737185447,221.1917080288843,1059005236.4558066,3647799981.2312756,21,21,1.6,0.75,5.5,50.0,1.5,0.97
A_screening_only,SARS-CoV-2,lab,Laboratory PCR,10,2x,2.0,low_resource,300000,365,189330357.36773813,189330357.36773813,-10000000.0,48466721.47018571,10299178.312414467,131583859.19507423,8980598.390063822,58507.974898893175,438.8098117416866,414367739.0304167,603698096.3981549,21,21,1.6,0.75,5.5,50.0,3.0,0.97
A_screening_only,SARS-CoV-2,lab,Laboratory PCR,10,2x,2.0,base_case,3500000,365,1592891522.1151998,1592891522.1151998,-10000000.0,48466721.47018571,10299178.312414467,1535145023.942533,8980598.390063822,58507.974898893175,438.8098117416866,794257884.5593526,2387149406.6745524,21,21,1.6,0.75,5.5,50.0,3.0,0.97
A_screening_only,SARS-CoV-2,lab,Laboratory PCR,10,2x,2.0,high_income,11600000,365,5145655720.382202,5145655720.382202,-10000000.0,48466721.47018571,10299178.312414467,5087909222.209543,8980598.390063822,58507.974898893175,438.8098117416866,1755854815.4294732,6901510535.811675,21,21,1.6,0.75,5.5,50.0,3.0,0.97
A_screening_only,SARS-CoV-2,lab,Laboratory PCR,14,0.1x,0.1,low_resource,300000,365,-2141656.949640572,0.0,-14000000.00000006,2883329.048868201,612707.4228844922,7828042.666610502,534263.9119961655,3480.770334995925,26.10577751246877,363120611.9779624,360978955.0283218,21,21,1.6,0.75,5.5,50.0,0.15,0.97
A_screening_only,SARS-CoV-2,lab,Laboratory PCR,14,0.1x,0.1,base_case,3500000,365,81357464.82753831,81357464.82753831,-14000000.00000006,2883329.048868201,612707.4228844922,91327164.44378924,534263.9119961655,3480.770334995925,26.10577751246877,382160166.12906146,463517630.9565998,21,21,1.6,0.75,5.5,50.0,0.15,0.97
A_screening_only,SARS-CoV-2,lab,Laboratory PCR,14,0.1x,0.1,high_income,11600000,365,292714616.826021,292714616.826021,-14000000.00000006,2883329.048868201,612707.4228844922,302684316.442272,534263.9119961655,3480.770334995925,26.10577751246877,430354037.5740313,723068654.4000523,21,21,1.6,0.75,5.5,50.0,0.15,0.97
A_screening_only,SARS-CoV-2,lab,Laboratory PCR,14,0.5x,0.5,low_resource,300000,365,45079570.24396896,45079570.24396896,-14000000.00000006,14365062.669857968,3052575.817344821,39000170.14441086,2661761.6123560364,17341.50309140428,130.06127318552853,373929665.33756965,419009235.5815386,21,21,1.6,0.75,5.5,50.0,0.75,0.97
A_screening_only,SARS-CoV-2,lab,Laboratory PCR,14,0.5x,0.5,base_case,3500000,365,461081385.11768454,461081385.11768454,-14000000.00000006,14365062.669857968,3052575.817344821,455001985.01812714,2661761.6123560364,17341.50309140428,130.06127318552853,469079891.8597569,930161276.9774414,21,21,1.6,0.75,5.5,50.0,0.75,0.97
A_screening_only,SARS-CoV-2,lab,Laboratory PCR,14,0.5x,0.5,high_income,11600000,365,1514085979.0167751,1514085979.0167751,-14000000.00000006,14365062.669857968,3052575.817344821,1508006578.91722,2661761.6123560364,17341.50309140428,130.06127318552853,709928902.7440425,2224014881.7608175,21,21,1.6,0.75,5.5,50.0,0.75,0.97
A_screening_only,SARS-CoV-2,lab,Laboratory PCR,14,1x,1.0,low_resource,300000,365,103633720.72405428,103633720.72405428,-14000000.00000006,28602370.723271966,6078003.778695289,77653495.176304,5299851.045782744,34528.58911947174,258.964418396031,387425816.772256,491059537.4963103,21,21,1.6,0.75,5.5,50.0,1.5,0.97
A_screening_only,SARS-CoV-2,lab,Laboratory PCR,14,1x,1.0,base_case,3500000,365,931937669.2712963,931937669.2712963,-14000000.00000006,28602370.723271966,6078003.778695289,905957443.723547,5299851.045782744,34528.58911947174,258.964418396031,577607599.3375094,1509545268.6088057,21,21,1.6,0.75,5.5,50.0,1.5,0.97
A_screening_only,SARS-CoV-2,lab,Laboratory PCR,14,1x,1.0,high_income,11600000,365,3028582039.0315027,3028582039.0315027,-14000000.00000006,28602370.723271966,6078003.778695289,3002601813.483756,5299851.045782744,34528.58911947174,258.964418396031,1059005236.4558066,4087587275.4873095,21,21,1.6,0.75,5.5,50.0,1.5,0.97
A_screening_only,SARS-CoV-2,lab,Laboratory PCR,14,2x,2.0,low_resource,300000,365,219197976.6996392,219197976.6996392,-14000000.00000006,56701555.81601104,12049080.61090234,153940875.51858222,10506464.75414322,68448.9887340444,513.3674155053179,414367739.0304167,633565715.7300559,21,21,1.6,0.75,5.5,50.0,3.0,0.97
A_screening_only,SARS-CoV-2,lab,Laboratory PCR,14,2x,2.0,base_case,3500000,365,1861233982.2311819,1861233982.2311819,-14000000.00000006,56701555.81601104,12049080.61090234,1795976881.050127,10506464.75414322,68448.9887340444,513.3674155053179,794257884.5593526,2655491866.7905345,21,21,1.6,0.75,5.5,50.0,3.0,0.97
A_screening_only,SARS-CoV-2,lab,Laboratory PCR,14,2x,2.0,high_income,11600000,365,6017637621.232903,6017637621.232903,-14000000.00000006,56701555.81601104,12049080.61090234,5952380520.051836,10506464.75414322,68448.9887340444,513.3674155053179,1755854815.4294732,7773492436.662375,21,21,1.6,0.75,5.5,50.0,3.0,0.97
A_screening_only,SARS-CoV-2,molecular,High-throughput molecular screening,2,0.1x,0.1,low_resource,300000,365,2620250.4469428957,2620250.4469428957,-400000.0000000149,734367.003176167,156052.9881749354,1993756.5697090514,136073.88588264302,886.5252511756491,6.6489393838170825,74787283.49088757,77407533.93783046,21,21,1.6,0.75,5.5,50.0,0.15,0.97
A_screening_only,SARS-CoV-2,molecular,High-throughput molecular screening,2,0.1x,0.1,base_case,3500000,365,23886987.19050607,23886987.19050607,-400000.0000000149,734367.003176167,156052.9881749354,23260493.313272305,136073.88588264302,886.5252511756491,6.6489393838170825,93826837.64198668,117713824.83249275,21,21,1.6,0.75,5.5,50.0,0.15,0.97
A_screening_only,SARS-CoV-2,molecular,High-throughput molecular screening,2,0.1x,0.1,high_income,11600000,365,77718414.57265046,77718414.57265046,-400000.0000000149,734367.003176167,156052.9881749354,77091920.69541621,136073.88588264302,886.5252511756491,6.6489393838170825,142020709.08695617,219739123.65960664,21,21,1.6,0.75,5.5,50.0,0.15,0.97
A_screening_only,SARS-CoV-2,molecular,High-throughput molecular screening,2,0.5x,0.5,low_resource,300000,365,14674172.30221662,14674172.30221662,-400000.0000000149,3665250.592097548,778865.7508207305,9950906.584880231,679149.3744180726,4424.664670304057,33.18498502728159,85596336.8504948,100270509.15271142,21,21,1.6,0.75,5.5,50.0,0.75,0.97
A_screening_only,SARS-CoV-2,molecular,High-throughput molecular screening,2,0.5x,0.5,base_case,3500000,365,120817175.87427214,120817175.87427214,-400000.0000000149,3665250.592097548,778865.7508207305,116093910.15693574,679149.3744180726,4424.664670304057,33.18498502728159,180746563.37268183,301563739.24695396,21,21,1.6,0.75,5.5,50.0,0.75,0.97
A_screening_only,SARS-CoV-2,molecular,High-throughput molecular screening,2,0.5x,0.5,high_income,11600000,365,389491653.6660381,389491653.6660381,-400000.0000000149,3665250.592097548,778865.7508207305,384768387.9487015,679149.3744180726,4424.664670304057,33.18498502728159,421595574.2569677,811087227.9230058,21,21,1.6,0.75,5.5,50.0,0.75,0.97
A_screening_only,SARS-CoV-2,molecular,High-throughput molecular screening,2,1x,1.0,low_resource,300000,365,29680921.709796906,29680921.709796906,-400000.0000000149,7314107.461240906,1554247.835513689,19857305.32463597,1355261.0884064022,8829.506922130728,66.22130191598262,99092488.2851813,128773409.9949782,21,21,1.6,0.75,5.5,50.0,1.5,0.97
A_screening_only,SARS-CoV-2,molecular,High-throughput molecular screening,2,1x,1.0,base_case,3500000,365,241492178.50591385,241492178.50591385,-400000.0000000149,7314107.461240906,1554247.835513689,231668562.12075225,1355261.0884064022,8829.506922130728,66.22130191598262,289274270.85043436,530766449.3563482,21,21,1.6,0.75,5.5,50.0,1.5,0.97
A_screening_only,SARS-CoV-2,molecular,High-throughput molecular screening,2,1x,1.0,high_income,11600000,365,777639422.2710824,777639422.2710824,-400000.0000000149,7314107.461240906,1554247.835513689,767815805.8859202,1355261.0884064022,8829.506922130728,66.22130191598262,770671907.9687321,1548311330.2398145,21,21,1.6,0.75,5.5,50.0,1.5,0.97
A_screening_only,SARS-CoV-2,molecular,High-throughput molecular screening,2,2x,2.0,low_resource,300000,365,59493980.84100656,59493980.84100656,-400000.0000000149,14563084.747830432,3094655.5089139575,39537786.64569347,2698453.9385685865,17580.262721892956,131.85197041420182,126034410.54334207,185528391.38434863,21,21,1.6,0.75,5.5,50.0,3.0,0.97
A_screening_only,SARS-CoV-2,molecular,High-throughput molecular screening,2,2x,2.0,base_case,3500000,365,481230371.72840375,481230371.72840375,-400000.0000000149,14563084.747830432,3094655.5089139575,461274177.53309035,2698453.9385685865,17580.262721892956,131.85197041420182,505924556.0722794,987154927.8006831,21,21,1.6,0.75,5.5,50.0,3.0,0.97
A_screening_only,SARS-CoV-2,molecular,High-throughput molecular screening,2,2x,2.0,high_income,11600000,365,1548750611.1621292,1548750611.1621292,-400000.0000000149,14563084.747830432,3094655.5089139575,1528794416.966812,2698453.9385685865,17580.262721892956,131.85197041420182,1467521486.9424002,3016272098.1045294,21,21,1.6,0.75,5.5,50.0,3.0,0.97
A_screening_only,SARS-CoV-2,molecular,High-throughput molecular screening,5,0.1x,0.1,low_resource,300000,365,5453091.668551236,5453091.668551236,-1000000.0000000298,1569054.511572674,333424.0837091928,4259876.502007268,290736.57126199553,1894.1599646009145,14.206199734507127,74787283.49088757,80240375.1594388,21,21,1.6,0.75,5.5,50.0,0.15,0.97
A_screening_only,SARS-CoV-2,molecular,High-throughput molecular screening,5,0.1x,0.1,base_case,3500000,365,50891774.35662864,50891774.35662864,-1000000.0000000298,1569054.511572674,333424.0837091928,49698559.19008476,290736.57126199553,1894.1599646009145,14.206199734507127,93826837.64198668,144718611.99861532,21,21,1.6,0.75,5.5,50.0,0.15,0.97
A_screening_only,SARS-CoV-2,molecular,High-throughput molecular screening,5,0.1x,0.1,high_income,11600000,365,165908439.91082498,165908439.91082498,-1000000.0000000298,1569054.511572674,333424.0837091928,164715224.74428087,290736.57126199553,1894.1599646009145,14.206199734507127,142020709.08695617,307929148.99778116,21,21,1.6,0.75,5.5,50.0,0.15,0.97
A_screening_only,SARS-CoV-2,molecular,High-throughput molecular screening,5,0.5x,0.5,low_resource,300000,365,31183545.985986754,31183545.985986754,-1000000.0000000298,7825355.7552603735,1662888.097992829,21245309.7427883,1449992.3899453,9446.722876444304,70.85042157333362,85596336.8504948,116779882.83648156,21,21,1.6,0.75,5.5,50.0,0.75,0.97
A_screening_only,SARS-CoV-2,molecular,High-throughput molecular screening,5,0.5x,0.5,base_case,3500000,365,257800183.2423952,257800183.2423952,-1000000.0000000298,7825355.7552603735,1662888.097992829,247861946.99919635,1449992.3899453,9446.722876444304,70.85042157333362,180746563.37268183,438546746.615077,21,21,1.6,0.75,5.5,50.0,0.75,0.97
A_screening_only,SARS-CoV-2,molecular,High-throughput molecular screening,5,0.5x,0.5,high_income,11600000,365,831423546.2976792,831423546.2976792,-1000000.0000000298,7825355.7552603735,1662888.097992829,821485310.0544807,1449992.3899453,9446.722876444304,70.85042157333362,421595574.2569677,1253019120.554647,21,21,1.6,0.75,5.5,50.0,0.75,0.97
A_screening_only,SARS-CoV-2,molecular,High-throughput molecular screening,5,1x,1.0,low_resource,300000,365,63163571.757097766,63163571.757097766,-1000000.0000000298,15601226.034759792,3315260.532386459,42356269.77762845,2890815.4123231354,18833.62443239397,141.2521832429569,99092488.2851813,162256060.04227906,21,21,1.6,0.75,5.5,50.0,1.5,0.97
A_screening_only,SARS-CoV-2,molecular,High-throughput molecular screening,5,1x,1.0,base_case,3500000,365,514963782.718466,514963782.718466,-1000000.0000000298,15601226.034759792,3315260.532386459,494156480.73899794,2890815.4123231354,18833.62443239397,141.2521832429569,289274270.85043436,804238053.5689003,21,21,1.6,0.75,5.5,50.0,1.5,0.97
A_screening_only,SARS-CoV-2,molecular,High-throughput molecular screening,5,1x,1.0,high_income,11600000,365,1658583066.7144368,1658583066.7144368,-1000000.0000000298,15601226.034759792,3315260.532386459,1637775764.73497,2890815.4123231354,18833.62443239397,141.2521832429569,770671907.9687321,2429254974.683169,21,21,1.6,0.75,5.5,50.0,1.5,0.97
A_screening_only,SARS-CoV-2,molecular,High-throughput molecular screening,5,2x,2.0,low_resource,300000,365,126521345.32870488,126521345.32870488,-1000000.0000000298,31006524.07975885,6588886.366948746,84180608.36133602,5745326.520661198,37430.40131788639,280.7280098841523,126034410.54334207,252555755.87204695,21,21,1.6,0.75,5.5,50.0,3.0,0.97
A_screening_only,SARS-CoV-2,molecular,High-throughput molecular screening,5,2x,2.0,base_case,3500000,365,1024447834.5162902,1024447834.5162902,-1000000.0000000298,31006524.07975885,6588886.366948746,982107097.5489192,5745326.520661198,37430.40131788639,280.7280098841523,505924556.0722794,1530372390.5885696,21,21,1.6,0.75,5.5,50.0,3.0,0.97
A_screening_only,SARS-CoV-2,molecular,High-throughput molecular screening,5,2x,2.0,high_income,11600000,365,3297324260.2723694,3297324260.2723694,-1000000.0000000298,31006524.07975885,6588886.366948746,3254983523.3049917,5745326.520661198,37430.40131788639,280.7280098841523,1467521486.9424002,4764845747.214769,21,21,1.6,0.75,5.5,50.0,3.0,0.97
A_screening_only,SARS-CoV-2,molecular,High-throughput molecular screening,10,0.1x,0.1,low_resource,300000,365,8121830.8479180485,8121830.8479180485,-2000000.0,2461100.070017616,522983.76487874327,6681719.647106651,456027.3659150289,2971.044873776621,22.28283655332497,74787283.49088757,82909114.33880562,21,21,1.6,0.75,5.5,50.0,0.15,0.97
A_screening_only,SARS-CoV-2,molecular,High-throughput molecular screening,10,0.1x,0.1,base_case,3500000,365,79393507.08372231,79393507.08372231,-2000000.0,2461100.070017616,522983.76487874327,77953395.88291097,456027.3659150289,2971.044873776621,22.28283655332497,93826837.64198668,173220344.725709,21,21,1.6,0.75,5.5,50.0,0.15,0.97
A_screening_only,SARS-CoV-2,molecular,High-throughput molecular screening,10,0.1x,0.1,high_income,11600000,365,259799937.55560157,259799937.55560157,-2000000.0,2461100.070017616,522983.76487874327,258359826.35479128,456027.3659150289,2971.044873776621,22.28283655332497,142020709.08695617,401820646.64255774,21,21,1.6,0.75,5.5,50.0,0.15,0.97
A_screening_only,SARS-CoV-2,molecular,High-throughput molecular screening,10,0.5x,0.5,low_resource,300000,365,48443386.36717224,48443386.36717224,-2000000.0,12265194.270235091,2606353.782424961,33299169.964439265,2272668.3500729785,14806.504751244976,111.04878563433397,85596336.8504948,134039723.21766704,21,21,1.6,0.75,5.5,50.0,0.75,0.97
A_screening_only,SARS-CoV-2,molecular,High-throughput molecular screening,10,0.5x,0.5,base_case,3500000,365,403634532.6545228,403634532.6545228,-2000000.0,12265194.270235091,2606353.782424961,388490316.251791,2272668.3500729785,14806.504751244976,111.04878563433397,180746563.37268183,584381096.0272046,21,21,1.6,0.75,5.5,50.0,0.75,0.97
A_screening_only,SARS-CoV-2,molecular,High-throughput molecular screening,10,0.5x,0.5,high_income,11600000,365,1302712121.6943846,1302712121.6943846,-2000000.0,12265194.270235091,2606353.782424961,1287567905.2916508,2272668.3500729785,14806.504751244976,111.04878563433397,421595574.2569677,1724307695.9513524,21,21,1.6,0.75,5.5,50.0,0.75,0.97
A_screening_only,SARS-CoV-2,molecular,High-throughput molecular screening,10,1x,1.0,low_resource,300000,365,98475810.11927842,98475810.11927842,-2000000.0,24430463.918540612,5191473.582689878,66327051.36255363,4526821.255494286,29492.227737185447,221.1917080288843,99092488.2851813,197568298.4044597,21,21,1.6,0.75,5.5,50.0,1.5,0.97
A_screening_only,SARS-CoV-2,molecular,High-throughput molecular screening,10,1x,1.0,base_case,3500000,365,805964357.9865174,805964357.9865174,-2000000.0,24430463.918540612,5191473.582689878,773815599.229793,4526821.255494286,29492.227737185447,221.1917080288843,289274270.85043436,1095238628.8369517,21,21,1.6,0.75,5.5,50.0,1.5,0.97
A_screening_only,SARS-CoV-2,molecular,High-throughput molecular screening,10,1x,1.0,high_income,11600000,365,2596794744.775469,2596794744.775469,-2000000.0,24430463.918540612,5191473.582689878,2564645986.018746,4526821.255494286,29492.227737185447,221.1917080288843,770671907.9687321,3367466652.744201,21,21,1.6,0.75,5.5,50.0,1.5,0.97
A_screening_only,SARS-CoV-2,molecular,High-throughput molecular screening,10,2x,2.0,low_resource,300000,365,197330357.3677385,197330357.3677385,-2000000.0,48466721.47018571,10299178.312414467,131583859.19507423,8980598.390063822,58507.974898893175,438.8098117416866,126034410.54334207,323364767.91108054,21,21,1.6,0.75,5.5,50.0,3.0,0.97
A_screening_only,SARS-CoV-2,molecular,High-throughput molecular screening,10,2x,2.0,base_case,3500000,365,1600891522.1151965,1600891522.1151965,-2000000.0,48466721.47018571,10299178.312414467,1535145023.942533,8980598.390063822,58507.974898893175,438.8098117416866,505924556.0722794,2106816078.187476,21,21,1.6,0.75,5.5,50.0,3.0,0.97
A_screening_only,SARS-CoV-2,molecular,High-throughput molecular screening,10,2x,2.0,high_income,11600000,365,5153655720.382202,5153655720.382202,-2000000.0,48466721.47018571,10299178.312414467,5087909222.209543,8980598.390063822,58507.974898893175,438.8098117416866,1467521486.9424002,6621177207.324602,21,21,1.6,0.75,5.5,50.0,3.0,0.97
A_screening_only,SARS-CoV-2,molecular,High-throughput molecular screening,14,0.1x,0.1,low_resource,300000,365,9058343.050359368,9058343.050359368,-2799999.99999997,2883329.048868201,612707.4228844922,7828042.666610502,534263.9119961655,3480.770334995925,26.10577751246877,74787283.49088757,83845626.54124694,21,21,1.6,0.75,5.5,50.0,0.15,0.97
A_screening_only,SARS-CoV-2,molecular,High-throughput molecular screening,14,0.1x,0.1,base_case,3500000,365,92557464.82753815,92557464.82753815,-2799999.99999997,2883329.048868201,612707.4228844922,91327164.44378924,534263.9119961655,3480.770334995925,26.10577751246877,93826837.64198668,186384302.46952483,21,21,1.6,0.75,5.5,50.0,0.15,0.97
A_screening_only,SARS-CoV-2,molecular,High-throughput molecular screening,14,0.1x,0.1,high_income,11600000,365,303914616.8260211,303914616.8260211,-2799999.99999997,2883329.048868201,612707.4228844922,302684316.442272,534263.9119961655,3480.770334995925,26.10577751246877,142020709.08695617,445935325.9129772,21,21,1.6,0.75,5.5,50.0,0.15,0.97
A_screening_only,SARS-CoV-2,molecular,High-throughput molecular screening,14,0.5x,0.5,low_resource,300000,365,56279570.24396983,56279570.24396983,-2799999.99999997,14365062.669857968,3052575.817344821,39000170.14441086,2661761.6123560364,17341.50309140428,130.06127318552853,85596336.8504948,141875907.09446463,21,21,1.6,0.75,5.5,50.0,0.75,0.97
A_screening_only,SARS-CoV-2,molecular,High-throughput molecular screening,14,0.5x,0.5,base_case,3500000,365,472281385.1176852,472281385.1176852,-2799999.99999997,14365062.669857968,3052575.817344821,455001985.01812714,2661761.6123560364,17341.50309140428,130.06127318552853,180746563.37268183,653027948.490367,21,21,1.6,0.75,5.5,50.0,0.75,0.97
A_screening_only,SARS-CoV-2,molecular,High-throughput molecular screening,14,0.5x,0.5,high_income,11600000,365,1525285979.016777,1525285979.016777,-2799999.99999997,14365062.669857968,3052575.817344821,1508006578.91722,2661761.6123560364,17341.50309140428,130.06127318552853,421595574.2569677,1946881553.2737448,21,21,1.6,0.75,5.5,50.0,0.75,0.97
A_screening_only,SARS-CoV-2,molecular,High-throughput molecular screening,14,1x,1.0,low_resource,300000,365,114833720.72405408,114833720.72405408,-2799999.99999997,28602370.723271966,6078003.778695289,77653495.176304,5299851.045782744,34528.58911947174,258.964418396031,99092488.2851813,213926209.00923538,21,21,1.6,0.75,5.5,50.0,1.5,0.97
A_screening_only,SARS-CoV-2,molecular,High-throughput molecular screening,14,1x,1.0,base_case,3500000,365,943137669.2712979,943137669.2712979,-2799999.99999997,28602370.723271966,6078003.778695289,905957443.723547,5299851.045782744,34528.58911947174,258.964418396031,289274270.85043436,1232411940.1217322,21,21,1.6,0.75,5.5,50.0,1.5,0.97
A_screening_only,SARS-CoV-2,molecular,High-throughput molecular screening,14,1x,1.0,high_income,11600000,365,3039782039.031501,3039782039.031501,-2799999.99999997,28602370.723271966,6078003.778695289,3002601813.483756,5299851.045782744,34528.58911947174,258.964418396031,770671907.9687321,3810453947.000233,21,21,1.6,0.75,5.5,50.0,1.5,0.97
A_screening_only,SARS-CoV-2,molecular,High-throughput molecular screening,14,2x,2.0,low_resource,300000,365,230397976.69963884,230397976.69963884,-2799999.99999997,56701555.81601104,12049080.61090234,153940875.51858222,10506464.75414322,68448.9887340444,513.3674155053179,126034410.54334207,356432387.2429809,21,21,1.6,0.75,5.5,50.0,3.0,0.97
A_screening_only,SARS-CoV-2,molecular,High-throughput molecular screening,14,2x,2.0,base_case,3500000,365,1872433982.2311811,1872433982.2311811,-2799999.99999997,56701555.81601104,12049080.61090234,1795976881.050127,10506464.75414322,68448.9887340444,513.3674155053179,505924556.0722794,2378358538.3034606,21,21,1.6,0.75,5.5,50.0,3.0,0.97
A_screening_only,SARS-CoV-2,molecular,High-throughput molecular screening,14,2x,2.0,high_income,11600000,365,6028837621.232899,6028837621.232899,-2799999.99999997,56701555.81601104,12049080.61090234,5952380520.051836,10506464.75414322,68448.9887340444,513.3674155053179,1467521486.9424002,7496359108.175299,21,21,1.6,0.75,5.5,50.0,3.0,0.97
A_screening_only,Mpox,rapid,Rapid Antigen Test (RAT),2,0.1x,0.1,low_resource,300000,365,531679.5336835235,531679.5336835235,-249999.99999999255,131060.04157568328,27850.25883483287,617854.4817139413,4914.751559088036,41.63831970447177,2.0610968253714006,59194863.99071823,59726543.524401754,21,21,1.5,5.5,10.5,70.0,0.04,0.675
A_screening_only,Mpox,rapid,Rapid Antigen Test (RAT),2,0.1x,0.1,base_case,3500000,365,7122127.338632226,7122127.338632226,-249999.99999999255,131060.04157568328,27850.25883483287,7208302.28666234,4914.751559088036,41.63831970447177,2.0610968253714006,178434601.90553743,185556729.24416965,21,21,1.5,5.5,10.5,70.0,0.04,0.675
A_screening_only,Mpox,rapid,Rapid Antigen Test (RAT),2,0.1x,0.1,high_income,11600000,365,23804198.34490812,23804198.34490812,-249999.99999999255,131060.04157568328,27850.25883483287,23890373.292939246,4914.751559088036,41.63831970447177,2.0610968253714006,480260188.5024236,504064386.8473317,21,21,1.5,5.5,10.5,70.0,0.04,0.675
A_screening_only,Mpox,rapid,Rapid Antigen Test (RAT),2,0.5x,0.5,low_resource,300000,365,3656470.89175649,3656470.89175649,-249999.99999999255,654977.1555040888,139182.64554461977,3087749.447376482,24561.64333140367,208.08799689530997,10.300355846318041,115755094.63497703,119411565.52673352,21,21,1.5,5.5,10.5,70.0,0.2,0.675
A_screening_only,Mpox,rapid,Rapid Antigen Test (RAT),2,0.5x,0.5,base_case,3500000,365,36592464.997105956,36592464.997105956,-249999.99999999255,654977.1555040888,139182.64554461977,36023743.55272472,24561.64333140367,208.08799689530997,10.300355846318041,711861926.8439058,748454391.8410118,21,21,1.5,5.5,10.5,70.0,0.2,0.675
A_screening_only,Mpox,rapid,Rapid Antigen Test (RAT),2,0.5x,0.5,high_income,11600000,365,119961700.07627392,119961700.07627392,-249999.99999999255,654977.1555040888,139182.64554461977,119392978.6318903,24561.64333140367,208.08799689530997,10.300355846318041,2220757345.872753,2340719045.949027,21,21,1.5,5.5,10.5,70.0,0.2,0.675
A_screening_only,Mpox,rapid,Rapid Antigen Test (RAT),2,1x,1.0,low_resource,300000,365,7558130.500811875,7558130.500811875,-249999.99999999255,1309147.6288786232,278193.87113670073,6171695.96471341,49093.03608294786,415.91729559726355,20.587906132065257,186430889.00398716,193989019.50479904,21,21,1.5,5.5,10.5,70.0,0.4,0.675
A_screening_only,Mpox,rapid,Rapid Antigen Test (RAT),2,1x,1.0,base_case,3500000,365,73389554.12442327,73389554.12442327,-249999.99999999255,1309147.6288786232,278193.87113670073,72003119.58832312,49093.03608294786,415.91729559726355,20.587906132065257,1378415077.3300805,1451804631.4545038,21,21,1.5,5.5,10.5,70.0,0.4,0.675
A_screening_only,Mpox,rapid,Rapid Antigen Test (RAT),2,1x,1.0,high_income,11600000,365,240025345.17169,240025345.17169,-249999.99999999255,1309147.6288786232,278193.87113670073,238638910.63558674,49093.03608294786,415.91729559726355,20.587906132065257,4395625054.030502,4635650399.202192,21,21,1.5,5.5,10.5,70.0,0.4,0.675
A_screening_only,Mpox,rapid,Rapid Antigen Test (RAT),2,2x,2.0,low_resource,300000,365,15347053.479531527,15347053.479531527,-249999.99999999255,2615074.834891498,555703.4024144523,12328209.93591693,98065.30630843062,830.8018312226104,41.12469064551999,327700956.7596896,343048010.23922116,21,21,1.5,5.5,10.5,70.0,0.8,0.675
A_screening_only,Mpox,rapid,Rapid Antigen Test (RAT),2,2x,2.0,base_case,3500000,365,146847959.46264982,146847959.46264982,-249999.99999999255,2615074.834891498,555703.4024144523,143829115.9190302,98065.30630843062,830.8018312226104,41.12469064551999,2710752542.6907434,2857600502.1533933,21,21,1.5,5.5,10.5,70.0,0.8,0.675
A_screening_only,Mpox,rapid,Rapid Antigen Test (RAT),2,2x,2.0,high_income,11600000,365,479709627.73241806,479709627.73241806,-249999.99999999255,2615074.834891498,555703.4024144523,476690784.1887932,98065.30630843062,830.8018312226104,41.12469064551999,8742851869.578726,9222561497.311144,21,21,1.5,5.5,10.5,70.0,0.8,0.675
A_screening_only,Mpox,rapid,Rapid Antigen Test (RAT),5,0.1x,0.1,low_resource,300000,365,1179027.2980621085,1179027.2980621085,-624999.9999999925,302471.6427888628,64275.22409263294,1425937.7445760574,11342.686604582326,96.09727743029305,4.7568152327996245,59194863.99071823,60373891.28878034,21,21,1.5,5.5,10.5,70.0,0.04,0.675
A_screening_only,Mpox,rapid,Rapid Antigen Test (RAT),5,0.1x,0.1,base_case,3500000,365,16389029.906873167,16389029.906873167,-624999.9999999925,302471.6427888628,64275.22409263294,16635940.353387296,11342.686604582326,96.09727743029305,4.7568152327996245,178434601.90553743,194823631.8124106,21,21,1.5,5.5,10.5,70.0,0.04,0.675
A_screening_only,Mpox,rapid,Rapid Antigen Test (RAT),5,0.1x,0.1,high_income,11600000,365,54889349.0104267,54889349.0104267,-624999.9999999925,302471.6427888628,64275.22409263294,55136259.45694077,11342.686604582326,96.09727743029305,4.7568152327996245,480260188.5024236,535149537.5128503,21,21,1.5,5.5,10.5,70.0,0.04,0.675
A_screening_only,Mpox,rapid,Rapid Antigen Test (RAT),5,0.5x,0.5,low_resource,300000,365,8390474.867101833,8390474.867101833,-624999.9999999925,1511576.6244242862,321210.03269015765,7126004.086571641,56684.123415910406,480.2358336962766,23.771673767965552,115755094.63497703,124145569.50207886,21,21,1.5,5.5,10.5,70.0,0.2,0.675
A_screening_only,Mpox,rapid,Rapid Antigen Test (RAT),5,0.5x,0.5,base_case,3500000,365,84401185.12386584,84401185.12386584,-624999.9999999925,1511576.6244242862,321210.03269015765,83136714.34333515,56684.123415910406,480.2358336962766,23.771673767965552,711861926.8439058,796263111.9677716,21,21,1.5,5.5,10.5,70.0,0.2,0.675
A_screening_only,Mpox,rapid,Rapid Antigen Test (RAT),5,0.5x,0.5,high_income,11600000,365,276803295.4613004,276803295.4613004,-624999.9999999925,1511576.6244242862,321210.03269015765,275538824.68076897,56684.123415910406,480.2358336962766,23.771673767965552,2220757345.872753,2497560641.3340535,21,21,1.5,5.5,10.5,70.0,0.2,0.675
A_screening_only,Mpox,rapid,Rapid Antigen Test (RAT),5,1x,1.0,low_resource,300000,365,17394310.165975332,17394310.165975332,-624999.9999999925,3021201.704474926,642005.362200914,14242808.035381794,113295.0639178094,959.8460665702833,47.51238029522909,186430889.00398716,203825199.1699625,21,21,1.5,5.5,10.5,70.0,0.4,0.675
A_screening_only,Mpox,rapid,Rapid Antigen Test (RAT),5,1x,1.0,base_case,3500000,365,169317595.87671232,169317595.87671232,-624999.9999999925,3021201.704474926,642005.362200914,166166093.74611807,113295.0639178094,959.8460665702833,47.51238029522909,1378415077.3300805,1547732673.2067928,21,21,1.5,5.5,10.5,70.0,0.4,0.675
A_screening_only,Mpox,rapid,Rapid Antigen Test (RAT),5,1x,1.0,high_income,11600000,365,553873412.8320189,553873412.8320189,-624999.9999999925,3021201.704474926,642005.362200914,550721910.7014303,113295.0639178094,959.8460665702833,47.51238029522909,4395625054.030502,4949498466.862521,21,21,1.5,5.5,10.5,70.0,0.4,0.675
A_screening_only,Mpox,rapid,Rapid Antigen Test (RAT),5,2x,2.0,low_resource,300000,365,35367158.33784872,35367158.33784872,-624999.9999999925,6034613.374010615,1282355.3419772573,28448891.62033567,226298.00152539695,1917.194931314143,94.90114910005036,327700956.7596896,363068115.09753835,21,21,1.5,5.5,10.5,70.0,0.8,0.675
A_screening_only,Mpox,rapid,Rapid Antigen Test (RAT),5,2x,2.0,base_case,3500000,365,338822002.28810024,338822002.28810024,-624999.9999999925,6034613.374010615,1282355.3419772573,331903735.5705843,226298.00152539695,1917.194931314143,94.90114910005036,2710752542.6907434,3049574544.9788437,21,21,1.5,5.5,10.5,70.0,0.8,0.675
A_screening_only,Mpox,rapid,Rapid Antigen Test (RAT),5,2x,2.0,high_income,11600000,365,1106942076.0371628,1106942076.0371628,-624999.9999999925,6034613.374010615,1282355.3419772573,1100023809.319645,226298.00152539695,1917.194931314143,94.90114910005036,8742851869.578726,9849793945.615889,21,21,1.5,5.5,10.5,70.0,0.8,0.675
A_screening_only,Mpox,rapid,Rapid Antigen Test (RAT),10,0.1x,0.1,low_resource,300000,365,1915631.8713551909,1915631.8713551909,-1250000.0,530764.6251374036,112787.48284169746,2502176.089933485,19903.67344265255,168.62998490303244,8.34718425270038,59194863.99071823,61110495.86207342,21,21,1.5,5.5,10.5,70.0,0.04,0.675
A_screening_only,Mpox,rapid,Rapid Antigen Test (RAT),10,0.1x,0.1,base_case,3500000,365,28605510.163978726,28605510.163978726,-1250000.0,530764.6251374036,112787.48284169746,29192054.382557034,19903.67344265255,168.62998490303244,8.34718425270038,178434601.90553743,207040112.06951615,21,21,1.5,5.5,10.5,70.0,0.04,0.675
A_screening_only,Mpox,rapid,Rapid Antigen Test (RAT),10,0.1x,0.1,high_income,11600000,365,96164264.59218246,96164264.59218246,-1250000.0,530764.6251374036,112787.48284169746,96750808.8107608,19903.67344265255,168.62998490303244,8.34718425270038,480260188.5024236,576424453.094606,21,21,1.5,5.5,10.5,70.0,0.04,0.675
A_screening_only,Mpox,rapid,Rapid Antigen Test (RAT),10,0.5x,0.5,low_resource,300000,365,14569559.451488107,14569559.451488107,-1250000.0,2652381.2253992353,563631.0103973369,12504082.919739269,99464.29595247156,842.6878891833244,41.713050514573894,115755094.63497703,130324654.08646514,21,21,1.5,5.5,10.5,70.0,0.2,0.675
A_screening_only,Mpox,rapid,Rapid Antigen Test (RAT),10,0.5x,0.5,base_case,3500000,365,147946443.92870665,147946443.92870665,-1250000.0,2652381.2253992353,563631.0103973369,145880967.39695835,99464.29595247156,842.6878891833244,41.713050514573894,711861926.8439058,859808370.7726125,21,21,1.5,5.5,10.5,70.0,0.2,0.675
A_screening_only,Mpox,rapid,Rapid Antigen Test (RAT),10,0.5x,0.5,high_income,11600000,365,485556682.7616682,485556682.7616682,-1250000.0,2652381.2253992353,563631.0103973369,483491206.2299137,99464.29595247156,842.6878891833244,41.713050514573894,2220757345.872753,2706314028.6344213,21,21,1.5,5.5,10.5,70.0,0.2,0.675
A_screening_only,Mpox,rapid,Rapid Antigen Test (RAT),10,1x,1.0,low_resource,300000,365,30367647.817577213,30367647.817577213,-1250000.0,5301162.508336276,1126497.0330214621,24991194.682156816,198793.59406261088,1684.2222384911265,83.36900080530984,186430889.00398716,216798536.82156438,21,21,1.5,5.5,10.5,70.0,0.4,0.675
A_screening_only,Mpox,rapid,Rapid Antigen Test (RAT),10,1x,1.0,base_case,3500000,365,296940391.09391546,296940391.09391546,-1250000.0,5301162.508336276,1126497.0330214621,291563937.95849466,198793.59406261088,1684.2222384911265,83.36900080530984,1378415077.3300805,1675355468.423996,21,21,1.5,5.5,10.5,70.0,0.4,0.675
A_screening_only,Mpox,rapid,Rapid Antigen Test (RAT),10,1x,1.0,high_income,11600000,365,971702647.5121508,971702647.5121508,-1250000.0,5301162.508336276,1126497.0330214621,966326194.376728,198793.59406261088,1684.2222384911265,83.36900080530984,4395625054.030502,5367327701.542653,21,21,1.5,5.5,10.5,70.0,0.4,0.675
A_screening_only,Mpox,rapid,Rapid Antigen Test (RAT),10,2x,2.0,low_resource,300000,365,61899601.89682174,61899601.89682174,-1250000.0,10587957.204257526,2249940.90590474,49914655.39149955,397048.39515965735,3363.840608995082,166.51011014525432,327700956.7596896,389600558.65651137,21,21,1.5,5.5,10.5,70.0,0.8,0.675
A_screening_only,Mpox,rapid,Rapid Antigen Test (RAT),10,2x,2.0,base_case,3500000,365,594322592.739491,594322592.739491,-1250000.0,10587957.204257526,2249940.90590474,582337646.2341676,397048.39515965735,3363.840608995082,166.51011014525432,2710752542.6907434,3305075135.4302344,21,21,1.5,5.5,10.5,70.0,0.8,0.675
A_screening_only,Mpox,rapid,Rapid Antigen Test (RAT),10,2x,2.0,high_income,11600000,365,1942018288.30999,1942018288.30999,-1250000.0,10587957.204257526,2249940.90590474,1930033341.8046494,397048.39515965735,3363.840608995082,166.51011014525432,8742851869.578726,10684870157.888716,21,21,1.5,5.5,10.5,70.0,0.8,0.675
A_screening_only,Mpox,rapid,Rapid Antigen Test (RAT),14,0.1x,0.1,low_resource,300000,365,2250078.309035428,2250078.309035428,-1750000.0000000075,670671.8122933656,142517.760112339,3161738.5436687283,25150.19296100097,213.08286730984707,10.547601931837761,59194863.99071823,61444942.29975366,21,21,1.5,5.5,10.5,70.0,0.04,0.675
A_screening_only,Mpox,rapid,Rapid Antigen Test (RAT),14,0.1x,0.1,base_case,3500000,365,35975289.44150168,35975289.44150168,-1750000.0000000075,670671.8122933656,142517.760112339,36886949.676134944,25150.19296100097,213.08286730984707,10.547601931837761,178434601.90553743,214409891.3470391,21,21,1.5,5.5,10.5,70.0,0.04,0.675
A_screening_only,Mpox,rapid,Rapid Antigen Test (RAT),14,0.1x,0.1,high_income,11600000,365,121342230.12055701,121342230.12055701,-1750000.0000000075,670671.8122933656,142517.760112339,122253890.35519016,25150.19296100097,213.08286730984707,10.547601931837761,480260188.5024236,601602418.6229806,21,21,1.5,5.5,10.5,70.0,0.04,0.675
A_screening_only,Mpox,rapid,Rapid Antigen Test (RAT),14,0.5x,0.5,low_resource,300000,365,18239289.632436633,18239289.632436633,-1750000.0000000075,3351497.6629235167,712193.2533712476,15799917.553782322,125681.16235963185,1064.8179952429432,52.70849076452478,115755094.63497703,133994384.26741366,21,21,1.5,5.5,10.5,70.0,0.2,0.675
A_screening_only,Mpox,rapid,Rapid Antigen Test (RAT),14,0.5x,0.5,base_case,3500000,365,186771743.5394479,186771743.5394479,-1750000.0000000075,3351497.6629235167,712193.2533712476,184332371.46079326,125681.16235963185,1064.8179952429432,52.70849076452478,711861926.8439058,898633670.3833537,21,21,1.5,5.5,10.5,70.0,0.2,0.675
A_screening_only,Mpox,rapid,Rapid Antigen Test (RAT),14,0.5x,0.5,high_income,11600000,365,613369517.4915757,613369517.4915757,-1750000.0000000075,3351497.6629235167,712193.2533712476,610930145.4129167,125681.16235963185,1064.8179952429432,52.70849076452478,2220757345.872753,2834126863.364329,21,21,1.5,5.5,10.5,70.0,0.2,0.675
A_screening_only,Mpox,rapid,Rapid Antigen Test (RAT),14,1x,1.0,low_resource,300000,365,38200863.01202762,38200863.01202762,-1750000.0000000075,6698348.289441805,1423399.0115063647,31577927.650225535,251188.06085406605,2128.147216989065,105.34328724095695,186430889.00398716,224631752.01601478,21,21,1.5,5.5,10.5,70.0,0.4,0.675
A_screening_only,Mpox,rapid,Rapid Antigen Test (RAT),14,1x,1.0,base_case,3500000,365,375032091.28110194,375032091.28110194,-1750000.0000000075,6698348.289441805,1423399.0115063647,368409155.9192984,251188.06085406605,2128.147216989065,105.34328724095695,1378415077.3300805,1753447168.6111825,21,21,1.5,5.5,10.5,70.0,0.4,0.675
A_screening_only,Mpox,rapid,Rapid Antigen Test (RAT),14,1x,1.0,high_income,11600000,365,1227636137.837184,1227636137.837184,-1750000.0000000075,6698348.289441805,1423399.0115063647,1221013202.475379,251188.06085406605,2128.147216989065,105.34328724095695,4395625054.030502,5623261191.867686,21,21,1.5,5.5,10.5,70.0,0.4,0.675
A_screening_only,Mpox,rapid,Rapid Antigen Test (RAT),14,2x,2.0,low_resource,300000,365,78041117.00793105,78041117.00793105,-1750000.0000000075,13378151.354623131,2842857.1628574133,63068427.814652115,501680.6757983698,4250.353158325632,210.39248133711544,327700956.7596896,405742073.7676207,21,21,1.5,5.5,10.5,70.0,0.8,0.675
A_screening_only,Mpox,rapid,Rapid Antigen Test (RAT),14,2x,2.0,base_case,3500000,365,750771013.6975513,750771013.6975513,-1750000.0000000075,13378151.354623131,2842857.1628574133,735798324.5042763,501680.6757983698,4250.353158325632,210.39248133711544,2710752542.6907434,3461523556.3882947,21,21,1.5,5.5,10.5,70.0,0.8,0.675
A_screening_only,Mpox,rapid,Rapid Antigen Test (RAT),14,2x,2.0,high_income,11600000,365,2453618564.693159,2453618564.693159,-1750000.0000000075,13378151.354623131,2842857.1628574133,2438645875.499876,501680.6757983698,4250.353158325632,210.39248133711544,8742851869.578726,11196470434.271885,21,21,1.5,5.5,10.5,70.0,0.8,0.675
A_screening_only,Mpox,lab,Laboratory PCR,2,0.1x,0.1,low_resource,300000,365,-876590.2649998069,0.0,-1999999.9999999404,188356.12323362607,40025.67618714566,887964.5809585231,7063.354621260993,59.84158449096333,2.9621584323025605,362238747.1420355,361362156.8770357,21,21,1.5,5.5,10.5,70.0,0.04,0.97
A_screening_only,Mpox,lab,Laboratory PCR,2,0.1x,0.1,base_case,3500000,365,8595031.93189162,8595031.93189162,-1999999.9999999404,188356.12323362607,40025.67618714566,10359586.77784944,7063.354621260993,59.84158449096333,2.9621584323025605,377601009.64942354,386196041.58131516,21,21,1.5,5.5,10.5,70.0,0.04,0.97
A_screening_only,Mpox,lab,Laboratory PCR,2,0.1x,0.1,high_income,11600000,365,32570075.61777115,32570075.61777115,-1999999.9999999404,188356.12323362607,40025.67618714566,34334630.46372964,7063.354621260993,59.84158449096333,2.9621584323025605,416486736.6212505,449056812.23902166,21,21,1.5,5.5,10.5,70.0,0.04,0.97
A_screening_only,Mpox,lab,Laboratory PCR,2,0.5x,0.5,low_resource,300000,365,3616424.001031935,3616424.001031935,-1999999.9999999404,941675.8804124903,200106.1245876546,4439329.150516046,35312.845515468274,299.1744892148973,14.80913721613743,369526814.6651227,373143238.6661546,21,21,1.5,5.5,10.5,70.0,0.2,0.97
A_screening_only,Mpox,lab,Laboratory PCR,2,0.5x,0.5,base_case,3500000,365,50969268.27320242,50969268.27320242,-1999999.9999999404,941675.8804124903,200106.1245876546,51792173.42268713,35312.845515468274,299.1744892148973,14.80913721613743,446335778.20548767,497305046.4786901,21,21,1.5,5.5,10.5,70.0,0.2,0.97
A_screening_only,Mpox,lab,Laboratory PCR,2,0.5x,0.5,high_income,11600000,365,170831155.3371359,170831155.3371359,-1999999.9999999404,941675.8804124903,200106.1245876546,171654060.48662,35312.845515468274,299.1744892148973,14.80913721613743,640758467.1670357,811589622.5041716,21,21,1.5,5.5,10.5,70.0,0.2,0.97
A_screening_only,Mpox,lab,Laboratory PCR,2,1x,1.0,low_resource,300000,365,9231286.737773478,9231286.737773478,-1999999.9999999404,1883089.9919619756,400156.6232919205,8877424.24782077,70615.87469857416,598.2654179239127,29.614138187233756,378636272.28013444,387867559.0179079,21,21,1.5,5.5,10.5,70.0,0.4,0.97
A_screening_only,Mpox,lab,Laboratory PCR,2,1x,1.0,base_case,3500000,365,103923812.0478614,103923812.0478614,-1999999.9999999404,1883089.9919619756,400156.6232919205,103569949.55790886,70615.87469857416,598.2654179239127,29.614138187233756,532248327.56862515,636172139.6164865,21,21,1.5,5.5,10.5,70.0,0.4,0.97
A_screening_only,Mpox,lab,Laboratory PCR,2,1x,1.0,high_income,11600000,365,343614266.7390207,343614266.7390207,-1999999.9999999404,1883089.9919619756,400156.6232919205,343260404.24906814,70615.87469857416,598.2654179239127,29.614138187233756,921078842.5176159,1264693109.2566366,21,21,1.5,5.5,10.5,70.0,0.4,0.97
A_screening_only,Mpox,lab,Laboratory PCR,2,2x,2.0,low_resource,300000,365,20456331.228039622,20456331.228039622,-1999999.9999999404,3765133.3795515196,800090.8431546928,17749914.503599998,141192.50173318177,1196.1967447376703,59.2117388645145,396853098.7504477,417309429.9784873,21,21,1.5,5.5,10.5,70.0,0.8,0.97
A_screening_only,Mpox,lab,Laboratory PCR,2,2x,2.0,base_case,3500000,365,209788752.59977198,209788752.59977198,-1999999.9999999404,3765133.3795515196,800090.8431546928,207082335.8753327,141192.50173318177,1196.1967447376703,59.2117388645145,704053726.9143947,913842479.5141667,21,21,1.5,5.5,10.5,70.0,0.8,0.97
A_screening_only,Mpox,lab,Laboratory PCR,2,2x,2.0,high_income,11600000,365,689036444.1969731,689036444.1969731,-1999999.9999999404,3765133.3795515196,800090.8431546928,686330027.472533,141192.50173318177,1196.1967447376703,59.2117388645145,1481655316.9543803,2170691761.1513534,21,21,1.5,5.5,10.5,70.0,0.8,0.97
A_screening_only,Mpox,lab,Laboratory PCR,5,0.1x,0.1,low_resource,300000,365,-2407308.2666249275,0.0,-4999999.99999994,434702.8055959513,92374.34618913956,2049313.226380912,16301.355209848172,138.10814864928,6.836353358139136,362238747.1420355,359831438.87541056,21,21,1.5,5.5,10.5,70.0,0.04,0.97
A_screening_only,Mpox,lab,Laboratory PCR,5,0.1x,0.1,base_case,3500000,365,19452032.81477213,19452032.81477213,-4999999.99999994,434702.8055959513,92374.34618913956,23908654.307777345,16301.355209848172,138.10814864928,6.836353358139136,377601009.64942354,397053042.46419567,21,21,1.5,5.5,10.5,70.0,0.04,0.97
A_screening_only,Mpox,lab,Laboratory PCR,5,0.1x,0.1,high_income,11600000,365,74783489.92705691,74783489.92705691,-4999999.99999994,434702.8055959513,92374.34618913956,79240111.42006207,16301.355209848172,138.10814864928,6.836353358139136,416486736.6212505,491270226.5483074,21,21,1.5,5.5,10.5,70.0,0.04,0.97
A_screening_only,Mpox,lab,Laboratory PCR,5,0.5x,0.5,low_resource,300000,365,7961509.356058717,7961509.356058717,-4999999.99999994,2173187.1974230194,461802.27945239283,10245025.35927997,81494.51990336335,690.4364985634388,34.17660667889019,369526814.6651227,377488324.0211814,21,21,1.5,5.5,10.5,70.0,0.2,0.97
A_screening_only,Mpox,lab,Laboratory PCR,5,0.5x,0.5,base_case,3500000,365,117241779.85504478,117241779.85504478,-4999999.99999994,2173187.1974230194,461802.27945239283,119525295.85826619,81494.51990336335,690.4364985634388,34.17660667889019,446335778.20548767,563577558.0605325,21,21,1.5,5.5,10.5,70.0,0.2,0.97
A_screening_only,Mpox,lab,Laboratory PCR,5,0.5x,0.5,high_income,11600000,365,393857464.55560493,393857464.55560493,-4999999.99999994,2173187.1974230194,461802.27945239283,396140980.5588252,81494.51990336335,690.4364985634388,34.17660667889019,640758467.1670357,1034615931.7226406,21,21,1.5,5.5,10.5,70.0,0.2,0.97
A_screening_only,Mpox,lab,Laboratory PCR,5,1x,1.0,low_resource,300000,365,20918147.331997514,20918147.331997514,-4999999.99999994,4345557.636502518,923430.997756787,20486200.28636904,162958.41136884445,1380.6124871665243,68.34031811474293,378636272.28013444,399554419.61213195,21,21,1.5,5.5,10.5,70.0,0.4,0.97
A_screening_only,Mpox,lab,Laboratory PCR,5,1x,1.0,base_case,3500000,365,239437617.0532667,239437617.0532667,-4999999.99999994,4345557.636502518,923430.997756787,239005670.00763926,162958.41136884445,1380.6124871665243,68.34031811474293,532248327.56862515,771685944.6218919,21,21,1.5,5.5,10.5,70.0,0.4,0.97
A_screening_only,Mpox,lab,Laboratory PCR,5,1x,1.0,high_income,11600000,365,792565024.785231,792565024.785231,-4999999.99999994,4345557.636502518,923430.997756787,792133077.7396039,162958.41136884445,1380.6124871665243,68.34031811474293,921078842.5176159,1713643867.302847,21,21,1.5,5.5,10.5,70.0,0.4,0.97
A_screening_only,Mpox,lab,Laboratory PCR,5,2x,2.0,low_resource,300000,365,46816821.771671236,46816821.771671236,-4999999.99999994,8687850.3569269,1846168.2008469591,40957008.82551248,325794.38838475867,2760.1836118276424,136.629088785468,396853098.7504477,443669920.5221189,21,21,1.5,5.5,10.5,70.0,0.8,0.97
A_screening_only,Mpox,lab,Laboratory PCR,5,2x,2.0,base_case,3500000,365,483691582.5771357,483691582.5771357,-4999999.99999994,8687850.3569269,1846168.2008469591,477831769.63097847,325794.38838475867,2760.1836118276424,136.629088785468,704053726.9143947,1187745309.4915304,21,21,1.5,5.5,10.5,70.0,0.8,0.97
A_screening_only,Mpox,lab,Laboratory PCR,5,2x,2.0,high_income,11600000,365,1589530820.8659766,1589530820.8659766,-4999999.99999994,8687850.3569269,1846168.2008469591,1583671007.9198136,325794.38838475867,2760.1836118276424,136.629088785468,1481655316.9543803,3071186137.820357,21,21,1.5,5.5,10.5,70.0,0.8,0.97
A_screening_only,Mpox,lab,Laboratory PCR,10,0.1x,0.1,low_resource,300000,365,-5450475.933188617,0.0,-10000000.0,762794.454315686,162093.82154208314,3596030.998916805,28604.792036838255,242.34875415626652,11.996263330734962,362238747.1420355,356788271.20884687,21,21,1.5,5.5,10.5,70.0,0.04,0.97
A_screening_only,Mpox,lab,Laboratory PCR,10,0.1x,0.1,base_case,3500000,365,32907188.0552575,32907188.0552575,-10000000.0,762794.454315686,162093.82154208314,41953694.98736277,28604.792036838255,242.34875415626652,11.996263330734962,377601009.64942354,410508197.70468104,21,21,1.5,5.5,10.5,70.0,0.04,0.97
A_screening_only,Mpox,lab,Laboratory PCR,10,0.1x,0.1,high_income,11600000,365,130000025.02601123,130000025.02601123,-10000000.0,762794.454315686,162093.82154208314,139046531.9581165,28604.792036838255,242.34875415626652,11.996263330734962,416486736.6212505,546486761.6472617,21,21,1.5,5.5,10.5,70.0,0.04,0.97
A_screening_only,Mpox,lab,Laboratory PCR,10,0.5x,0.5,low_resource,300000,365,12743130.583111942,12743130.583111942,-10000000.0,3813219.4989649216,810309.1435300447,17976606.20940601,142995.73121118505,1211.5037925684455,59.969437732137976,369526814.6651227,382269945.2482346,21,21,1.5,5.5,10.5,70.0,0.2,0.97
A_screening_only,Mpox,lab,Laboratory PCR,10,0.5x,0.5,base_case,3500000,365,204493596.81677634,204493596.81677634,-10000000.0,3813219.4989649216,810309.1435300447,209727072.44307077,142995.73121118505,1211.5037925684455,59.969437732137976,446335778.20548767,650829375.022264,21,21,1.5,5.5,10.5,70.0,0.2,0.97
A_screening_only,Mpox,lab,Laboratory PCR,10,0.5x,0.5,high_income,11600000,365,689861964.4707402,689861964.4707402,-10000000.0,3813219.4989649216,810309.1435300447,695095440.0970345,142995.73121118505,1211.5037925684455,59.969437732137976,640758467.1670357,1330620431.637776,21,21,1.5,5.5,10.5,70.0,0.2,0.97
A_screening_only,Mpox,lab,Laboratory PCR,10,1x,1.0,low_resource,300000,365,35475042.93728006,35475042.93728006,-10000000.0,7624558.097268448,1620218.5956695476,35944345.31569417,285920.9286475671,2422.407969101072,119.90919447050297,378636272.28013444,414111315.2174145,21,21,1.5,5.5,10.5,70.0,0.4,0.97
A_screening_only,Mpox,lab,Laboratory PCR,10,1x,1.0,base_case,3500000,365,418881392.9713505,418881392.9713505,-10000000.0,7624558.097268448,1620218.5956695476,419350695.3497652,285920.9286475671,2422.407969101072,119.90919447050297,532248327.56862515,951129720.5399756,21,21,1.5,5.5,10.5,70.0,0.4,0.97
A_screening_only,Mpox,lab,Laboratory PCR,10,1x,1.0,high_income,11600000,365,1389378716.4950905,1389378716.4950905,-10000000.0,7624558.097268448,1620218.5956695476,1389848018.8735065,285920.9286475671,2422.407969101072,119.90919447050297,921078842.5176159,2310457559.0127063,21,21,1.5,5.5,10.5,70.0,0.4,0.97
A_screening_only,Mpox,lab,Laboratory PCR,10,2x,2.0,low_resource,300000,365,80905253.86090684,80905253.86090684,-10000000.0,15241599.44973281,3238839.8830682216,71853254.5487404,571559.9793649819,4842.419665993602,239.6997734666833,396853098.7504477,477758352.61135453,21,21,1.5,5.5,10.5,70.0,0.8,0.97
A_screening_only,Mpox,lab,Laboratory PCR,10,2x,2.0,base_case,3500000,365,847339969.0474716,847339969.0474716,-10000000.0,15241599.44973281,3238839.8830682216,838287969.7353042,571559.9793649819,4842.419665993602,239.6997734666833,704053726.9143947,1551393695.9618664,21,21,1.5,5.5,10.5,70.0,0.8,0.97
A_screening_only,Mpox,lab,Laboratory PCR,10,2x,2.0,high_income,11600000,365,2787377841.86347,2787377841.86347,-10000000.0,15241599.44973281,3238839.8830682216,2778325842.5512967,571559.9793649819,4842.419665993602,239.6997734666833,1481655316.9543803,4269033158.81785,21,21,1.5,5.5,10.5,70.0,0.8,0.97
A_screening_only,Mpox,lab,Laboratory PCR,14,0.1x,0.1,low_resource,300000,365,-8251260.112674415,0.0,-14000000.00000006,963860.5799109222,204820.3732310706,4543914.162437203,36144.771746659586,306.2338002832849,15.158573114022346,362238747.1420355,353987487.02936107,21,21,1.5,5.5,10.5,70.0,0.04,0.97
A_screening_only,Mpox,lab,Laboratory PCR,14,0.1x,0.1,base_case,3500000,365,40217157.61998999,40217157.61998999,-14000000.00000006,963860.5799109222,204820.3732310706,53012331.895100735,36144.771746659586,306.2338002832849,15.158573114022346,377601009.64942354,417818167.26941353,21,21,1.5,5.5,10.5,70.0,0.04,0.97
A_screening_only,Mpox,lab,Laboratory PCR,14,0.1x,0.1,high_income,11600000,365,162902840.00579345,162902840.00579345,-14000000.00000006,963860.5799109222,204820.3732310706,175698014.28090522,36144.771746659586,306.2338002832849,15.158573114022346,416486736.6212505,579389576.627044,21,21,1.5,5.5,10.5,70.0,0.04,0.97
A_screening_only,Mpox,lab,Laboratory PCR,14,0.5x,0.5,low_resource,300000,365,14737319.675062358,14737319.675062358,-14000000.00000006,4818233.238932636,1023874.5632731856,22714528.126396716,180683.74645997386,1530.8280547848942,75.77598871185234,369526814.6651227,384264134.34018505,21,21,1.5,5.5,10.5,70.0,0.2,0.97
A_screening_only,Mpox,lab,Laboratory PCR,14,0.5x,0.5,base_case,3500000,365,257025619.68995982,257025619.68995982,-14000000.00000006,4818233.238932636,1023874.5632731856,265002828.1412958,180683.74645997386,1530.8280547848942,75.77598871185234,446335778.20548767,703361397.8954475,21,21,1.5,5.5,10.5,70.0,0.2,0.97
A_screening_only,Mpox,lab,Laboratory PCR,14,0.5x,0.5,high_income,11600000,365,870317879.1026744,870317879.1026744,-14000000.00000006,4818233.238932636,1023874.5632731856,878295087.5540049,180683.74645997386,1530.8280547848942,75.77598871185234,640758467.1670357,1511076346.26971,21,21,1.5,5.5,10.5,70.0,0.2,0.97
A_screening_only,Mpox,lab,Laboratory PCR,14,1x,1.0,low_resource,300000,365,43458700.14180225,43458700.14180225,-14000000.00000006,9633794.035751268,2047181.2325971457,45416457.59711304,361267.27634067193,3060.8042892275457,151.50981231676363,378636272.28013444,422094972.4219367,21,21,1.5,5.5,10.5,70.0,0.4,0.97
A_screening_only,Mpox,lab,Laboratory PCR,14,1x,1.0,base_case,3500000,365,527900914.5110088,527900914.5110088,-14000000.00000006,9633794.035751268,2047181.2325971457,529858671.9663192,361267.27634067193,3060.8042892275457,151.50981231676363,532248327.56862515,1060149242.079634,21,21,1.5,5.5,10.5,70.0,0.4,0.97
A_screening_only,Mpox,lab,Laboratory PCR,14,1x,1.0,high_income,11600000,365,1754145269.63306,1754145269.63306,-14000000.00000006,9633794.035751268,2047181.2325971457,1756103027.0883775,361267.27634067193,3060.8042892275457,151.50981231676363,921078842.5176159,2675224112.150676,21,21,1.5,5.5,10.5,70.0,0.4,0.97
A_screening_only,Mpox,lab,Laboratory PCR,14,2x,2.0,low_resource,300000,365,100853711.32551128,100853711.32551128,-14000000.00000006,19256909.683319192,4092093.307705326,90782574.2213618,722134.1131244695,6118.204933537559,302.85114421010917,396853098.7504477,497706810.07595897,21,21,1.5,5.5,10.5,70.0,0.8,0.97
A_screening_only,Mpox,lab,Laboratory PCR,14,2x,2.0,base_case,3500000,365,1069201169.6867031,1069201169.6867031,-14000000.00000006,19256909.683319192,4092093.307705326,1059130032.5825547,722134.1131244695,6118.204933537559,302.85114421010917,704053726.9143947,1773254896.6010978,21,21,1.5,5.5,10.5,70.0,0.8,0.97
A_screening_only,Mpox,lab,Laboratory PCR,14,2x,2.0,high_income,11600000,365,3520330673.6634817,3520330673.6634817,-14000000.00000006,19256909.683319192,4092093.307705326,3510259536.559329,722134.1131244695,6118.204933537559,302.85114421010917,1481655316.9543803,5001985990.617862,21,21,1.5,5.5,10.5,70.0,0.8,0.97
A_screening_only,Mpox,molecular,High-throughput molecular screening,2,0.1x,0.1,low_resource,300000,365,723409.7350005805,723409.7350005805,-400000.0000000149,188356.12323362607,40025.67618714566,887964.5809585231,7063.354621260993,59.84158449096333,2.9621584323025605,73905418.65496036,74628828.38996094,21,21,1.5,5.5,10.5,70.0,0.04,0.97
A_screening_only,Mpox,molecular,High-throughput molecular screening,2,0.1x,0.1,base_case,3500000,365,10195031.931891412,10195031.931891412,-400000.0000000149,188356.12323362607,40025.67618714566,10359586.77784944,7063.354621260993,59.84158449096333,2.9621584323025605,89267681.16234882,99462713.09424023,21,21,1.5,5.5,10.5,70.0,0.04,0.97
A_screening_only,Mpox,molecular,High-throughput molecular screening,2,0.1x,0.1,high_income,11600000,365,34170075.617771745,34170075.617771745,-400000.0000000149,188356.12323362607,40025.67618714566,34334630.46372964,7063.354621260993,59.84158449096333,2.9621584323025605,128153408.13417551,162323483.75194725,21,21,1.5,5.5,10.5,70.0,0.04,0.97
A_screening_only,Mpox,molecular,High-throughput molecular screening,2,0.5x,0.5,low_resource,300000,365,5216424.0010315925,5216424.0010315925,-400000.0000000149,941675.8804124903,200106.1245876546,4439329.150516046,35312.845515468274,299.1744892148973,14.80913721613743,81193486.1780478,86409910.1790794,21,21,1.5,5.5,10.5,70.0,0.2,0.97
A_screening_only,Mpox,molecular,High-throughput molecular screening,2,0.5x,0.5,base_case,3500000,365,52569268.273202956,52569268.273202956,-400000.0000000149,941675.8804124903,200106.1245876546,51792173.42268713,35312.845515468274,299.1744892148973,14.80913721613743,158002449.71841243,210571717.99161538,21,21,1.5,5.5,10.5,70.0,0.2,0.97
A_screening_only,Mpox,molecular,High-throughput molecular screening,2,0.5x,0.5,high_income,11600000,365,172431155.3371356,172431155.3371356,-400000.0000000149,941675.8804124903,200106.1245876546,171654060.48662,35312.845515468274,299.1744892148973,14.80913721613743,352425138.6799611,524856294.0170967,21,21,1.5,5.5,10.5,70.0,0.2,0.97
A_screening_only,Mpox,molecular,High-throughput molecular screening,2,1x,1.0,low_resource,300000,365,10831286.737773255,10831286.737773255,-400000.0000000149,1883089.9919619756,400156.6232919205,8877424.24782077,70615.87469857416,598.2654179239127,29.614138187233756,90302943.79305977,101134230.53083302,21,21,1.5,5.5,10.5,70.0,0.4,0.97
A_screening_only,Mpox,molecular,High-throughput molecular screening,2,1x,1.0,base_case,3500000,365,105523812.04786122,105523812.04786122,-400000.0000000149,1883089.9919619756,400156.6232919205,103569949.55790886,70615.87469857416,598.2654179239127,29.614138187233756,243914999.08155006,349438811.1294113,21,21,1.5,5.5,10.5,70.0,0.4,0.97
A_screening_only,Mpox,molecular,High-throughput molecular screening,2,1x,1.0,high_income,11600000,365,345214266.7390231,345214266.7390231,-400000.0000000149,1883089.9919619756,400156.6232919205,343260404.24906814,70615.87469857416,598.2654179239127,29.614138187233756,632745514.0305408,977959780.7695639,21,21,1.5,5.5,10.5,70.0,0.4,0.97
A_screening_only,Mpox,molecular,High-throughput molecular screening,2,2x,2.0,low_resource,300000,365,22056331.228039443,22056331.228039443,-400000.0000000149,3765133.3795515196,800090.8431546928,17749914.503599998,141192.50173318177,1196.1967447376703,59.2117388645145,108519770.26337306,130576101.4914125,21,21,1.5,5.5,10.5,70.0,0.8,0.97
A_screening_only,Mpox,molecular,High-throughput molecular screening,2,2x,2.0,base_case,3500000,365,211388752.59977257,211388752.59977257,-400000.0000000149,3765133.3795515196,800090.8431546928,207082335.8753327,141192.50173318177,1196.1967447376703,59.2117388645145,415720398.42731893,627109151.0270915,21,21,1.5,5.5,10.5,70.0,0.8,0.97
A_screening_only,Mpox,molecular,High-throughput molecular screening,2,2x,2.0,high_income,11600000,365,690636444.1969736,690636444.1969736,-400000.0000000149,3765133.3795515196,800090.8431546928,686330027.472533,141192.50173318177,1196.1967447376703,59.2117388645145,1193321988.467305,1883958432.6642785,21,21,1.5,5.5,10.5,70.0,0.8,0.97
A_screening_only,Mpox,molecular,High-throughput molecular screening,5,0.1x,0.1,low_resource,300000,365,1592691.7333758324,1592691.7333758324,-1000000.0000000298,434702.8055959513,92374.34618913956,2049313.226380912,16301.355209848172,138.10814864928,6.836353358139136,73905418.65496036,75498110.3883362,21,21,1.5,5.5,10.5,70.0,0.04,0.97
A_screening_only,Mpox,molecular,High-throughput molecular screening,5,0.1x,0.1,base_case,3500000,365,23452032.814772174,23452032.814772174,-1000000.0000000298,434702.8055959513,92374.34618913956,23908654.307777345,16301.355209848172,138.10814864928,6.836353358139136,89267681.16234882,112719713.977121,21,21,1.5,5.5,10.5,70.0,0.04,0.97
A_screening_only,Mpox,molecular,High-throughput molecular screening,5,0.1x,0.1,high_income,11600000,365,78783489.927057,78783489.927057,-1000000.0000000298,434702.8055959513,92374.34618913956,79240111.42006207,16301.355209848172,138.10814864928,6.836353358139136,128153408.13417551,206936898.0612325,21,21,1.5,5.5,10.5,70.0,0.04,0.97
A_screening_only,Mpox,molecular,High-throughput molecular screening,5,0.5x,0.5,low_resource,300000,365,11961509.356058612,11961509.356058612,-1000000.0000000298,2173187.1974230194,461802.27945239283,10245025.35927997,81494.51990336335,690.4364985634388,34.17660667889019,81193486.1780478,93154995.53410642,21,21,1.5,5.5,10.5,70.0,0.2,0.97
A_screening_only,Mpox,molecular,High-throughput molecular screening,5,0.5x,0.5,base_case,3500000,365,121241779.85504481,121241779.85504481,-1000000.0000000298,2173187.1974230194,461802.27945239283,119525295.85826619,81494.51990336335,690.4364985634388,34.17660667889019,158002449.71841243,279244229.57345724,21,21,1.5,5.5,10.5,70.0,0.2,0.97
A_screening_only,Mpox,molecular,High-throughput molecular screening,5,0.5x,0.5,high_income,11600000,365,397857464.555604,397857464.555604,-1000000.0000000298,2173187.1974230194,461802.27945239283,396140980.5588252,81494.51990336335,690.4364985634388,34.17660667889019,352425138.6799611,750282603.2355651,21,21,1.5,5.5,10.5,70.0,0.2,0.97
A_screening_only,Mpox,molecular,High-throughput molecular screening,5,1x,1.0,low_resource,300000,365,24918147.33199729,24918147.33199729,-1000000.0000000298,4345557.636502518,923430.997756787,20486200.28636904,162958.41136884445,1380.6124871665243,68.34031811474293,90302943.79305977,115221091.12505706,21,21,1.5,5.5,10.5,70.0,0.4,0.97
A_screening_only,Mpox,molecular,High-throughput molecular screening,5,1x,1.0,base_case,3500000,365,243437617.05326664,243437617.05326664,-1000000.0000000298,4345557.636502518,923430.997756787,239005670.00763926,162958.41136884445,1380.6124871665243,68.34031811474293,243914999.08155006,487352616.1348167,21,21,1.5,5.5,10.5,70.0,0.4,0.97
A_screening_only,Mpox,molecular,High-throughput molecular screening,5,1x,1.0,high_income,11600000,365,796565024.7852322,796565024.7852322,-1000000.0000000298,4345557.636502518,923430.997756787,792133077.7396039,162958.41136884445,1380.6124871665243,68.34031811474293,632745514.0305408,1429310538.815773,21,21,1.5,5.5,10.5,70.0,0.4,0.97
A_screening_only,Mpox,molecular,High-throughput molecular screening,5,2x,2.0,low_resource,300000,365,50816821.77167146,50816821.77167146,-1000000.0000000298,8687850.3569269,1846168.2008469591,40957008.82551248,325794.38838475867,2760.1836118276424,136.629088785468,108519770.26337306,159336592.03504452,21,21,1.5,5.5,10.5,70.0,0.8,0.97
A_screening_only,Mpox,molecular,High-throughput molecular screening,5,2x,2.0,base_case,3500000,365,487691582.5771378,487691582.5771378,-1000000.0000000298,8687850.3569269,1846168.2008469591,477831769.63097847,325794.38838475867,2760.1836118276424,136.629088785468,415720398.42731893,903411981.0044568,21,21,1.5,5.5,10.5,70.0,0.8,0.97
A_screening_only,Mpox,molecular,High-throughput molecular screening,5,2x,2.0,high_income,11600000,365,1593530820.8659732,1593530820.8659732,-1000000.0000000298,8687850.3569269,1846168.2008469591,1583671007.9198136,325794.38838475867,2760.1836118276424,136.629088785468,1193321988.467305,2786852809.333278,21,21,1.5,5.5,10.5,70.0,0.8,0.97
A_screening_only,Mpox,molecular,High-throughput molecular screening,10,0.1x,0.1,low_resource,300000,365,2549524.066811383,2549524.066811383,-2000000.0,762794.454315686,162093.82154208314,3596030.998916805,28604.792036838255,242.34875415626652,11.996263330734962,73905418.65496036,76454942.72177175,21,21,1.5,5.5,10.5,70.0,0.04,0.97
A_screening_only,Mpox,molecular,High-throughput molecular screening,10,0.1x,0.1,base_case,3500000,365,40907188.055257276,40907188.055257276,-2000000.0,762794.454315686,162093.82154208314,41953694.98736277,28604.792036838255,242.34875415626652,11.996263330734962,89267681.16234882,130174869.2176061,21,21,1.5,5.5,10.5,70.0,0.04,0.97
A_screening_only,Mpox,molecular,High-throughput molecular screening,10,0.1x,0.1,high_income,11600000,365,138000025.02601117,138000025.02601117,-2000000.0,762794.454315686,162093.82154208314,139046531.9581165,28604.792036838255,242.34875415626652,11.996263330734962,128153408.13417551,266153433.16018668,21,21,1.5,5.5,10.5,70.0,0.04,0.97
A_screening_only,Mpox,molecular,High-throughput molecular screening,10,0.5x,0.5,low_resource,300000,365,20743130.583112165,20743130.583112165,-2000000.0,3813219.4989649216,810309.1435300447,17976606.20940601,142995.73121118505,1211.5037925684455,59.969437732137976,81193486.1780478,101936616.76115997,21,21,1.5,5.5,10.5,70.0,0.2,0.97
A_screening_only,Mpox,molecular,High-throughput molecular screening,10,0.5x,0.5,base_case,3500000,365,212493596.81677672,212493596.81677672,-2000000.0,3813219.4989649216,810309.1435300447,209727072.44307077,142995.73121118505,1211.5037925684455,59.969437732137976,158002449.71841243,370496046.53518915,21,21,1.5,5.5,10.5,70.0,0.2,0.97
A_screening_only,Mpox,molecular,High-throughput molecular screening,10,0.5x,0.5,high_income,11600000,365,697861964.4707414,697861964.4707414,-2000000.0,3813219.4989649216,810309.1435300447,695095440.0970345,142995.73121118505,1211.5037925684455,59.969437732137976,352425138.6799611,1050287103.1507025,21,21,1.5,5.5,10.5,70.0,0.2,0.97
A_screening_only,Mpox,molecular,High-throughput molecular screening,10,1x,1.0,low_resource,300000,365,43475042.93727985,43475042.93727985,-2000000.0,7624558.097268448,1620218.5956695476,35944345.31569417,285920.9286475671,2422.407969101072,119.90919447050297,90302943.79305977,133777986.73033962,21,21,1.5,5.5,10.5,70.0,0.4,0.97
A_screening_only,Mpox,molecular,High-throughput molecular screening,10,1x,1.0,base_case,3500000,365,426881392.9713511,426881392.9713511,-2000000.0,7624558.097268448,1620218.5956695476,419350695.3497652,285920.9286475671,2422.407969101072,119.90919447050297,243914999.08155006,670796392.0529011,21,21,1.5,5.5,10.5,70.0,0.4,0.97
A_screening_only,Mpox,molecular,High-throughput molecular screening,10,1x,1.0,high_income,11600000,365,1397378716.4950929,1397378716.4950929,-2000000.0,7624558.097268448,1620218.5956695476,1389848018.8735065,285920.9286475671,2422.407969101072,119.90919447050297,632745514.0305408,2030124230.5256336,21,21,1.5,5.5,10.5,70.0,0.4,0.97
A_screening_only,Mpox,molecular,High-throughput molecular screening,10,2x,2.0,low_resource,300000,365,88905253.8609064,88905253.8609064,-2000000.0,15241599.44973281,3238839.8830682216,71853254.5487404,571559.9793649819,4842.419665993602,239.6997734666833,108519770.26337306,197425024.12427947,21,21,1.5,5.5,10.5,70.0,0.8,0.97
A_screening_only,Mpox,molecular,High-throughput molecular screening,10,2x,2.0,base_case,3500000,365,855339969.0474716,855339969.0474716,-2000000.0,15241599.44973281,3238839.8830682216,838287969.7353042,571559.9793649819,4842.419665993602,239.6997734666833,415720398.42731893,1271060367.4747906,21,21,1.5,5.5,10.5,70.0,0.8,0.97
A_screening_only,Mpox,molecular,High-throughput molecular screening,10,2x,2.0,high_income,11600000,365,2795377841.8634644,2795377841.8634644,-2000000.0,15241599.44973281,3238839.8830682216,2778325842.5512967,571559.9793649819,4842.419665993602,239.6997734666833,1193321988.467305,3988699830.330769,21,21,1.5,5.5,10.5,70.0,0.8,0.97
A_screening_only,Mpox,molecular,High-throughput molecular screening,14,0.1x,0.1,low_resource,300000,365,2948739.8873258233,2948739.8873258233,-2799999.99999997,963860.5799109222,204820.3732310706,4543914.162437203,36144.771746659586,306.2338002832849,15.158573114022346,73905418.65496036,76854158.54228619,21,21,1.5,5.5,10.5,70.0,0.04,0.97
A_screening_only,Mpox,molecular,High-throughput molecular screening,14,0.1x,0.1,base_case,3500000,365,51417157.61998932,51417157.61998932,-2799999.99999997,963860.5799109222,204820.3732310706,53012331.895100735,36144.771746659586,306.2338002832849,15.158573114022346,89267681.16234882,140684838.78233814,21,21,1.5,5.5,10.5,70.0,0.04,0.97
A_screening_only,Mpox,molecular,High-throughput molecular screening,14,0.1x,0.1,high_income,11600000,365,174102840.00579342,174102840.00579342,-2799999.99999997,963860.5799109222,204820.3732310706,175698014.28090522,36144.771746659586,306.2338002832849,15.158573114022346,128153408.13417551,302256248.13996893,21,21,1.5,5.5,10.5,70.0,0.04,0.97
A_screening_only,Mpox,molecular,High-throughput molecular screening,14,0.5x,0.5,low_resource,300000,365,25937319.675062507,25937319.675062507,-2799999.99999997,4818233.238932636,1023874.5632731856,22714528.126396716,180683.74645997386,1530.8280547848942,75.77598871185234,81193486.1780478,107130805.85311031,21,21,1.5,5.5,10.5,70.0,0.2,0.97
A_screening_only,Mpox,molecular,High-throughput molecular screening,14,0.5x,0.5,base_case,3500000,365,268225619.6899599,268225619.6899599,-2799999.99999997,4818233.238932636,1023874.5632731856,265002828.1412958,180683.74645997386,1530.8280547848942,75.77598871185234,158002449.71841243,426228069.40837234,21,21,1.5,5.5,10.5,70.0,0.2,0.97
A_screening_only,Mpox,molecular,High-throughput molecular screening,14,0.5x,0.5,high_income,11600000,365,881517879.1026744,881517879.1026744,-2799999.99999997,4818233.238932636,1023874.5632731856,878295087.5540049,180683.74645997386,1530.8280547848942,75.77598871185234,352425138.6799611,1233943017.7826355,21,21,1.5,5.5,10.5,70.0,0.2,0.97
A_screening_only,Mpox,molecular,High-throughput molecular screening,14,1x,1.0,low_resource,300000,365,54658700.14180213,54658700.14180213,-2799999.99999997,9633794.035751268,2047181.2325971457,45416457.59711304,361267.27634067193,3060.8042892275457,151.50981231676363,90302943.79305977,144961643.9348619,21,21,1.5,5.5,10.5,70.0,0.4,0.97
A_screening_only,Mpox,molecular,High-throughput molecular screening,14,1x,1.0,base_case,3500000,365,539100914.5110083,539100914.5110083,-2799999.99999997,9633794.035751268,2047181.2325971457,529858671.9663192,361267.27634067193,3060.8042892275457,151.50981231676363,243914999.08155006,783015913.5925584,21,21,1.5,5.5,10.5,70.0,0.4,0.97
A_screening_only,Mpox,molecular,High-throughput molecular screening,14,1x,1.0,high_income,11600000,365,1765345269.6330643,1765345269.6330643,-2799999.99999997,9633794.035751268,2047181.2325971457,1756103027.0883775,361267.27634067193,3060.8042892275457,151.50981231676363,632745514.0305408,2398090783.663605,21,21,1.5,5.5,10.5,70.0,0.4,0.97
A_screening_only,Mpox,molecular,High-throughput molecular screening,14,2x,2.0,low_resource,300000,365,112053711.32551096,112053711.32551096,-2799999.99999997,19256909.683319192,4092093.307705326,90782574.2213618,722134.1131244695,6118.204933537559,302.85114421010917,108519770.26337306,220573481.58888403,21,21,1.5,5.5,10.5,70.0,0.8,0.97
A_screening_only,Mpox,molecular,High-throughput molecular screening,14,2x,2.0,base_case,3500000,365,1080401169.6867046,1080401169.6867046,-2799999.99999997,19256909.683319192,4092093.307705326,1059130032.5825547,722134.1131244695,6118.204933537559,302.85114421010917,415720398.42731893,1496121568.1140237,21,21,1.5,5.5,10.5,70.0,0.8,0.97
A_screening_only,Mpox,molecular,High-throughput molecular screening,14,2x,2.0,high_income,11600000,365,3531530673.6634674,3531530673.6634674,-2799999.99999997,19256909.683319192,4092093.307705326,3510259536.559329,722134.1131244695,6118.204933537559,302.85114421010917,1193321988.467305,4724852662.130773,21,21,1.5,5.5,10.5,70.0,0.8,0.97
A_screening_only,Norovirus,rapid,Rapid Antigen Test (RAT),2,0.1x,0.1,low_resource,300000,365,9590741.59970668,9590741.59970668,-249999.99999999255,7385171.932237718,1569349.0356004946,553887.8949178213,332332.736950694,410307.8673266247,1.8463854029698075,73983111.43279132,83573853.032498,21,21,1.75,0.00075,2.0,37.5,0.25000000000000006,0.675
A_screening_only,Norovirus,rapid,Rapid Antigen Test (RAT),2,0.1x,0.1,base_case,3500000,365,15498879.145496741,15498879.145496741,-249999.99999999255,7385171.932237718,1569349.0356004946,6462025.440708008,332332.736950694,410307.8673266247,1.8463854029698075,91352584.66757476,106851463.8130715,21,21,1.75,0.00075,2.0,37.5,0.25000000000000006,0.675
A_screening_only,Norovirus,rapid,Rapid Antigen Test (RAT),2,0.1x,0.1,high_income,11600000,365,30453852.308278233,30453852.308278233,-249999.99999999255,7385171.932237718,1569349.0356004946,21416998.603489235,332332.736950694,410307.8673266247,1.8463854029698075,135319063.7931199,165772916.10139814,21,21,1.75,0.00075,2.0,37.5,0.25000000000000006,0.675
A_screening_only,Norovirus,rapid,Rapid Antigen Test (RAT),2,0.5x,0.5,low_resource,300000,365,13428062.625744745,13428062.625744745,-249999.99999999255,10264962.570915565,2181304.5463195574,769872.1928186556,461923.3156911954,570240.3770560557,2.566081696752258,121000497.05817835,134428559.6839231,21,21,1.75,0.00075,2.0,37.5,1.25,0.675
A_screening_only,Norovirus,rapid,Rapid Antigen Test (RAT),2,0.5x,0.5,base_case,3500000,365,21640032.682477593,21640032.682477593,-249999.99999999255,10264962.570915565,2181304.5463195574,8981842.249551103,461923.3156911954,570240.3770560557,2.566081696752258,166598044.21439442,188238076.896872,21,21,1.75,0.00075,2.0,37.5,1.25,0.675
A_screening_only,Norovirus,rapid,Rapid Antigen Test (RAT),2,0.5x,0.5,high_income,11600000,365,42426581.88858062,42426581.88858062,-249999.99999999255,10264962.570915565,2181304.5463195574,29768391.45565486,461923.3156911954,570240.3770560557,2.566081696752258,282016835.45356697,324443417.3421476,21,21,1.75,0.00075,2.0,37.5,1.25,0.675
A_screening_only,Norovirus,rapid,Rapid Antigen Test (RAT),2,1x,1.0,low_resource,300000,365,12112302.69122833,12112302.69122833,-249999.99999999255,9277525.471841186,1971474.1627662387,695814.4103880767,417488.64623285504,515376.7460254235,2.3191953571144026,143930931.09892133,156043233.79014966,21,21,1.75,0.00075,2.0,37.5,2.5,0.675
A_screening_only,Norovirus,rapid,Rapid Antigen Test (RAT),2,1x,1.0,base_case,3500000,365,19534323.06870106,19534323.06870106,-249999.99999999255,9277525.471841186,1971474.1627662387,8117834.7878609,417488.64623285504,515376.7460254235,2.3191953571144026,203295342.97003013,222829666.0387312,21,21,1.75,0.00075,2.0,37.5,2.5,0.675
A_screening_only,Norovirus,rapid,Rapid Antigen Test (RAT),2,1x,1.0,high_income,11600000,365,38321312.14918029,38321312.14918029,-249999.99999999255,9277525.471841186,1971474.1627662387,26904823.868339717,417488.64623285504,515376.7460254235,2.3191953571144026,353561510.51877415,391882822.66795444,21,21,1.75,0.00075,2.0,37.5,2.5,0.675
A_screening_only,Norovirus,rapid,Rapid Antigen Test (RAT),2,2x,2.0,low_resource,300000,365,9767679.754553556,9767679.754553556,-249999.99999999255,7517958.540002525,1597566.1897505037,563846.890500186,338308.13430010667,417626.18329806905,1.8793178248412943,164360011.39975375,174127691.1543073,21,21,1.75,0.00075,2.0,37.5,5.0,0.675
A_screening_only,Norovirus,rapid,Rapid Antigen Test (RAT),2,2x,2.0,base_case,3500000,365,15782046.586555123,15782046.586555123,-249999.99999999255,7517958.540002525,1597566.1897505037,6578213.7225022465,338308.13430010667,417626.18329806905,1.8793178248412943,235989537.14753526,251771583.7340904,21,21,1.75,0.00075,2.0,37.5,5.0,0.675
A_screening_only,Norovirus,rapid,Rapid Antigen Test (RAT),2,2x,2.0,high_income,11600000,365,31005912.630060673,31005912.630060673,-249999.99999999255,7517958.540002525,1597566.1897505037,21802079.766006976,338308.13430010667,417626.18329806905,1.8793178248412943,417301774.19660646,448307686.82666713,21,21,1.75,0.00075,2.0,37.5,5.0,0.675
A_screening_only,Norovirus,rapid,Rapid Antigen Test (RAT),5,0.1x,0.1,low_resource,300000,365,14252483.328198984,14252483.328198984,-624999.9999999925,11165090.67782285,2372581.7690373436,837381.8008367138,502429.0805020294,620308.5779751912,2.791388600888358,73983111.43279132,88235594.7609903,21,21,1.75,0.00075,2.0,37.5,0.25000000000000006,0.675
A_screening_only,Norovirus,rapid,Rapid Antigen Test (RAT),5,0.1x,0.1,base_case,3500000,365,23184555.870457023,23184555.870457023,-624999.9999999925,11165090.67782285,2372581.7690373436,9769454.343094971,502429.0805020294,620308.5779751912,2.791388600888358,91352584.66757476,114537140.53803179,21,21,1.75,0.00075,2.0,37.5,0.25000000000000006,0.675
A_screening_only,Norovirus,rapid,Rapid Antigen Test (RAT),5,0.1x,0.1,high_income,11600000,365,45793864.49304879,45793864.49304879,-624999.9999999925,11165090.67782285,2372581.7690373436,32378762.965686128,502429.0805020294,620308.5779751912,2.791388600888358,135319063.7931199,181112928.2861687,21,21,1.75,0.00075,2.0,37.5,0.25000000000000006,0.675
A_screening_only,Norovirus,rapid,Rapid Antigen Test (RAT),5,0.5x,0.5,low_resource,300000,365,19071048.48602681,19071048.48602681,-624999.9999999925,14781274.661183357,3141020.8655014876,1108595.5995887602,665157.3597532604,821129.6676208321,3.695083504293722,121000497.05817835,140071545.54420516,21,21,1.75,0.00075,2.0,37.5,1.25,0.675
A_screening_only,Norovirus,rapid,Rapid Antigen Test (RAT),5,0.5x,0.5,base_case,3500000,365,30896068.214973897,30896068.214973897,-624999.9999999925,14781274.661183357,3141020.8655014876,12933615.328535512,665157.3597532604,821129.6676208321,3.695083504293722,166598044.21439442,197494112.42936832,21,21,1.75,0.00075,2.0,37.5,1.25,0.675
A_screening_only,Norovirus,rapid,Rapid Antigen Test (RAT),5,0.5x,0.5,high_income,11600000,365,60828149.40387052,60828149.40387052,-624999.9999999925,14781274.661183357,3141020.8655014876,42865696.517431825,665157.3597532604,821129.6676208321,3.695083504293722,282016835.45356697,342844984.8574375,21,21,1.75,0.00075,2.0,37.5,1.25,0.675
A_screening_only,Norovirus,rapid,Rapid Antigen Test (RAT),5,1x,1.0,low_resource,300000,365,16910294.054529876,16910294.054529876,-624999.9999999925,13159695.350491494,2796435.26197944,986977.1512868619,592186.2907721237,731035.9915902577,3.289661962156181,143930931.09892133,160841225.1534512,21,21,1.75,0.00075,2.0,37.5,2.5,0.675
A_screening_only,Norovirus,rapid,Rapid Antigen Test (RAT),5,1x,1.0,base_case,3500000,365,27438050.33492291,27438050.33492291,-624999.9999999925,13159695.350491494,2796435.26197944,11514733.431680009,592186.2907721237,731035.9915902577,3.289661962156181,203295342.97003013,230733393.30495304,21,21,1.75,0.00075,2.0,37.5,2.5,0.675
A_screening_only,Norovirus,rapid,Rapid Antigen Test (RAT),5,1x,1.0,high_income,11600000,365,54086433.41966903,54086433.41966903,-624999.9999999925,13159695.350491494,2796435.26197944,38163116.51642537,592186.2907721237,731035.9915902577,3.289661962156181,353561510.51877415,407647943.9384432,21,21,1.75,0.00075,2.0,37.5,2.5,0.675
A_screening_only,Norovirus,rapid,Rapid Antigen Test (RAT),5,2x,2.0,low_resource,300000,365,13442040.485236794,13442040.485236794,-624999.9999999925,10556878.412935883,2243336.6627488695,791765.8809701893,475059.5285821031,586440.5929381493,2.6389826682216615,164360011.39975375,177802051.88499054,21,21,1.75,0.00075,2.0,37.5,5.0,0.675
A_screening_only,Norovirus,rapid,Rapid Antigen Test (RAT),5,2x,2.0,base_case,3500000,365,21887543.215585947,21887543.215585947,-624999.9999999925,10556878.412935883,2243336.6627488695,9237268.611318752,475059.5285821031,586440.5929381493,2.6389826682216615,235989537.14753526,257877080.3631212,21,21,1.75,0.00075,2.0,37.5,5.0,0.675
A_screening_only,Norovirus,rapid,Rapid Antigen Test (RAT),5,2x,2.0,high_income,11600000,365,43265222.001781166,43265222.001781166,-624999.9999999925,10556878.412935883,2243336.6627488695,30614947.397514254,475059.5285821031,586440.5929381493,2.6389826682216615,417301774.19660646,460566996.1983876,21,21,1.75,0.00075,2.0,37.5,5.0,0.675
A_screening_only,Norovirus,rapid,Rapid Antigen Test (RAT),10,0.1x,0.1,low_resource,300000,365,15521992.597509414,15521992.597509414,-1250000.0,12586861.236404777,2674708.0127359927,944014.5927303571,566408.7556382156,699296.9915539995,3.1468364619929927,73983111.43279132,89505104.03030074,21,21,1.75,0.00075,2.0,37.5,0.25000000000000006,0.675
A_screening_only,Norovirus,rapid,Rapid Antigen Test (RAT),10,0.1x,0.1,base_case,3500000,365,25591481.5866331,25591481.5866331,-1250000.0,12586861.236404777,2674708.0127359927,11013503.581854127,566408.7556382156,699296.9915539995,3.1468364619929927,91352584.66757476,116944066.25420786,21,21,1.75,0.00075,2.0,37.5,0.25000000000000006,0.675
A_screening_only,Norovirus,rapid,Rapid Antigen Test (RAT),10,0.1x,0.1,high_income,11600000,365,51079875.59035289,51079875.59035289,-1250000.0,12586861.236404777,2674708.0127359927,36501897.5855737,566408.7556382156,699296.9915539995,3.1468364619929927,135319063.7931199,186398939.3834728,21,21,1.75,0.00075,2.0,37.5,0.25000000000000006,0.675
A_screening_only,Norovirus,rapid,Rapid Antigen Test (RAT),10,0.5x,0.5,low_resource,300000,365,20582057.63109882,20582057.63109882,-1250000.0,16384283.40044938,3481660.2225955147,1228821.2550336998,737292.7530202232,910179.6055486742,4.095808224969028,121000497.05817835,141582554.68927717,21,21,1.75,0.00075,2.0,37.5,1.25,0.675
A_screening_only,Norovirus,rapid,Rapid Antigen Test (RAT),10,0.5x,0.5,base_case,3500000,365,33689484.35145864,33689484.35145864,-1250000.0,16384283.40044938,3481660.2225955147,14336247.975393243,737292.7530202232,910179.6055486742,4.095808224969028,166598044.21439442,200287528.56585306,21,21,1.75,0.00075,2.0,37.5,1.25,0.675
A_screening_only,Norovirus,rapid,Rapid Antigen Test (RAT),10,0.5x,0.5,high_income,11600000,365,66867658.237368345,66867658.237368345,-1250000.0,16384283.40044938,3481660.2225955147,47514421.86130309,737292.7530202232,910179.6055486742,4.095808224969028,282016835.45356697,348884493.6909353,21,21,1.75,0.00075,2.0,37.5,1.25,0.675
A_screening_only,Norovirus,rapid,Rapid Antigen Test (RAT),10,1x,1.0,low_resource,300000,365,18098834.543730706,18098834.543730706,-1250000.0,14520701.346139833,3085649.0360547025,1089052.600960467,653431.5605762885,806641.6615372682,3.629887476917709,143930931.09892133,162029765.64265203,21,21,1.75,0.00075,2.0,37.5,2.5,0.675
A_screening_only,Norovirus,rapid,Rapid Antigen Test (RAT),10,1x,1.0,base_case,3500000,365,29715395.62064311,29715395.62064311,-1250000.0,14520701.346139833,3085649.0360547025,12705613.67787233,653431.5605762885,806641.6615372682,3.629887476917709,203295342.97003013,233010738.59067324,21,21,1.75,0.00075,2.0,37.5,2.5,0.675
A_screening_only,Norovirus,rapid,Rapid Antigen Test (RAT),10,1x,1.0,high_income,11600000,365,59119815.84657663,59119815.84657663,-1250000.0,14520701.346139833,3085649.0360547025,42110033.903805465,653431.5605762885,806641.6615372682,3.629887476917709,353561510.51877415,412681326.3653508,21,21,1.75,0.00075,2.0,37.5,2.5,0.675
A_screening_only,Norovirus,rapid,Rapid Antigen Test (RAT),10,2x,2.0,low_resource,300000,365,14240223.862089366,14240223.862089366,-1250000.0,11624933.479992151,2470298.364498291,871870.0109994169,523122.0065996428,645772.0982826361,2.9059744422718516,164360011.39975375,178600235.26184312,21,21,1.75,0.00075,2.0,37.5,5.0,0.675
A_screening_only,Norovirus,rapid,Rapid Antigen Test (RAT),10,2x,2.0,base_case,3500000,365,23540170.646083474,23540170.646083474,-1250000.0,11624933.479992151,2470298.364498291,10171816.794993192,523122.0065996428,645772.0982826361,2.9059744422718516,235989537.14753526,259529707.79361874,21,21,1.75,0.00075,2.0,37.5,5.0,0.675
A_screening_only,Norovirus,rapid,Rapid Antigen Test (RAT),10,2x,2.0,high_income,11600000,365,47080660.94306713,47080660.94306713,-1250000.0,11624933.479992151,2470298.364498291,33712307.09197685,523122.0065996428,645772.0982826361,2.9059744422718516,417301774.19660646,464382435.1396736,21,21,1.75,0.00075,2.0,37.5,5.0,0.675
A_screening_only,Norovirus,rapid,Rapid Antigen Test (RAT),14,0.1x,0.1,low_resource,300000,365,15283553.203910828,15283553.203910828,-1750000.0000000075,12783154.374417096,2716420.304563623,958736.578081284,575241.9468487675,710202.2985412432,3.1959103434355844,73983111.43279132,89266664.63670215,21,21,1.75,0.00075,2.0,37.5,0.25000000000000006,0.675
A_screening_only,Norovirus,rapid,Rapid Antigen Test (RAT),14,0.1x,0.1,base_case,3500000,365,25510076.70344436,25510076.70344436,-1750000.0000000075,12783154.374417096,2716420.304563623,11185260.07761494,575241.9468487675,710202.2985412432,3.1959103434355844,91352584.66757476,116862661.37101912,21,21,1.75,0.00075,2.0,37.5,0.25000000000000006,0.675
A_screening_only,Norovirus,rapid,Rapid Antigen Test (RAT),14,0.1x,0.1,high_income,11600000,365,51395964.31163913,51395964.31163913,-1750000.0000000075,12783154.374417096,2716420.304563623,37071147.68580946,575241.9468487675,710202.2985412432,3.1959103434355844,135319063.7931199,186715028.10475904,21,21,1.75,0.00075,2.0,37.5,0.25000000000000006,0.675
A_screening_only,Norovirus,rapid,Rapid Antigen Test (RAT),14,0.5x,0.5,low_resource,300000,365,20379912.86805187,20379912.86805187,-1750000.0000000075,16607814.535123467,3529160.5887137093,1245586.090134249,747351.6540805511,922597.1657568598,4.151687245905881,121000497.05817835,141380409.92623022,21,21,1.75,0.00075,2.0,37.5,1.25,0.675
A_screening_only,Norovirus,rapid,Rapid Antigen Test (RAT),14,0.5x,0.5,base_case,3500000,365,33666164.49615061,33666164.49615061,-1750000.0000000075,16607814.535123467,3529160.5887137093,14531837.718232952,747351.6540805511,922597.1657568598,4.151687245905881,166598044.21439442,200264208.71054503,21,21,1.75,0.00075,2.0,37.5,1.25,0.675
A_screening_only,Norovirus,rapid,Rapid Antigen Test (RAT),14,0.5x,0.5,high_income,11600000,365,67296988.929775,67296988.929775,-1750000.0000000075,16607814.535123467,3529160.5887137093,48162662.151857466,747351.6540805511,922597.1657568598,4.151687245905881,282016835.45356697,349313824.38334197,21,21,1.75,0.00075,2.0,37.5,1.25,0.675
A_screening_only,Norovirus,rapid,Rapid Antigen Test (RAT),14,1x,1.0,low_resource,300000,365,17860191.859235734,17860191.859235734,-1750000.0000000075,14716841.9206274,3127328.9081333075,1103763.1440470414,662257.8864282337,817537.5620740391,3.6789190293331906,143930931.09892133,161791122.95815706,21,21,1.75,0.00075,2.0,37.5,2.5,0.675
A_screening_only,Norovirus,rapid,Rapid Antigen Test (RAT),14,1x,1.0,base_case,3500000,365,29633665.395737737,29633665.395737737,-1750000.0000000075,14716841.9206274,3127328.9081333075,12877236.68054898,662257.8864282337,817537.5620740391,3.6789190293331906,203295342.97003013,232929008.36576787,21,21,1.75,0.00075,2.0,37.5,2.5,0.675
A_screening_only,Norovirus,rapid,Rapid Antigen Test (RAT),14,1x,1.0,high_income,11600000,365,59435270.28500819,59435270.28500819,-1750000.0000000075,14716841.9206274,3127328.9081333075,42678841.56981942,662257.8864282337,817537.5620740391,3.6789190293331906,353561510.51877415,412996780.80378234,21,21,1.75,0.00075,2.0,37.5,2.5,0.675
A_screening_only,Norovirus,rapid,Rapid Antigen Test (RAT),14,2x,2.0,low_resource,300000,365,13961883.769511849,13961883.769511849,-1750000.0000000075,11791282.37862043,2505647.5054568537,884346.1783965416,530607.707037915,655012.9983218666,2.9475584924483798,164360011.39975375,178321895.1692656,21,21,1.75,0.00075,2.0,37.5,5.0,0.675
A_screening_only,Norovirus,rapid,Rapid Antigen Test (RAT),14,2x,2.0,base_case,3500000,365,23394909.672408044,23394909.672408044,-1750000.0000000075,11791282.37862043,2505647.5054568537,10317372.081292927,530607.707037915,655012.9983218666,2.9475584924483798,235989537.14753526,259384446.8199433,21,21,1.75,0.00075,2.0,37.5,5.0,0.675
A_screening_only,Norovirus,rapid,Rapid Antigen Test (RAT),14,2x,2.0,high_income,11600000,365,47272256.48911506,47272256.48911506,-1750000.0000000075,11791282.37862043,2505647.5054568537,34194718.89799914,530607.707037915,655012.9983218666,2.9475584924483798,417301774.19660646,464574030.6857215,21,21,1.75,0.00075,2.0,37.5,5.0,0.675
A_screening_only,Norovirus,lab,Laboratory PCR,2,0.1x,0.1,low_resource,300000,365,14382404.392097533,14382404.392097533,-1999999.9999999404,12294487.348665956,2612578.5615915107,922086.5511499485,553251.9306899699,683083.684737888,3.0738765813203153,379161174.83271027,393543579.2248078,21,21,1.75,0.00075,2.0,37.5,0.25000000000000006,0.97
A_screening_only,Norovirus,lab,Laboratory PCR,2,0.1x,0.1,base_case,3500000,365,24217994.27102995,24217994.27102995,-1999999.9999999404,12294487.348665956,2612578.5615915107,10757676.430082709,553251.9306899699,683083.684737888,3.0738765813203153,390414916.9558575,414632911.22688746,21,21,1.75,0.00075,2.0,37.5,0.25000000000000006,0.97
A_screening_only,Norovirus,lab,Laboratory PCR,2,0.1x,0.1,high_income,11600000,365,49114331.15207857,49114331.15207857,-1999999.9999999404,12294487.348665956,2612578.5615915107,35654013.31113124,553251.9306899699,683083.684737888,3.0738765813203153,418900951.7050728,468015282.8571514,21,21,1.75,0.00075,2.0,37.5,0.25000000000000006,0.97
A_screening_only,Norovirus,lab,Laboratory PCR,2,0.5x,0.5,low_resource,300000,365,25007678.0588513,25007678.0588513,-1999999.9999999404,20268426.310582303,4307040.590998737,1520131.9732936774,912079.1839761995,1125982.9482743647,5.066923267234623,418177360.03758174,443185038.09643304,21,21,1.75,0.00075,2.0,37.5,1.25,0.97
A_screening_only,Norovirus,lab,Laboratory PCR,2,0.5x,0.5,base_case,3500000,365,41222419.10731691,41222419.10731691,-1999999.9999999404,20268426.310582303,4307040.590998737,17734873.021759555,912079.1839761995,1125982.9482743647,5.066923267234623,452855453.50324076,494077872.6105577,21,21,1.75,0.00075,2.0,37.5,1.25,0.97
A_screening_only,Norovirus,lab,Laboratory PCR,2,0.5x,0.5,high_income,11600000,365,82265982.38624573,82265982.38624573,-1999999.9999999404,20268426.310582303,4307040.590998737,58778436.30068864,912079.1839761995,1125982.9482743647,5.066923267234623,540634377.5881907,622900359.9744364,21,21,1.75,0.00075,2.0,37.5,1.25,0.97
A_screening_only,Norovirus,lab,Laboratory PCR,2,1x,1.0,low_resource,300000,365,24128902.171004415,24128902.171004415,-1999999.9999999404,19608932.21088513,4166898.0948130805,1470669.9158163834,882401.9494898259,1089322.7313407073,4.901952291033176,441069204.50472736,465198106.6757318,21,21,1.75,0.00075,2.0,37.5,2.5,0.97
A_screening_only,Norovirus,lab,Laboratory PCR,2,1x,1.0,base_case,3500000,365,39816047.9397127,39816047.9397127,-1999999.9999999404,19608932.21088513,4166898.0948130805,17157815.684524357,882401.9494898259,1089322.7313407073,4.901952291033176,489490994.46098006,529307042.40069276,21,21,1.75,0.00075,2.0,37.5,2.5,0.97
A_screening_only,Norovirus,lab,Laboratory PCR,2,1x,1.0,high_income,11600000,365,79524135.66675413,79524135.66675413,-1999999.9999999404,19608932.21088513,4166898.0948130805,56865903.411566526,882401.9494898259,1089322.7313407073,4.901952291033176,612058650.2877455,691582785.9544996,21,21,1.75,0.00075,2.0,37.5,2.5,0.97
A_screening_only,Norovirus,lab,Laboratory PCR,2,2x,2.0,low_resource,300000,365,20350756.141705036,20350756.141705036,-1999999.9999999404,16773550.575388417,3564379.497270016,1258016.2931541242,754809.7758924807,931806.6098804045,4.193129744461835,463490204.5872456,483840960.7289506,21,21,1.75,0.00075,2.0,37.5,5.0,0.97
A_screening_only,Norovirus,lab,Laboratory PCR,2,2x,2.0,base_case,3500000,365,33769596.60201615,33769596.60201615,-1999999.9999999404,16773550.575388417,3564379.497270016,14676856.753464773,754809.7758924807,931806.6098804045,4.193129744461835,525373007.72624844,559142604.3282646,21,21,1.75,0.00075,2.0,37.5,5.0,0.97
A_screening_only,Norovirus,lab,Laboratory PCR,2,2x,2.0,high_income,11600000,365,67736036.51717639,67736036.51717639,-1999999.9999999404,16773550.575388417,3564379.497270016,48643296.66862619,754809.7758924807,931806.6098804045,4.193129744461835,682013853.1718497,749749889.6890261,21,21,1.75,0.00075,2.0,37.5,5.0,0.97
A_screening_only,Norovirus,lab,Laboratory PCR,5,0.1x,0.1,low_resource,300000,365,19008796.465488255,19008796.465488255,-4999999.99999994,18017858.51068558,3828794.933520685,1351339.3883014163,810803.6329808532,1001060.3235983736,4.504771456192506,379161174.83271027,398169971.2981985,21,21,1.75,0.00075,2.0,37.5,0.25000000000000006,0.97
A_screening_only,Norovirus,lab,Laboratory PCR,5,0.1x,0.1,base_case,3500000,365,33423083.274036884,33423083.274036884,-4999999.99999994,18017858.51068558,3828794.933520685,15765626.19684986,810803.6329808532,1001060.3235983736,4.504771456192506,390414916.9558575,423838000.2298944,21,21,1.75,0.00075,2.0,37.5,0.25000000000000006,0.97
A_screening_only,Norovirus,lab,Laboratory PCR,5,0.1x,0.1,high_income,11600000,365,69909246.75817573,69909246.75817573,-4999999.99999994,18017858.51068558,3828794.933520685,52251789.68098819,810803.6329808532,1001060.3235983736,4.504771456192506,418900951.7050728,488810198.46324855,21,21,1.75,0.00075,2.0,37.5,0.25000000000000006,0.97
A_screening_only,Norovirus,lab,Laboratory PCR,5,0.5x,0.5,low_resource,300000,365,31545075.397241533,31545075.397241533,-4999999.99999994,27425947.765284397,5828013.900122931,2056946.0823963233,1234167.6494377917,1523601.2123342073,6.856205455503913,418177360.03758174,449722435.4348233,21,21,1.75,0.00075,2.0,37.5,1.25,0.97
A_screening_only,Norovirus,lab,Laboratory PCR,5,0.5x,0.5,base_case,3500000,365,53485833.609469116,53485833.609469116,-4999999.99999994,27425947.765284397,5828013.900122931,23997704.29462371,1234167.6494377917,1523601.2123342073,6.856205455503913,452855453.50324076,506341287.1127099,21,21,1.75,0.00075,2.0,37.5,1.25,0.97
A_screening_only,Norovirus,lab,Laboratory PCR,5,0.5x,0.5,high_income,11600000,365,109023377.83416843,109023377.83416843,-4999999.99999994,27425947.765284397,5828013.900122931,79535248.51932423,1234167.6494377917,1523601.2123342073,6.856205455503913,540634377.5881907,649657755.4223591,21,21,1.75,0.00075,2.0,37.5,1.25,0.97
A_screening_only,Norovirus,lab,Laboratory PCR,5,1x,1.0,low_resource,300000,365,29454331.98385924,29454331.98385924,-4999999.99999994,25856909.55636739,5494593.280728044,1939268.2167275408,1163560.9300365308,1436411.5442369916,6.463851949066473,441069204.50472736,470523536.4885866,21,21,1.75,0.00075,2.0,37.5,2.5,0.97
A_screening_only,Norovirus,lab,Laboratory PCR,5,1x,1.0,base_case,3500000,365,50139859.628953576,50139859.628953576,-4999999.99999994,25856909.55636739,5494593.280728044,22624795.861821428,1163560.9300365308,1436411.5442369916,6.463851949066473,489490994.46098006,539630854.0899336,21,21,1.75,0.00075,2.0,37.5,2.5,0.97
A_screening_only,Norovirus,lab,Laboratory PCR,5,1x,1.0,high_income,11600000,365,102500101.48059738,102500101.48059738,-4999999.99999994,25856909.55636739,5494593.280728044,74985037.71346495,1163560.9300365308,1436411.5442369916,6.463851949066473,612058650.2877455,714558751.7683429,21,21,1.75,0.00075,2.0,37.5,2.5,0.97
A_screening_only,Norovirus,lab,Laboratory PCR,5,2x,2.0,low_resource,300000,365,23945447.48640597,23945447.48640597,-4999999.99999994,21722662.27872877,4616065.734229861,1629199.6709046504,977519.802542794,1206741.7988094129,5.430338094642384,463490204.5872456,487435652.07365155,21,21,1.75,0.00075,2.0,37.5,5.0,0.97
A_screening_only,Norovirus,lab,Laboratory PCR,5,2x,2.0,base_case,3500000,365,41323577.30938977,41323577.30938977,-4999999.99999994,21722662.27872877,4616065.734229861,19007329.493887693,977519.802542794,1206741.7988094129,5.430338094642384,525373007.72624844,566696585.0356382,21,21,1.75,0.00075,2.0,37.5,5.0,0.97
A_screening_only,Norovirus,lab,Laboratory PCR,5,2x,2.0,high_income,11600000,365,85311968.42381549,85311968.42381549,-4999999.99999994,21722662.27872877,4616065.734229861,62995720.60831344,977519.802542794,1206741.7988094129,5.430338094642384,682013853.1718497,767325821.5956652,21,21,1.75,0.00075,2.0,37.5,5.0,0.97
A_screening_only,Norovirus,lab,Laboratory PCR,10,0.1x,0.1,low_resource,300000,365,16768798.692288697,16768798.692288697,-10000000.0,20089154.74092952,4268945.382447526,1506686.6055697156,904011.9633418281,1116134.661640225,5.022605977380829,379161174.83271027,395929973.52499896,21,21,1.75,0.00075,2.0,37.5,0.25000000000000006,0.97
A_screening_only,Norovirus,lab,Laboratory PCR,10,0.1x,0.1,base_case,3500000,365,32840122.485031962,32840122.485031962,-10000000.0,20089154.74092952,4268945.382447526,17578010.39831334,904011.9633418281,1116134.661640225,5.022605977380829,390414916.9558575,423255039.4408895,21,21,1.75,0.00075,2.0,37.5,0.25000000000000006,0.97
A_screening_only,Norovirus,lab,Laboratory PCR,10,0.1x,0.1,high_income,11600000,365,73520660.83541459,73520660.83541459,-10000000.0,20089154.74092952,4268945.382447526,58258548.74869552,904011.9633418281,1116134.661640225,5.022605977380829,418900951.7050728,492421612.5404874,21,21,1.75,0.00075,2.0,37.5,0.25000000000000006,0.97
A_screening_only,Norovirus,lab,Laboratory PCR,10,0.5x,0.5,low_resource,300000,365,29690646.700645745,29690646.700645745,-10000000.0,29786601.65151646,6329652.850947291,2233995.123863744,1340397.0743182427,1654741.0745423744,7.4463348354406715,418177360.03758174,447868006.7382275,21,21,1.75,0.00075,2.0,37.5,1.25,0.97
A_screening_only,Norovirus,lab,Laboratory PCR,10,0.5x,0.5,base_case,3500000,365,53519928.02185887,53519928.02185887,-10000000.0,29786601.65151646,6329652.850947291,26063276.44507698,1340397.0743182427,1654741.0745423744,7.4463348354406715,452855453.50324076,506375381.52509964,21,21,1.75,0.00075,2.0,37.5,1.25,0.97
A_screening_only,Norovirus,lab,Laboratory PCR,10,0.5x,0.5,high_income,11600000,365,113837796.36618054,113837796.36618054,-10000000.0,29786601.65151646,6329652.850947291,86381144.78939773,1340397.0743182427,1654741.0745423744,7.4463348354406715,540634377.5881907,654472173.9543712,21,21,1.75,0.00075,2.0,37.5,1.25,0.97
A_screening_only,Norovirus,lab,Laboratory PCR,10,1x,1.0,low_resource,300000,365,27134839.541943967,27134839.541943967,-10000000.0,27868547.49864476,5922066.343462018,2090141.0623983592,1254084.6374390158,1548162.586263664,6.966731638186481,441069204.50472736,468204044.04667133,21,21,1.75,0.00075,2.0,37.5,2.5,0.97
A_screening_only,Norovirus,lab,Laboratory PCR,10,1x,1.0,base_case,3500000,365,49429677.540860176,49429677.540860176,-10000000.0,27868547.49864476,5922066.343462018,24384979.061314344,1254084.6374390158,1548162.586263664,6.966731638186481,489490994.46098006,538920672.0018402,21,21,1.75,0.00075,2.0,37.5,2.5,0.97
A_screening_only,Norovirus,lab,Laboratory PCR,10,1x,1.0,high_income,11600000,365,105863486.2256149,105863486.2256149,-10000000.0,27868547.49864476,5922066.343462018,80818787.74606952,1254084.6374390158,1548162.586263664,6.966731638186481,612058650.2877455,717922136.5133604,21,21,1.75,0.00075,2.0,37.5,2.5,0.97
A_screening_only,Norovirus,lab,Laboratory PCR,10,2x,2.0,low_resource,300000,365,21055577.651798427,21055577.651798427,-10000000.0,23306249.64487712,4952578.049536353,1747968.7233657753,1048781.234019468,1294714.216496545,5.826213974234484,463490204.5872456,484545782.239044,21,21,1.75,0.00075,2.0,37.5,5.0,0.97
A_screening_only,Norovirus,lab,Laboratory PCR,10,2x,2.0,base_case,3500000,365,39700577.36770064,39700577.36770064,-10000000.0,23306249.64487712,4952578.049536353,20392968.43926747,1048781.234019468,1294714.216496545,5.826213974234484,525373007.72624844,565073585.0939491,21,21,1.75,0.00075,2.0,37.5,5.0,0.97
A_screening_only,Norovirus,lab,Laboratory PCR,10,2x,2.0,high_income,11600000,365,86895732.89857733,86895732.89857733,-10000000.0,23306249.64487712,4952578.049536353,67588123.97014332,1048781.234019468,1294714.216496545,5.826213974234484,682013853.1718497,768909586.0704271,21,21,1.75,0.00075,2.0,37.5,5.0,0.97
A_screening_only,Norovirus,lab,Laboratory PCR,14,0.1x,0.1,low_resource,300000,365,13145549.896812797,13145549.896812797,-14000000.00000006,20371894.856895223,4329027.657090237,1527892.114267142,916735.2685602865,1131842.7000550716,5.093292150247649,379161174.83271027,392306724.72952306,21,21,1.75,0.00075,2.0,37.5,0.25000000000000006,0.97
A_screening_only,Norovirus,lab,Laboratory PCR,14,0.1x,0.1,base_case,3500000,365,29443065.782328904,29443065.782328904,-14000000.00000006,20371894.856895223,4329027.657090237,17825407.99978333,916735.2685602865,1131842.7000550716,5.093292150247649,390414916.9558575,419857982.7381864,21,21,1.75,0.00075,2.0,37.5,0.25000000000000006,0.97
A_screening_only,Norovirus,lab,Laboratory PCR,14,0.1x,0.1,high_income,11600000,365,70696152.86754227,70696152.86754227,-14000000.00000006,20371894.856895223,4329027.657090237,59078495.08499606,916735.2685602865,1131842.7000550716,5.093292150247649,418900951.7050728,489597104.5726151,21,21,1.75,0.00075,2.0,37.5,0.25000000000000006,0.97
A_screening_only,Norovirus,lab,Laboratory PCR,14,0.5x,0.5,low_resource,300000,365,26120530.04455501,26120530.04455501,-14000000.00000006,30109215.793286853,6398208.3560734745,2258191.1844965215,1354914.7106979042,1672663.0611687563,7.526983775259383,418177360.03758174,444297890.08213675,21,21,1.75,0.00075,2.0,37.5,1.25,0.97
A_screening_only,Norovirus,lab,Laboratory PCR,14,0.5x,0.5,base_case,3500000,365,50207902.67918426,50207902.67918426,-14000000.00000006,30109215.793286853,6398208.3560734745,26345563.81912595,1354914.7106979042,1672663.0611687563,7.526983775259383,452855453.50324076,503063356.182425,21,21,1.75,0.00075,2.0,37.5,1.25,0.97
A_screening_only,Norovirus,lab,Laboratory PCR,14,0.5x,0.5,high_income,11600000,365,111179064.66058922,111179064.66058922,-14000000.00000006,30109215.793286853,6398208.3560734745,87316725.80053185,1354914.7106979042,1672663.0611687563,7.526983775259383,540634377.5881907,651813442.2487799,21,21,1.75,0.00075,2.0,37.5,1.25,0.97
A_screening_only,Norovirus,lab,Laboratory PCR,14,1x,1.0,low_resource,300000,365,23512395.51406765,23512395.51406765,-14000000.00000006,28151891.567780755,5982276.958153406,2111391.867583557,1266835.1205501338,1563903.0352372741,7.037563658567738,441069204.50472736,464581600.018795,21,21,1.75,0.00075,2.0,37.5,2.5,0.97
A_screening_only,Norovirus,lab,Laboratory PCR,14,1x,1.0,base_case,3500000,365,46033908.76829249,46033908.76829249,-14000000.00000006,28151891.567780755,5982276.958153406,24632905.12180817,1266835.1205501338,1563903.0352372741,7.037563658567738,489490994.46098006,535524903.22927254,21,21,1.75,0.00075,2.0,37.5,2.5,0.97
A_screening_only,Norovirus,lab,Laboratory PCR,14,1x,1.0,high_income,11600000,365,103041489.19304848,103041489.19304848,-14000000.00000006,28151891.567780755,5982276.958153406,81640485.5465641,1266835.1205501338,1563903.0352372741,7.037563658567738,612058650.2877455,715100139.480794,21,21,1.75,0.00075,2.0,37.5,2.5,0.97
A_screening_only,Norovirus,lab,Laboratory PCR,14,2x,2.0,low_resource,300000,365,17376147.053023994,17376147.053023994,-14000000.00000006,23546827.056678787,5003700.749544201,1766012.0292508882,1059607.2175505306,1308078.987479562,5.886355443658047,463490204.5872456,480866351.6402696,21,21,1.75,0.00075,2.0,37.5,5.0,0.97
A_screening_only,Norovirus,lab,Laboratory PCR,14,2x,2.0,base_case,3500000,365,36213608.698367536,36213608.698367536,-14000000.00000006,23546827.056678787,5003700.749544201,20603473.67459385,1059607.2175505306,1308078.987479562,5.886355443658047,525373007.72624844,561586616.424616,21,21,1.75,0.00075,2.0,37.5,5.0,0.97
A_screening_only,Norovirus,lab,Laboratory PCR,14,2x,2.0,high_income,11600000,365,83895933.48814225,83895933.48814225,-14000000.00000006,23546827.056678787,5003700.749544201,68285798.46436667,1059607.2175505306,1308078.987479562,5.886355443658047,682013853.1718497,765909786.659992,21,21,1.75,0.00075,2.0,37.5,5.0,0.97
A_screening_only,Norovirus,molecular,High-throughput molecular screening,2,0.1x,0.1,low_resource,300000,365,15982404.392097369,15982404.392097369,-400000.0000000149,12294487.348665956,2612578.5615915107,922086.5511499485,553251.9306899699,683083.684737888,3.0738765813203153,90827846.34563541,106810250.73773278,21,21,1.75,0.00075,2.0,37.5,0.25000000000000006,0.97
A_screening_only,Norovirus,molecular,High-throughput molecular screening,2,0.1x,0.1,base_case,3500000,365,25817994.271030277,25817994.271030277,-400000.0000000149,12294487.348665956,2612578.5615915107,10757676.430082709,553251.9306899699,683083.684737888,3.0738765813203153,102081588.4687823,127899582.73981258,21,21,1.75,0.00075,2.0,37.5,0.25000000000000006,0.97
A_screening_only,Norovirus,molecular,High-throughput molecular screening,2,0.1x,0.1,high_income,11600000,365,50714331.15207888,50714331.15207888,-400000.0000000149,12294487.348665956,2612578.5615915107,35654013.31113124,553251.9306899699,683083.684737888,3.0738765813203153,130567623.21799816,181281954.37007704,21,21,1.75,0.00075,2.0,37.5,0.25000000000000006,0.97
A_screening_only,Norovirus,molecular,High-throughput molecular screening,2,0.5x,0.5,low_resource,300000,365,26607678.05885099,26607678.05885099,-400000.0000000149,20268426.310582303,4307040.590998737,1520131.9732936774,912079.1839761995,1125982.9482743647,5.066923267234623,129844031.55050705,156451709.60935804,21,21,1.75,0.00075,2.0,37.5,1.25,0.97
A_screening_only,Norovirus,molecular,High-throughput molecular screening,2,0.5x,0.5,base_case,3500000,365,42822419.10731655,42822419.10731655,-400000.0000000149,20268426.310582303,4307040.590998737,17734873.021759555,912079.1839761995,1125982.9482743647,5.066923267234623,164522125.01616615,207344544.1234827,21,21,1.75,0.00075,2.0,37.5,1.25,0.97
A_screening_only,Norovirus,molecular,High-throughput molecular screening,2,0.5x,0.5,high_income,11600000,365,83865982.38624576,83865982.38624576,-400000.0000000149,20268426.310582303,4307040.590998737,58778436.30068864,912079.1839761995,1125982.9482743647,5.066923267234623,252301049.10111585,336167031.4873616,21,21,1.75,0.00075,2.0,37.5,1.25,0.97
A_screening_only,Norovirus,molecular,High-throughput molecular screening,2,1x,1.0,low_resource,300000,365,25728902.17100483,25728902.17100483,-400000.0000000149,19608932.21088513,4166898.0948130805,1470669.9158163834,882401.9494898259,1089322.7313407073,4.901952291033176,152735876.01765242,178464778.18865725,21,21,1.75,0.00075,2.0,37.5,2.5,0.97
A_screening_only,Norovirus,molecular,High-throughput molecular screening,2,1x,1.0,base_case,3500000,365,41416047.939712554,41416047.939712554,-400000.0000000149,19608932.21088513,4166898.0948130805,17157815.684524357,882401.9494898259,1089322.7313407073,4.901952291033176,201157665.97390538,242573713.91361794,21,21,1.75,0.00075,2.0,37.5,2.5,0.97
A_screening_only,Norovirus,molecular,High-throughput molecular screening,2,1x,1.0,high_income,11600000,365,81124135.66675466,81124135.66675466,-400000.0000000149,19608932.21088513,4166898.0948130805,56865903.411566526,882401.9494898259,1089322.7313407073,4.901952291033176,323725321.8006704,404849457.46742505,21,21,1.75,0.00075,2.0,37.5,2.5,0.97
A_screening_only,Norovirus,molecular,High-throughput molecular screening,2,2x,2.0,low_resource,300000,365,21950756.141704798,21950756.141704798,-400000.0000000149,16773550.575388417,3564379.497270016,1258016.2931541242,754809.7758924807,931806.6098804045,4.193129744461835,175156876.10017076,197107632.24187556,21,21,1.75,0.00075,2.0,37.5,5.0,0.97
A_screening_only,Norovirus,molecular,High-throughput molecular screening,2,2x,2.0,base_case,3500000,365,35369596.602015555,35369596.602015555,-400000.0000000149,16773550.575388417,3564379.497270016,14676856.753464773,754809.7758924807,931806.6098804045,4.193129744461835,237039679.2391739,272409275.84118944,21,21,1.75,0.00075,2.0,37.5,5.0,0.97
A_screening_only,Norovirus,molecular,High-throughput molecular screening,2,2x,2.0,high_income,11600000,365,69336036.51717627,69336036.51717627,-400000.0000000149,16773550.575388417,3564379.497270016,48643296.66862619,754809.7758924807,931806.6098804045,4.193129744461835,393680524.6847756,463016561.20195186,21,21,1.75,0.00075,2.0,37.5,5.0,0.97
A_screening_only,Norovirus,molecular,High-throughput molecular screening,5,0.1x,0.1,low_resource,300000,365,23008796.465488493,23008796.465488493,-1000000.0000000298,18017858.51068558,3828794.933520685,1351339.3883014163,810803.6329808532,1001060.3235983736,4.504771456192506,90827846.34563541,113836642.81112391,21,21,1.75,0.00075,2.0,37.5,0.25000000000000006,0.97
A_screening_only,Norovirus,molecular,High-throughput molecular screening,5,0.1x,0.1,base_case,3500000,365,37423083.27403715,37423083.27403715,-1000000.0000000298,18017858.51068558,3828794.933520685,15765626.19684986,810803.6329808532,1001060.3235983736,4.504771456192506,102081588.4687823,139504671.74281946,21,21,1.75,0.00075,2.0,37.5,0.25000000000000006,0.97
A_screening_only,Norovirus,molecular,High-throughput molecular screening,5,0.1x,0.1,high_income,11600000,365,73909246.75817539,73909246.75817539,-1000000.0000000298,18017858.51068558,3828794.933520685,52251789.68098819,810803.6329808532,1001060.3235983736,4.504771456192506,130567623.21799816,204476869.97617355,21,21,1.75,0.00075,2.0,37.5,0.25000000000000006,0.97
A_screening_only,Norovirus,molecular,High-throughput molecular screening,5,0.5x,0.5,low_resource,300000,365,35545075.39724107,35545075.39724107,-1000000.0000000298,27425947.765284397,5828013.900122931,2056946.0823963233,1234167.6494377917,1523601.2123342073,6.856205455503913,129844031.55050705,165389106.94774812,21,21,1.75,0.00075,2.0,37.5,1.25,0.97
A_screening_only,Norovirus,molecular,High-throughput molecular screening,5,0.5x,0.5,base_case,3500000,365,57485833.60946855,57485833.60946855,-1000000.0000000298,27425947.765284397,5828013.900122931,23997704.29462371,1234167.6494377917,1523601.2123342073,6.856205455503913,164522125.01616615,222007958.6256347,21,21,1.75,0.00075,2.0,37.5,1.25,0.97
A_screening_only,Norovirus,molecular,High-throughput molecular screening,5,0.5x,0.5,high_income,11600000,365,113023377.83416894,113023377.83416894,-1000000.0000000298,27425947.765284397,5828013.900122931,79535248.51932423,1234167.6494377917,1523601.2123342073,6.856205455503913,252301049.10111585,365324426.9352848,21,21,1.75,0.00075,2.0,37.5,1.25,0.97
A_screening_only,Norovirus,molecular,High-throughput molecular screening,5,1x,1.0,low_resource,300000,365,33454331.9838596,33454331.9838596,-1000000.0000000298,25856909.55636739,5494593.280728044,1939268.2167275408,1163560.9300365308,1436411.5442369916,6.463851949066473,152735876.01765242,186190208.00151202,21,21,1.75,0.00075,2.0,37.5,2.5,0.97
A_screening_only,Norovirus,molecular,High-throughput molecular screening,5,1x,1.0,base_case,3500000,365,54139859.62895316,54139859.62895316,-1000000.0000000298,25856909.55636739,5494593.280728044,22624795.861821428,1163560.9300365308,1436411.5442369916,6.463851949066473,201157665.97390538,255297525.60285854,21,21,1.75,0.00075,2.0,37.5,2.5,0.97
A_screening_only,Norovirus,molecular,High-throughput molecular screening,5,1x,1.0,high_income,11600000,365,106500101.48059726,106500101.48059726,-1000000.0000000298,25856909.55636739,5494593.280728044,74985037.71346495,1163560.9300365308,1436411.5442369916,6.463851949066473,323725321.8006704,430225423.28126764,21,21,1.75,0.00075,2.0,37.5,2.5,0.97
A_screening_only,Norovirus,molecular,High-throughput molecular screening,5,2x,2.0,low_resource,300000,365,27945447.48640579,27945447.48640579,-1000000.0000000298,21722662.27872877,4616065.734229861,1629199.6709046504,977519.802542794,1206741.7988094129,5.430338094642384,175156876.10017076,203102323.58657655,21,21,1.75,0.00075,2.0,37.5,5.0,0.97
A_screening_only,Norovirus,molecular,High-throughput molecular screening,5,2x,2.0,base_case,3500000,365,45323577.309388876,45323577.309388876,-1000000.0000000298,21722662.27872877,4616065.734229861,19007329.493887693,977519.802542794,1206741.7988094129,5.430338094642384,237039679.2391739,282363256.54856277,21,21,1.75,0.00075,2.0,37.5,5.0,0.97
A_screening_only,Norovirus,molecular,High-throughput molecular screening,5,2x,2.0,high_income,11600000,365,89311968.4238149,89311968.4238149,-1000000.0000000298,21722662.27872877,4616065.734229861,62995720.60831344,977519.802542794,1206741.7988094129,5.430338094642384,393680524.6847756,482992493.1085905,21,21,1.75,0.00075,2.0,37.5,5.0,0.97
A_screening_only,Norovirus,molecular,High-throughput molecular screening,10,0.1x,0.1,low_resource,300000,365,24768798.692288563,24768798.692288563,-2000000.0,20089154.74092952,4268945.382447526,1506686.6055697156,904011.9633418281,1116134.661640225,5.022605977380829,90827846.34563541,115596645.03792398,21,21,1.75,0.00075,2.0,37.5,0.25000000000000006,0.97
A_screening_only,Norovirus,molecular,High-throughput molecular screening,10,0.1x,0.1,base_case,3500000,365,40840122.48503235,40840122.48503235,-2000000.0,20089154.74092952,4268945.382447526,17578010.39831334,904011.9633418281,1116134.661640225,5.022605977380829,102081588.4687823,142921710.95381466,21,21,1.75,0.00075,2.0,37.5,0.25000000000000006,0.97
A_screening_only,Norovirus,molecular,High-throughput molecular screening,10,0.1x,0.1,high_income,11600000,365,81520660.83541454,81520660.83541454,-2000000.0,20089154.74092952,4268945.382447526,58258548.74869552,904011.9633418281,1116134.661640225,5.022605977380829,130567623.21799816,212088284.0534127,21,21,1.75,0.00075,2.0,37.5,0.25000000000000006,0.97
A_screening_only,Norovirus,molecular,High-throughput molecular screening,10,0.5x,0.5,low_resource,300000,365,37690646.70064591,37690646.70064591,-2000000.0,29786601.65151646,6329652.850947291,2233995.123863744,1340397.0743182427,1654741.0745423744,7.4463348354406715,129844031.55050705,167534678.25115296,21,21,1.75,0.00075,2.0,37.5,1.25,0.97
A_screening_only,Norovirus,molecular,High-throughput molecular screening,10,0.5x,0.5,base_case,3500000,365,61519928.02185914,61519928.02185914,-2000000.0,29786601.65151646,6329652.850947291,26063276.44507698,1340397.0743182427,1654741.0745423744,7.4463348354406715,164522125.01616615,226042053.0380253,21,21,1.75,0.00075,2.0,37.5,1.25,0.97
A_screening_only,Norovirus,molecular,High-throughput molecular screening,10,0.5x,0.5,high_income,11600000,365,121837796.36617985,121837796.36617985,-2000000.0,29786601.65151646,6329652.850947291,86381144.78939773,1340397.0743182427,1654741.0745423744,7.4463348354406715,252301049.10111585,374138845.4672957,21,21,1.75,0.00075,2.0,37.5,1.25,0.97
A_screening_only,Norovirus,molecular,High-throughput molecular screening,10,1x,1.0,low_resource,300000,365,35134839.541944206,35134839.541944206,-2000000.0,27868547.49864476,5922066.343462018,2090141.0623983592,1254084.6374390158,1548162.586263664,6.966731638186481,152735876.01765242,187870715.55959663,21,21,1.75,0.00075,2.0,37.5,2.5,0.97
A_screening_only,Norovirus,molecular,High-throughput molecular screening,10,1x,1.0,base_case,3500000,365,57429677.54085997,57429677.54085997,-2000000.0,27868547.49864476,5922066.343462018,24384979.061314344,1254084.6374390158,1548162.586263664,6.966731638186481,201157665.97390538,258587343.51476535,21,21,1.75,0.00075,2.0,37.5,2.5,0.97
A_screening_only,Norovirus,molecular,High-throughput molecular screening,10,1x,1.0,high_income,11600000,365,113863486.22561598,113863486.22561598,-2000000.0,27868547.49864476,5922066.343462018,80818787.74606952,1254084.6374390158,1548162.586263664,6.966731638186481,323725321.8006704,437588808.02628636,21,21,1.75,0.00075,2.0,37.5,2.5,0.97
A_screening_only,Norovirus,molecular,High-throughput molecular screening,10,2x,2.0,low_resource,300000,365,29055577.651798576,29055577.651798576,-2000000.0,23306249.64487712,4952578.049536353,1747968.7233657753,1048781.234019468,1294714.216496545,5.826213974234484,175156876.10017076,204212453.75196934,21,21,1.75,0.00075,2.0,37.5,5.0,0.97
A_screening_only,Norovirus,molecular,High-throughput molecular screening,10,2x,2.0,base_case,3500000,365,47700577.36769998,47700577.36769998,-2000000.0,23306249.64487712,4952578.049536353,20392968.43926747,1048781.234019468,1294714.216496545,5.826213974234484,237039679.2391739,284740256.60687387,21,21,1.75,0.00075,2.0,37.5,5.0,0.97
A_screening_only,Norovirus,molecular,High-throughput molecular screening,10,2x,2.0,high_income,11600000,365,94895732.89857578,94895732.89857578,-2000000.0,23306249.64487712,4952578.049536353,67588123.97014332,1048781.234019468,1294714.216496545,5.826213974234484,393680524.6847756,488576257.5833514,21,21,1.75,0.00075,2.0,37.5,5.0,0.97
A_screening_only,Norovirus,molecular,High-throughput molecular screening,14,0.1x,0.1,low_resource,300000,365,24345549.896812886,24345549.896812886,-2799999.99999997,20371894.856895223,4329027.657090237,1527892.114267142,916735.2685602865,1131842.7000550716,5.093292150247649,90827846.34563541,115173396.2424483,21,21,1.75,0.00075,2.0,37.5,0.25000000000000006,0.97
A_screening_only,Norovirus,molecular,High-throughput molecular screening,14,0.1x,0.1,base_case,3500000,365,40643065.78232911,40643065.78232911,-2799999.99999997,20371894.856895223,4329027.657090237,17825407.99978333,916735.2685602865,1131842.7000550716,5.093292150247649,102081588.4687823,142724654.25111142,21,21,1.75,0.00075,2.0,37.5,0.25000000000000006,0.97
A_screening_only,Norovirus,molecular,High-throughput molecular screening,14,0.1x,0.1,high_income,11600000,365,81896152.86754175,81896152.86754175,-2799999.99999997,20371894.856895223,4329027.657090237,59078495.08499606,916735.2685602865,1131842.7000550716,5.093292150247649,130567623.21799816,212463776.0855399,21,21,1.75,0.00075,2.0,37.5,0.25000000000000006,0.97
A_screening_only,Norovirus,molecular,High-throughput molecular screening,14,0.5x,0.5,low_resource,300000,365,37320530.044554606,37320530.044554606,-2799999.99999997,30109215.793286853,6398208.3560734745,2258191.1844965215,1354914.7106979042,1672663.0611687563,7.526983775259383,129844031.55050705,167164561.59506166,21,21,1.75,0.00075,2.0,37.5,1.25,0.97
A_screening_only,Norovirus,molecular,High-throughput molecular screening,14,0.5x,0.5,base_case,3500000,365,61407902.67918405,61407902.67918405,-2799999.99999997,30109215.793286853,6398208.3560734745,26345563.81912595,1354914.7106979042,1672663.0611687563,7.526983775259383,164522125.01616615,225930027.6953502,21,21,1.75,0.00075,2.0,37.5,1.25,0.97
A_screening_only,Norovirus,molecular,High-throughput molecular screening,14,0.5x,0.5,high_income,11600000,365,122379064.66059002,122379064.66059002,-2799999.99999997,30109215.793286853,6398208.3560734745,87316725.80053185,1354914.7106979042,1672663.0611687563,7.526983775259383,252301049.10111585,374680113.7617059,21,21,1.75,0.00075,2.0,37.5,1.25,0.97
A_screening_only,Norovirus,molecular,High-throughput molecular screening,14,1x,1.0,low_resource,300000,365,34712395.51406798,34712395.51406798,-2799999.99999997,28151891.567780755,5982276.958153406,2111391.867583557,1266835.1205501338,1563903.0352372741,7.037563658567738,152735876.01765242,187448271.5317204,21,21,1.75,0.00075,2.0,37.5,2.5,0.97
A_screening_only,Norovirus,molecular,High-throughput molecular screening,14,1x,1.0,base_case,3500000,365,57233908.768292546,57233908.768292546,-2799999.99999997,28151891.567780755,5982276.958153406,24632905.12180817,1266835.1205501338,1563903.0352372741,7.037563658567738,201157665.97390538,258391574.74219793,21,21,1.75,0.00075,2.0,37.5,2.5,0.97
A_screening_only,Norovirus,molecular,High-throughput molecular screening,14,1x,1.0,high_income,11600000,365,114241489.1930483,114241489.1930483,-2799999.99999997,28151891.567780755,5982276.958153406,81640485.5465641,1266835.1205501338,1563903.0352372741,7.037563658567738,323725321.8006704,437966810.9937187,21,21,1.75,0.00075,2.0,37.5,2.5,0.97
A_screening_only,Norovirus,molecular,High-throughput molecular screening,14,2x,2.0,low_resource,300000,365,28576147.053023726,28576147.053023726,-2799999.99999997,23546827.056678787,5003700.749544201,1766012.0292508882,1059607.2175505306,1308078.987479562,5.886355443658047,175156876.10017076,203733023.1531945,21,21,1.75,0.00075,2.0,37.5,5.0,0.97
A_screening_only,Norovirus,molecular,High-throughput molecular screening,14,2x,2.0,base_case,3500000,365,47413608.69836652,47413608.69836652,-2799999.99999997,23546827.056678787,5003700.749544201,20603473.67459385,1059607.2175505306,1308078.987479562,5.886355443658047,237039679.2391739,284453287.9375404,21,21,1.75,0.00075,2.0,37.5,5.0,0.97
A_screening_only,Norovirus,molecular,High-throughput molecular screening,14,2x,2.0,high_income,11600000,365,95095933.48814082,95095933.48814082,-2799999.99999997,23546827.056678787,5003700.749544201,68285798.46436667,1059607.2175505306,1308078.987479562,5.886355443658047,393680524.6847756,488776458.1729164,21,21,1.75,0.00075,2.0,37.5,5.0,0.97
A_screening_only,Ebola,rapid,Rapid Antigen Test (RAT),2,0.1x,0.1,low_resource,300000,365,2216973.457913086,2216973.457913086,-249999.99999999255,227591.40831911005,48363.1742678124,2077223.1711665057,113795.70415955503,13.393027946069822,6.930891962091252,83212423.79632065,85429397.25423373,21,21,1.6,57.49999999999999,10.5,67.5,0.01,0.675
A_screening_only,Ebola,rapid,Rapid Antigen Test (RAT),2,0.1x,0.1,base_case,3500000,365,24374020.617022395,24374020.617022395,-249999.99999999255,227591.40831911005,48363.1742678124,24234270.330275834,113795.70415955503,13.393027946069822,6.930891962091252,425948369.05424374,450322389.67126614,21,21,1.6,57.49999999999999,10.5,67.5,0.01,0.675
A_screening_only,Ebola,rapid,Rapid Antigen Test (RAT),2,0.1x,0.1,high_income,11600000,365,80459046.23851728,80459046.23851728,-249999.99999999255,227591.40831911005,48363.1742678124,80319295.95177126,113795.70415955503,13.393027946069822,6.930891962091252,1293498730.4883623,1373957776.7268796,21,21,1.6,57.49999999999999,10.5,67.5,0.01,0.675
A_screening_only,Ebola,rapid,Rapid Antigen Test (RAT),2,0.5x,0.5,low_resource,300000,365,12082856.408542395,12082856.408542395,-249999.99999999255,1137771.5271375738,241776.4495167327,10384422.668318897,568885.763568785,66.95412173912086,34.64875799999402,235843699.91506648,247926556.32360888,21,21,1.6,57.49999999999999,10.5,67.5,0.05,0.675
A_screening_only,Ebola,rapid,Rapid Antigen Test (RAT),2,0.5x,0.5,base_case,3500000,365,122850031.5372765,122850031.5372765,-249999.99999999255,1137771.5271375738,241776.4495167327,121151597.79705358,568885.763568785,66.95412173912086,34.64875799999402,1949432814.2942717,2072282845.8315482,21,21,1.6,57.49999999999999,10.5,67.5,0.05,0.675
A_screening_only,Ebola,rapid,Rapid Antigen Test (RAT),2,0.5x,0.5,high_income,11600000,365,403229443.58188915,403229443.58188915,-249999.99999999255,1137771.5271375738,241776.4495167327,401531009.8416691,568885.763568785,66.95412173912086,34.64875799999402,6286955260.066632,6690184703.648521,21,21,1.6,57.49999999999999,10.5,67.5,0.05,0.675
A_screening_only,Ebola,rapid,Rapid Antigen Test (RAT),2,1x,1.0,low_resource,300000,365,24410687.59196192,24410687.59196192,-249999.99999999255,2275079.4505590275,483454.3832437778,20764614.03287989,1137539.7252795137,133.8807093919845,69.28326711035038,426610101.4577178,451020789.0496797,21,21,1.6,57.49999999999999,10.5,67.5,0.1,0.675
A_screening_only,Ebola,rapid,Rapid Antigen Test (RAT),2,1x,1.0,base_case,3500000,365,245899903.9426756,245899903.9426756,-249999.99999999255,2275079.4505590275,483454.3832437778,242253830.38359213,1137539.7252795137,133.8807093919845,69.28326711035038,3853561855.307692,4099461759.2503676,21,21,1.6,57.49999999999999,10.5,67.5,0.1,0.675
A_screening_only,Ebola,rapid,Rapid Antigen Test (RAT),2,1x,1.0,high_income,11600000,365,806544482.8304386,806544482.8304386,-249999.99999999255,2275079.4505590275,483454.3832437778,802898409.2713261,1137539.7252795137,133.8807093919845,69.28326711035038,12528033482.240421,13334577965.07086,21,21,1.6,57.49999999999999,10.5,67.5,0.1,0.675
A_screening_only,Ebola,rapid,Rapid Antigen Test (RAT),2,2x,2.0,low_resource,300000,365,49051287.44680047,49051287.44680047,-249999.99999999255,4548305.700643793,966514.9613868129,41512313.934447646,2274152.8503218964,267.6513549386773,138.50957618076154,808067297.7664173,857118585.2132177,21,21,1.6,57.49999999999999,10.5,67.5,0.2,0.675
A_screening_only,Ebola,rapid,Rapid Antigen Test (RAT),2,2x,2.0,base_case,3500000,365,491849302.74758434,491849302.74758434,-249999.99999999255,4548305.700643793,966514.9613868129,484310329.2352228,2274152.8503218964,267.6513549386773,138.50957618076154,7661065270.590995,8152914573.338579,21,21,1.6,57.49999999999999,10.5,67.5,0.2,0.675
A_screening_only,Ebola,rapid,Rapid Antigen Test (RAT),2,2x,2.0,high_income,11600000,365,1612681778.9776993,1612681778.9776993,-249999.99999999255,4548305.700643793,966514.9613868129,1605142805.46529,2274152.8503218964,267.6513549386773,138.50957618076154,25007716389.303223,26620398168.280922,21,21,1.6,57.49999999999999,10.5,67.5,0.2,0.675
A_screening_only,Ebola,rapid,Rapid Antigen Test (RAT),5,0.1x,0.1,low_resource,300000,365,5007457.085512236,5007457.085512236,-624999.9999999925,519624.09091873,110420.11932023044,4742600.829813782,259812.045459365,30.578456918001166,15.824351455065596,83212423.79632065,88219880.88183288,21,21,1.6,57.49999999999999,10.5,67.5,0.01,0.675
A_screening_only,Ebola,rapid,Rapid Antigen Test (RAT),5,0.1x,0.1,base_case,3500000,365,55595199.27019256,55595199.27019256,-624999.9999999925,519624.09091873,110420.11932023044,55330343.0144946,259812.045459365,30.578456918001166,15.824351455065596,425948369.05424374,481543568.3244363,21,21,1.6,57.49999999999999,10.5,67.5,0.01,0.675
A_screening_only,Ebola,rapid,Rapid Antigen Test (RAT),5,0.1x,0.1,high_income,11600000,365,183645421.6751647,183645421.6751647,-624999.9999999925,519624.09091873,110420.11932023044,183380565.41946602,259812.045459365,30.578456918001166,15.824351455065596,1293498730.4883623,1477144152.163527,21,21,1.6,57.49999999999999,10.5,67.5,0.01,0.675
A_screening_only,Ebola,rapid,Rapid Antigen Test (RAT),5,0.5x,0.5,low_resource,300000,365,27532445.372178644,27532445.372178644,-624999.9999999925,2597673.9337698296,552005.7109260852,23708928.760597527,1298836.9668849148,152.8657756142352,79.10803888036526,235843699.91506648,263376145.28724512,21,21,1.6,57.49999999999999,10.5,67.5,0.05,0.675
A_screening_only,Ebola,rapid,Rapid Antigen Test (RAT),5,0.5x,0.5,base_case,3500000,365,280427685.4852216,280427685.4852216,-624999.9999999925,2597673.9337698296,552005.7109260852,276604168.8736379,1298836.9668849148,152.8657756142352,79.10803888036526,1949432814.2942717,2229860499.7794933,21,21,1.6,57.49999999999999,10.5,67.5,0.05,0.675
A_screening_only,Ebola,rapid,Rapid Antigen Test (RAT),5,0.5x,0.5,high_income,11600000,365,920568762.0213585,920568762.0213585,-624999.9999999925,2597673.9337698296,552005.7109260852,916745245.4097729,1298836.9668849148,152.8657756142352,79.10803888036526,6286955260.066632,7207524022.087991,21,21,1.6,57.49999999999999,10.5,67.5,0.05,0.675
A_screening_only,Ebola,rapid,Rapid Antigen Test (RAT),5,1x,1.0,low_resource,300000,365,55677795.62893206,55677795.62893206,-624999.9999999925,5194232.028881423,1103774.306137289,47407673.27947295,2597116.0144407116,305.66530644186514,158.1817960836604,426610101.4577178,482287897.08664984,21,21,1.6,57.49999999999999,10.5,67.5,0.1,0.675
A_screening_only,Ebola,rapid,Rapid Antigen Test (RAT),5,1x,1.0,base_case,3500000,365,561359643.9433074,561359643.9433074,-624999.9999999925,5194232.028881423,1103774.306137289,553089521.5938501,2597116.0144407116,305.66530644186514,158.1817960836604,3853561855.307692,4414921499.250999,21,21,1.6,57.49999999999999,10.5,67.5,0.1,0.675
A_screening_only,Ebola,rapid,Rapid Antigen Test (RAT),5,1x,1.0,high_income,11600000,365,1841366822.4890842,1841366822.4890842,-624999.9999999925,5194232.028881423,1103774.306137289,1833096700.1396084,2597116.0144407116,305.66530644186514,158.1817960836604,12528033482.240421,14369400304.729506,21,21,1.6,57.49999999999999,10.5,67.5,0.1,0.675
A_screening_only,Ebola,rapid,Rapid Antigen Test (RAT),5,2x,2.0,low_resource,300000,365,111932244.49983668,111932244.49983668,-624999.9999999925,10384003.812472329,2206600.8101503626,94774637.97097826,5192001.906236172,611.0658192753926,316.2265614750049,808067297.7664173,919999542.266254,21,21,1.6,57.49999999999999,10.5,67.5,0.2,0.675
A_screening_only,Ebola,rapid,Rapid Antigen Test (RAT),5,2x,2.0,base_case,3500000,365,1122861716.1902704,1122861716.1902704,-624999.9999999925,10384003.812472329,2206600.8101503626,1105704109.6614113,5192001.906236172,611.0658192753926,316.2265614750049,7661065270.590995,8783926986.781265,21,21,1.6,57.49999999999999,10.5,67.5,0.2,0.675
A_screening_only,Ebola,rapid,Rapid Antigen Test (RAT),5,2x,2.0,high_income,11600000,365,3681776941.4066734,3681776941.4066734,-624999.9999999925,10384003.812472329,2206600.8101503626,3664619334.877804,5192001.906236172,611.0658192753926,316.2265614750049,25007716389.303223,28689493330.709896,21,21,1.6,57.49999999999999,10.5,67.5,0.2,0.675
A_screening_only,Ebola,rapid,Rapid Antigen Test (RAT),10,0.1x,0.1,low_resource,300000,365,8475916.909592092,8475916.909592092,-1250000.0,897267.5079047405,190669.34542975924,8189346.30230521,448633.75395237026,52.80248836658896,27.325287729709714,83212423.79632065,91688340.70591274,21,21,1.6,57.49999999999999,10.5,67.5,0.01,0.675
A_screening_only,Ebola,rapid,Rapid Antigen Test (RAT),10,0.1x,0.1,base_case,3500000,365,95828944.1341815,95828944.1341815,-1250000.0,897267.5079047405,190669.34542975924,95542373.52689463,448633.75395237026,52.80248836658896,27.325287729709714,425948369.05424374,521777313.18842524,21,21,1.6,57.49999999999999,10.5,67.5,0.01,0.675
A_screening_only,Ebola,rapid,Rapid Antigen Test (RAT),10,0.1x,0.1,high_income,11600000,365,316941294.2964213,316941294.2964213,-1250000.0,897267.5079047405,190669.34542975924,316654723.6891358,448633.75395237026,52.80248836658896,27.325287729709714,1293498730.4883623,1610440024.7847836,21,21,1.6,57.49999999999999,10.5,67.5,0.01,0.675
A_screening_only,Ebola,rapid,Rapid Antigen Test (RAT),10,0.5x,0.5,low_resource,300000,365,47370747.99207711,47370747.99207711,-1250000.0,4485522.320295576,953173.4930627984,40939291.01857051,2242761.160147788,263.9640638385017,136.6014030364223,235843699.91506648,283214447.9071436,21,21,1.6,57.49999999999999,10.5,67.5,0.05,0.675
A_screening_only,Ebola,rapid,Rapid Antigen Test (RAT),10,0.5x,0.5,base_case,3500000,365,484056518.856828,484056518.856828,-1250000.0,4485522.320295576,953173.4930627984,477625061.8833177,2242761.160147788,263.9640638385017,136.6014030364223,1949432814.2942717,2433489333.1510997,21,21,1.6,57.49999999999999,10.5,67.5,0.05,0.675
A_screening_only,Ebola,rapid,Rapid Antigen Test (RAT),10,0.5x,0.5,high_income,11600000,365,1589417376.3582315,1589417376.3582315,-1250000.0,4485522.320295576,953173.4930627984,1582985919.3847132,2242761.160147788,263.9640638385017,136.6014030364223,6286955260.066632,7876372636.424864,21,21,1.6,57.49999999999999,10.5,67.5,0.05,0.675
A_screening_only,Ebola,rapid,Rapid Antigen Test (RAT),10,1x,1.0,low_resource,300000,365,95969414.51529777,95969414.51529777,-1250000.0,8969007.507772215,1905914.0954015916,81859989.158238,4484503.753886104,527.8072372775623,273.14024529113453,426610101.4577178,522579515.97301555,21,21,1.6,57.49999999999999,10.5,67.5,0.1,0.675
A_screening_only,Ebola,rapid,Rapid Antigen Test (RAT),10,1x,1.0,base_case,3500000,365,969142632.2031684,969142632.2031684,-1250000.0,8969007.507772215,1905914.0954015916,955033206.8461084,4484503.753886104,527.8072372775623,273.14024529113453,3853561855.307692,4822704487.51086,21,21,1.6,57.49999999999999,10.5,67.5,0.1,0.675
A_screening_only,Ebola,rapid,Rapid Antigen Test (RAT),10,1x,1.0,high_income,11600000,365,3179362339.475603,3179362339.475603,-1250000.0,8969007.507772215,1905914.0954015916,3165252914.1185303,4484503.753886104,527.8072372775623,273.14024529113453,12528033482.240421,15707395821.716024,21,21,1.6,57.49999999999999,10.5,67.5,0.1,0.675
A_screening_only,Ebola,rapid,Rapid Antigen Test (RAT),10,2x,2.0,low_resource,300000,365,193100569.44339025,193100569.44339025,-1250000.0,17929872.599708676,3810097.9274381176,163645662.61638916,8964936.299854346,1055.1312776670056,546.0304361926642,808067297.7664173,1001167867.2098075,21,21,1.6,57.49999999999999,10.5,67.5,0.2,0.675
A_screening_only,Ebola,rapid,Rapid Antigen Test (RAT),10,2x,2.0,base_case,3500000,365,1938654304.018218,1938654304.018218,-1250000.0,17929872.599708676,3810097.9274381176,1909199397.1912098,8964936.299854346,1055.1312776670056,546.0304361926642,7661065270.590995,9599719574.609213,21,21,1.6,57.49999999999999,10.5,67.5,0.2,0.675
A_screening_only,Ebola,rapid,Rapid Antigen Test (RAT),10,2x,2.0,high_income,11600000,365,6357087194.660702,6357087194.660702,-1250000.0,17929872.599708676,3810097.9274381176,6327632287.833694,8964936.299854346,1055.1312776670056,546.0304361926642,25007716389.303223,31364803583.963924,21,21,1.6,57.49999999999999,10.5,67.5,0.2,0.675
A_screening_only,Ebola,rapid,Rapid Antigen Test (RAT),14,0.1x,0.1,low_resource,300000,365,10403047.161286801,10403047.161286801,-1750000.0000000075,1121183.1687665596,238251.42336289329,10233020.984774064,560591.5843832793,65.98032456065712,34.14481796014016,83212423.79632065,93615470.95760745,21,21,1.6,57.49999999999999,10.5,67.5,0.01,0.675
A_screening_only,Ebola,rapid,Rapid Antigen Test (RAT),14,0.1x,0.1,base_case,3500000,365,119555270.99887747,119555270.99887747,-1750000.0000000075,1121183.1687665596,238251.42336289329,119385244.82236493,560591.5843832793,65.98032456065712,34.14481796014016,425948369.05424374,545503640.0531212,21,21,1.6,57.49999999999999,10.5,67.5,0.01,0.675
A_screening_only,Ebola,rapid,Rapid Antigen Test (RAT),14,0.1x,0.1,high_income,11600000,365,395846837.5877774,395846837.5877774,-1750000.0000000075,1121183.1687665596,238251.42336289329,395676811.41126513,560591.5843832793,65.98032456065712,34.14481796014016,1293498730.4883623,1689345568.0761397,21,21,1.6,57.49999999999999,10.5,67.5,0.01,0.675
A_screening_only,Ebola,rapid,Rapid Antigen Test (RAT),14,0.5x,0.5,low_resource,300000,365,59003922.16359568,59003922.16359568,-1750000.0000000075,5604872.100172494,1191035.3212866527,51155578.69205037,2802436.050086245,329.8396947843637,170.69204205090512,235843699.91506648,294847622.07866216,21,21,1.6,57.49999999999999,10.5,67.5,0.05,0.675
A_screening_only,Ebola,rapid,Rapid Antigen Test (RAT),14,0.5x,0.5,base_case,3500000,365,604663428.2121341,604663428.2121341,-1750000.0000000075,5604872.100172494,1191035.3212866527,596815084.7405856,2802436.050086245,329.8396947843637,170.69204205090512,1949432814.2942717,2554096242.506406,21,21,1.6,57.49999999999999,10.5,67.5,0.05,0.675
A_screening_only,Ebola,rapid,Rapid Antigen Test (RAT),14,0.5x,0.5,high_income,11600000,365,1985864052.8974934,1985864052.8974934,-1750000.0000000075,5604872.100172494,1191035.3212866527,1978015709.425952,2802436.050086245,329.8396947843637,170.69204205090512,6286955260.066632,8272819312.964126,21,21,1.6,57.49999999999999,10.5,67.5,0.05,0.675
A_screening_only,Ebola,rapid,Rapid Antigen Test (RAT),14,1x,1.0,low_resource,300000,365,119729573.53019083,119729573.53019083,-1750000.0000000075,11207136.069121242,2381516.4146882473,102287353.0118205,5603568.034560621,659.524642732676,341.3040026141539,426610101.4577178,546339674.9879086,21,21,1.6,57.49999999999999,10.5,67.5,0.1,0.675
A_screening_only,Ebola,rapid,Rapid Antigen Test (RAT),14,1x,1.0,base_case,3500000,365,1210794672.3229394,1210794672.3229394,-1750000.0000000075,11207136.069121242,2381516.4146882473,1193352451.804574,5603568.034560621,659.524642732676,341.3040026141539,3853561855.307692,5064356527.630631,21,21,1.6,57.49999999999999,10.5,67.5,0.1,0.675
A_screening_only,Ebola,rapid,Rapid Antigen Test (RAT),14,1x,1.0,high_income,11600000,365,3972553203.6421013,3972553203.6421013,-1750000.0000000075,11207136.069121242,2381516.4146882473,3955110983.123724,5603568.034560621,659.524642732676,341.3040026141539,12528033482.240421,16500586685.882523,21,21,1.6,57.49999999999999,10.5,67.5,0.1,0.675
A_screening_only,Ebola,rapid,Rapid Antigen Test (RAT),14,2x,2.0,low_resource,300000,365,241096152.29283834,241096152.29283834,-1750000.0000000075,22403847.770604596,4760817.65125348,204479562.98567736,11201923.885302305,1318.4307844671084,682.2879309617178,808067297.7664173,1049163450.0592556,21,21,1.6,57.49999999999999,10.5,67.5,0.2,0.675
A_screening_only,Ebola,rapid,Rapid Antigen Test (RAT),14,2x,2.0,base_case,3500000,365,2422211490.806718,2422211490.806718,-1750000.0000000075,22403847.770604596,4760817.65125348,2385594901.4995747,11201923.885302305,1318.4307844671084,682.2879309617178,7661065270.590995,10083276761.397713,21,21,1.6,57.49999999999999,10.5,67.5,0.2,0.675
A_screening_only,Ebola,rapid,Rapid Antigen Test (RAT),14,2x,2.0,high_income,11600000,365,7943159691.419991,7943159691.419991,-1750000.0000000075,22403847.770604596,4760817.65125348,7906543102.112858,11201923.885302305,1318.4307844671084,682.2879309617178,25007716389.303223,32950876080.723213,21,21,1.6,57.49999999999999,10.5,67.5,0.2,0.675
A_screening_only,Ebola,lab,Laboratory PCR,2,0.1x,0.1,low_resource,300000,365,1545242.512375474,1545242.512375474,-1999999.9999999404,327067.4573479308,69501.83468643544,2985139.4916676264,163533.7286739654,19.246882299726302,9.960261590108827,365612948.4800528,367158190.9924283,21,21,1.6,57.49999999999999,10.5,67.5,0.01,0.97
A_screening_only,Ebola,lab,Laboratory PCR,2,0.1x,0.1,base_case,3500000,365,33386730.42349714,33386730.42349714,-1999999.9999999404,327067.4573479308,69501.83468643544,34826627.402788974,163533.7286739654,19.246882299726302,9.960261590108827,412283250.1184356,445669980.54193276,21,21,1.6,57.49999999999999,10.5,67.5,0.01,0.97
A_screening_only,Ebola,lab,Laboratory PCR,2,0.1x,0.1,high_income,11600000,365,113985496.69852304,113985496.69852304,-1999999.9999999404,327067.4573479308,69501.83468643544,115425393.6778152,163533.7286739654,19.246882299726302,9.960261590108827,530417451.14059305,644402947.8391161,21,21,1.6,57.49999999999999,10.5,67.5,0.01,0.97
A_screening_only,Ebola,lab,Laboratory PCR,2,0.5x,0.5,low_resource,300000,365,15725528.079739869,15725528.079739869,-1999999.9999999404,1635274.1396256727,347495.75467045663,14925121.115631212,817637.0698128361,96.2306778152549,49.799375769396335,386397819.06347126,402123347.1432111,21,21,1.6,57.49999999999999,10.5,67.5,0.05,0.97
A_screening_only,Ebola,lab,Laboratory PCR,2,0.5x,0.5,base_case,3500000,365,174926819.97980607,174926819.97980607,-1999999.9999999404,1635274.1396256727,347495.75467045663,174126413.0156968,817637.0698128361,96.2306778152549,49.799375769396335,619746804.3478448,794673624.3276509,21,21,1.6,57.49999999999999,10.5,67.5,0.05,0.97
A_screening_only,Ebola,lab,Laboratory PCR,2,0.5x,0.5,high_income,11600000,365,577905090.1018469,577905090.1018469,-1999999.9999999404,1635274.1396256727,347495.75467045663,577104683.1377382,817637.0698128361,96.2306778152549,49.799375769396335,1210411423.3489158,1788316513.4507627,21,21,1.6,57.49999999999999,10.5,67.5,0.05,0.97
A_screening_only,Ebola,lab,Laboratory PCR,2,1x,1.0,low_resource,300000,365,33449345.05778134,33449345.05778134,-1999999.9999999404,3270390.4210286597,694957.9644685856,29848801.46176935,1635195.2105143298,192.4520219901728,99.59392137991804,412378275.33408844,445827620.3918698,21,21,1.6,57.49999999999999,10.5,67.5,0.1,0.97
A_screening_only,Ebola,lab,Laboratory PCR,2,1x,1.0,base_case,3500000,365,351836560.64998865,351836560.64998865,-1999999.9999999404,3270390.4210286597,694957.9644685856,348236017.05397683,1635195.2105143298,192.4520219901728,99.59392137991804,879069939.2584834,1230906499.908472,21,21,1.6,57.49999999999999,10.5,67.5,0.1,0.97
A_screening_only,Ebola,lab,Laboratory PCR,2,1x,1.0,high_income,11600000,365,1157754200.1177661,1157754200.1177661,-1999999.9999999404,3270390.4210286597,694957.9644685856,1154153656.5217457,1635195.2105143298,192.4520219901728,99.59392137991804,2060383213.5671055,3218137413.6848717,21,21,1.6,57.49999999999999,10.5,67.5,0.1,0.97
A_screening_only,Ebola,lab,Laboratory PCR,2,2x,2.0,low_resource,300000,365,68891846.80147654,68891846.80147654,-1999999.9999999404,6540149.509974979,1389781.77086968,59691840.765644446,3270074.7549874894,384.86671539808856,199.16852521851786,464337081.5209682,533228928.32244474,21,21,1.6,57.49999999999999,10.5,67.5,0.2,0.97
A_screening_only,Ebola,lab,Laboratory PCR,2,2x,2.0,base_case,3500000,365,705604814.9683537,705604814.9683537,-1999999.9999999404,6540149.509974979,1389781.77086968,696404808.9325223,3270074.7549874894,384.86671539808856,199.16852521851786,1397695184.5677602,2103299999.536114,21,21,1.6,57.49999999999999,10.5,67.5,0.2,0.97
A_screening_only,Ebola,lab,Laboratory PCR,2,2x,2.0,high_income,11600000,365,2317284515.6407504,2317284515.6407504,-1999999.9999999404,6540149.509974979,1389781.77086968,2308084509.60492,3270074.7549874894,384.86671539808856,199.16852521851786,3760257882.9049525,6077542398.545703,21,21,1.6,57.49999999999999,10.5,67.5,0.2,0.97
A_screening_only,Ebola,lab,Laboratory PCR,5,0.1x,0.1,low_resource,300000,365,3094290.64833802,3094290.64833802,-4999999.99999994,746741.3166082427,158682.52977925204,6815496.143646667,373370.6583041211,43.943699016286864,22.74086424092892,365612948.4800528,368707239.12839085,21,21,1.6,57.49999999999999,10.5,67.5,0.01,0.97
A_screening_only,Ebola,lab,Laboratory PCR,5,0.1x,0.1,base_case,3500000,365,75792916.18056935,75792916.18056935,-4999999.99999994,746741.3166082427,158682.52977925204,79514121.67587784,373370.6583041211,43.943699016286864,22.74086424092892,412283250.1184356,488076166.299005,21,21,1.6,57.49999999999999,10.5,67.5,0.01,0.97
A_screening_only,Ebola,lab,Laboratory PCR,5,0.1x,0.1,high_income,11600000,365,259811312.0590291,259811312.0590291,-4999999.99999994,746741.3166082427,158682.52977925204,263532517.55433738,373370.6583041211,43.943699016286864,22.74086424092892,530417451.14059305,790228763.1996222,21,21,1.6,57.49999999999999,10.5,67.5,0.01,0.97
A_screening_only,Ebola,lab,Laboratory PCR,5,0.5x,0.5,low_resource,300000,365,35469320.57974744,35469320.57974744,-4999999.99999994,3733509.8336462313,793370.8396498234,34075684.989628345,1866754.9168231152,219.70687044717843,113.698305456412,386397819.06347126,421867139.6432187,21,21,1.6,57.49999999999999,10.5,67.5,0.05,0.97
A_screening_only,Ebola,lab,Laboratory PCR,5,0.5x,0.5,base_case,3500000,365,398943293.8024491,398943293.8024491,-4999999.99999994,3733509.8336462313,793370.8396498234,397549658.2123312,1866754.9168231152,219.70687044717843,113.698305456412,619746804.3478448,1018690098.150294,21,21,1.6,57.49999999999999,10.5,67.5,0.05,0.97
A_screening_only,Ebola,lab,Laboratory PCR,5,0.5x,0.5,high_income,11600000,365,1318986788.5224125,1318986788.5224125,-4999999.99999994,3733509.8336462313,793370.8396498234,1317593152.9322956,1866754.9168231152,219.70687044717843,113.698305456412,1210411423.3489158,2529398211.8713284,21,21,1.6,57.49999999999999,10.5,67.5,0.05,0.97
A_screening_only,Ebola,lab,Laboratory PCR,5,1x,1.0,low_resource,300000,365,75933310.23792708,75933310.23792708,-4999999.99999994,7466527.861455054,1586637.170559196,68146881.27518481,3733263.930727527,439.3846833189671,227.38157361756018,412378275.33408844,488311585.5720155,21,21,1.6,57.49999999999999,10.5,67.5,0.1,0.97
A_screening_only,Ebola,lab,Laboratory PCR,5,1x,1.0,base_case,3500000,365,802833377.1732323,802833377.1732323,-4999999.99999994,7466527.861455054,1586637.170559196,795046948.210491,3733263.930727527,439.3846833189671,227.38157361756018,879069939.2584834,1681903316.4317157,21,21,1.6,57.49999999999999,10.5,67.5,0.1,0.97
A_screening_only,Ebola,lab,Laboratory PCR,5,1x,1.0,high_income,11600000,365,2642799171.6032305,2642799171.6032305,-4999999.99999994,7466527.861455054,1586637.170559196,2635012742.6404896,3733263.930727527,439.3846833189671,227.38157361756018,2060383213.5671055,4703182385.170336,21,21,1.6,57.49999999999999,10.5,67.5,0.1,0.97
A_screening_only,Ebola,lab,Laboratory PCR,5,2x,2.0,low_resource,300000,365,156845301.71022582,156845301.71022582,-4999999.99999994,14931088.953516128,3172856.4026221726,136275811.87732947,7465544.476758062,878.6531632385592,454.7030119759441,464337081.5209682,621182383.231194,21,21,1.6,57.49999999999999,10.5,67.5,0.2,0.97
A_screening_only,Ebola,lab,Laboratory PCR,5,2x,2.0,base_case,3500000,365,1610453961.735069,1610453961.735069,-4999999.99999994,14931088.953516128,3172856.4026221726,1589884471.9021778,7465544.476758062,878.6531632385592,454.7030119759441,1397695184.5677602,3008149146.3028293,21,21,1.6,57.49999999999999,10.5,67.5,0.2,0.97
A_screening_only,Ebola,lab,Laboratory PCR,5,2x,2.0,high_income,11600000,365,5289900882.422977,5289900882.422977,-4999999.99999994,14931088.953516128,3172856.4026221726,5269331392.590073,7465544.476758062,878.6531632385592,454.7030119759441,3760257882.9049525,9050158765.32793,21,21,1.6,57.49999999999999,10.5,67.5,0.2,0.97
A_screening_only,Ebola,lab,Laboratory PCR,10,0.1x,0.1,low_resource,300000,365,3976895.586492896,3976895.586492896,-10000000.0,1289442.8759481895,274006.61113899003,11768724.661431883,644721.4379740948,75.88128814670335,39.268566615919546,365612948.4800528,369589844.0665457,21,21,1.6,57.49999999999999,10.5,67.5,0.01,0.97
A_screening_only,Ebola,lab,Laboratory PCR,10,0.1x,0.1,base_case,3500000,365,129509958.64176631,129509958.64176631,-10000000.0,1289442.8759481895,274006.61113899003,137301787.71670526,644721.4379740948,75.88128814670335,39.268566615919546,412283250.1184356,541793208.7602019,21,21,1.6,57.49999999999999,10.5,67.5,0.01,0.97
A_screening_only,Ebola,lab,Laboratory PCR,10,0.1x,0.1,high_income,11600000,365,447265524.50042665,447265524.50042665,-10000000.0,1289442.8759481895,274006.61113899003,455057353.57536584,644721.4379740948,75.88128814670335,39.268566615919546,530417451.14059305,977682975.6410197,21,21,1.6,57.49999999999999,10.5,67.5,0.01,0.97
A_screening_only,Ebola,lab,Laboratory PCR,10,0.5x,0.5,low_resource,300000,365,59879632.2761386,59879632.2761386,-10000000.0,6446767.342200241,1369938.0602175551,58839543.20262134,3223383.6711001205,379.3800399681236,196.32917068350093,386397819.06347126,446277451.33960986,21,21,1.6,57.49999999999999,10.5,67.5,0.05,0.97
A_screening_only,Ebola,lab,Laboratory PCR,10,0.5x,0.5,base_case,3500000,365,687501426.437433,687501426.437433,-10000000.0,6446767.342200241,1369938.0602175551,686461337.363915,3223383.6711001205,379.3800399681236,196.32917068350093,619746804.3478448,1307248230.7852778,21,21,1.6,57.49999999999999,10.5,67.5,0.05,0.97
A_screening_only,Ebola,lab,Laboratory PCR,10,0.5x,0.5,high_income,11600000,365,2276169092.908209,2276169092.908209,-10000000.0,6446767.342200241,1369938.0602175551,2275129003.834693,3223383.6711001205,379.3800399681236,196.32917068350093,1210411423.3489158,3486580516.257125,21,21,1.6,57.49999999999999,10.5,67.5,0.05,0.97
A_screening_only,Ebola,lab,Laboratory PCR,10,1x,1.0,low_resource,300000,365,129747152.70671356,129747152.70671356,-10000000.0,12892417.302297898,2739638.676738304,117668888.07652834,6446208.651148949,758.6940905629954,392.6241918663443,412378275.33408844,542125428.040802,21,21,1.6,57.49999999999999,10.5,67.5,0.1,0.97
A_screening_only,Ebola,lab,Laboratory PCR,10,1x,1.0,base_case,3500000,365,1384881958.8563504,1384881958.8563504,-10000000.0,12892417.302297898,2739638.676738304,1372803694.2261631,6446208.651148949,758.6940905629954,392.6241918663443,879069939.2584834,2263951898.114834,21,21,1.6,57.49999999999999,10.5,67.5,0.1,0.97
A_screening_only,Ebola,lab,Laboratory PCR,10,1x,1.0,high_income,11600000,365,4561941936.922614,4561941936.922614,-10000000.0,12892417.302297898,2739638.676738304,4549863672.292424,6446208.651148949,758.6940905629954,392.6241918663443,2060383213.5671055,6622325150.489719,21,21,1.6,57.49999999999999,10.5,67.5,0.1,0.97
A_screening_only,Ebola,lab,Laboratory PCR,10,2x,2.0,low_resource,300000,365,269445873.77188516,269445873.77188516,-10000000.0,25780366.528350234,5478327.887274417,235296996.0920856,12890183.264175117,1517.1243096331727,785.1118302351535,464337081.5209682,733782955.2928534,21,21,1.6,57.49999999999999,10.5,67.5,0.2,0.97
A_screening_only,Ebola,lab,Laboratory PCR,10,2x,2.0,base_case,3500000,365,2779280498.7541313,2779280498.7541313,-10000000.0,25780366.528350234,5478327.887274417,2745131621.0743303,12890183.264175117,1517.1243096331727,785.1118302351535,1397695184.5677602,4176975683.321892,21,21,1.6,57.49999999999999,10.5,67.5,0.2,0.97
A_screening_only,Ebola,lab,Laboratory PCR,10,2x,2.0,high_income,11600000,365,9132299393.240429,9132299393.240429,-10000000.0,25780366.528350234,5478327.887274417,9098150515.560627,12890183.264175117,1517.1243096331727,785.1118302351535,3760257882.9049525,12892557276.145382,21,21,1.6,57.49999999999999,10.5,67.5,0.2,0.97
A_screening_only,Ebola,lab,Laboratory PCR,14,0.1x,0.1,low_resource,300000,365,3464851.7089164853,3464851.7089164853,-14000000.00000006,1611225.35946513,342385.3888863403,14705628.280832537,805612.6797325648,94.81876712269676,49.06871198599616,365612948.4800528,369077800.1889693,21,21,1.6,57.49999999999999,10.5,67.5,0.01,0.97
A_screening_only,Ebola,lab,Laboratory PCR,14,0.1x,0.1,base_case,3500000,365,160324886.7044636,160324886.7044636,-14000000.00000006,1611225.35946513,342385.3888863403,171565663.27637956,805612.6797325648,94.81876712269676,49.06871198599616,412283250.1184356,572608136.8228992,21,21,1.6,57.49999999999999,10.5,67.5,0.01,0.97
A_screening_only,Ebola,lab,Laboratory PCR,14,0.1x,0.1,high_income,11600000,365,557376850.2869425,557376850.2869425,-14000000.00000006,1611225.35946513,342385.3888863403,568617626.8588574,805612.6797325648,94.81876712269676,49.06871198599616,530417451.14059305,1087794301.4275355,21,21,1.6,57.49999999999999,10.5,67.5,0.01,0.97
A_screening_only,Ebola,lab,Laboratory PCR,14,0.5x,0.5,low_resource,300000,365,73317453.70689523,73317453.70689523,-14000000.00000006,8055499.014895429,1711793.5406652829,73522411.64388685,4027749.5074477135,474.0567652832624,245.324376034085,386397819.06347126,459715272.7703665,21,21,1.6,57.49999999999999,10.5,67.5,0.05,0.97
A_screening_only,Ebola,lab,Laboratory PCR,14,0.5x,0.5,base_case,3500000,365,857556511.2416861,857556511.2416861,-14000000.00000006,8055499.014895429,1711793.5406652829,857761469.1786817,4027749.5074477135,474.0567652832624,245.324376034085,619746804.3478448,1477303315.589531,21,21,1.6,57.49999999999999,10.5,67.5,0.05,0.97
A_screening_only,Ebola,lab,Laboratory PCR,14,0.5x,0.5,high_income,11600000,365,2842661625.6266336,2842661625.6266336,-14000000.00000006,8055499.014895429,1711793.5406652829,2842866583.563632,4027749.5074477135,474.0567652832624,245.324376034085,1210411423.3489158,4053073048.9755497,21,21,1.6,57.49999999999999,10.5,67.5,0.05,0.97
A_screening_only,Ebola,lab,Laboratory PCR,14,1x,1.0,low_resource,300000,365,160617899.1551317,160617899.1551317,-14000000.00000006,16109428.9275661,3423253.6471077893,147030502.11667445,8054714.463783048,948.0208756919765,490.60080317059226,412378275.33408844,572996174.4892201,21,21,1.6,57.49999999999999,10.5,67.5,0.1,0.97
A_screening_only,Ebola,lab,Laboratory PCR,14,1x,1.0,base_case,3500000,365,1728943255.06633,1728943255.06633,-14000000.00000006,16109428.9275661,3423253.6471077893,1715355858.027869,8054714.463783048,948.0208756919765,490.60080317059226,879069939.2584834,2608013194.3248134,21,21,1.6,57.49999999999999,10.5,67.5,0.1,0.97
A_screening_only,Ebola,lab,Laboratory PCR,14,1x,1.0,high_income,11600000,365,5698766812.216546,5698766812.216546,-14000000.00000006,16109428.9275661,3423253.6471077893,5685179415.1780815,8054714.463783048,948.0208756919765,490.60080317059226,2060383213.5671055,7759150025.783651,21,21,1.6,57.49999999999999,10.5,67.5,0.1,0.97
A_screening_only,Ebola,lab,Laboratory PCR,14,2x,2.0,low_resource,300000,365,335167790.99371684,335167790.99371684,-14000000.00000006,32212583.8188634,6845174.061508469,294003741.20391196,16106291.909431692,1895.6712723683195,981.0098834505943,464337081.5209682,799504872.514685,21,21,1.6,57.49999999999999,10.5,67.5,0.2,0.97
A_screening_only,Ebola,lab,Laboratory PCR,14,2x,2.0,base_case,3500000,365,3471207697.1687775,3471207697.1687775,-14000000.00000006,32212583.8188634,6845174.061508469,3430043647.378979,16106291.909431692,1895.6712723683195,981.0098834505943,1397695184.5677602,4868902881.736538,21,21,1.6,57.49999999999999,10.5,67.5,0.2,0.97
A_screening_only,Ebola,lab,Laboratory PCR,14,2x,2.0,high_income,11600000,365,11409308709.674437,11409308709.674437,-14000000.00000006,32212583.8188634,6845174.061508469,11368144659.884605,16106291.909431692,1895.6712723683195,981.0098834505943,3760257882.9049525,15169566592.57939,21,21,1.6,57.49999999999999,10.5,67.5,0.2,0.97
A_screening_only,Ebola,molecular,High-throughput molecular screening,2,0.1x,0.1,low_resource,300000,365,3145242.512376085,3145242.512376085,-400000.0000000149,327067.4573479308,69501.83468643544,2985139.4916676264,163533.7286739654,19.246882299726302,9.960261590108827,77279619.99297759,80424862.50535367,21,21,1.6,57.49999999999999,10.5,67.5,0.01,0.97
A_screening_only,Ebola,molecular,High-throughput molecular screening,2,0.1x,0.1,base_case,3500000,365,34986730.42349732,34986730.42349732,-400000.0000000149,327067.4573479308,69501.83468643544,34826627.402788974,163533.7286739654,19.246882299726302,9.960261590108827,123949921.63136074,158936652.05485806,21,21,1.6,57.49999999999999,10.5,67.5,0.01,0.97
A_screening_only,Ebola,molecular,High-throughput molecular screening,2,0.1x,0.1,high_income,11600000,365,115585496.69852346,115585496.69852346,-400000.0000000149,327067.4573479308,69501.83468643544,115425393.6778152,163533.7286739654,19.246882299726302,9.960261590108827,242084122.65351832,357669619.3520418,21,21,1.6,57.49999999999999,10.5,67.5,0.01,0.97
A_screening_only,Ebola,molecular,High-throughput molecular screening,2,0.5x,0.5,low_resource,300000,365,17325528.079740092,17325528.079740092,-400000.0000000149,1635274.1396256727,347495.75467045663,14925121.115631212,817637.0698128361,96.2306778152549,49.799375769396335,98064490.5763964,115390018.6561365,21,21,1.6,57.49999999999999,10.5,67.5,0.05,0.97
A_screening_only,Ebola,molecular,High-throughput molecular screening,2,0.5x,0.5,base_case,3500000,365,176526819.979806,176526819.979806,-400000.0000000149,1635274.1396256727,347495.75467045663,174126413.0156968,817637.0698128361,96.2306778152549,49.799375769396335,331413475.86077005,507940295.84057605,21,21,1.6,57.49999999999999,10.5,67.5,0.05,0.97
A_screening_only,Ebola,molecular,High-throughput molecular screening,2,0.5x,0.5,high_income,11600000,365,579505090.1018461,579505090.1018461,-400000.0000000149,1635274.1396256727,347495.75467045663,577104683.1377382,817637.0698128361,96.2306778152549,49.799375769396335,922078094.8618411,1501583184.9636872,21,21,1.6,57.49999999999999,10.5,67.5,0.05,0.97
A_screening_only,Ebola,molecular,High-throughput molecular screening,2,1x,1.0,low_resource,300000,365,35049345.057781026,35049345.057781026,-400000.0000000149,3270390.4210286597,694957.9644685856,29848801.46176935,1635195.2105143298,192.4520219901728,99.59392137991804,124044946.84701379,159094291.9047948,21,21,1.6,57.49999999999999,10.5,67.5,0.1,0.97
A_screening_only,Ebola,molecular,High-throughput molecular screening,2,1x,1.0,base_case,3500000,365,353436560.6499882,353436560.6499882,-400000.0000000149,3270390.4210286597,694957.9644685856,348236017.05397683,1635195.2105143298,192.4520219901728,99.59392137991804,590736610.7714082,944173171.4213964,21,21,1.6,57.49999999999999,10.5,67.5,0.1,0.97
A_screening_only,Ebola,molecular,High-throughput molecular screening,2,1x,1.0,high_income,11600000,365,1159354200.1177592,1159354200.1177592,-400000.0000000149,3270390.4210286597,694957.9644685856,1154153656.5217457,1635195.2105143298,192.4520219901728,99.59392137991804,1772049885.0800328,2931404085.197792,21,21,1.6,57.49999999999999,10.5,67.5,0.1,0.97
A_screening_only,Ebola,molecular,High-throughput molecular screening,2,2x,2.0,low_resource,300000,365,70491846.80147678,70491846.80147678,-400000.0000000149,6540149.509974979,1389781.77086968,59691840.765644446,3270074.7549874894,384.86671539808856,199.16852521851786,176003753.0338936,246495599.83537036,21,21,1.6,57.49999999999999,10.5,67.5,0.2,0.97
A_screening_only,Ebola,molecular,High-throughput molecular screening,2,2x,2.0,base_case,3500000,365,707204814.9683509,707204814.9683509,-400000.0000000149,6540149.509974979,1389781.77086968,696404808.9325223,3270074.7549874894,384.86671539808856,199.16852521851786,1109361856.080685,1816566671.0490358,21,21,1.6,57.49999999999999,10.5,67.5,0.2,0.97
A_screening_only,Ebola,molecular,High-throughput molecular screening,2,2x,2.0,high_income,11600000,365,2318884515.6407523,2318884515.6407523,-400000.0000000149,6540149.509974979,1389781.77086968,2308084509.60492,3270074.7549874894,384.86671539808856,199.16852521851786,3471924554.417876,5790809070.058628,21,21,1.6,57.49999999999999,10.5,67.5,0.2,0.97
A_screening_only,Ebola,molecular,High-throughput molecular screening,5,0.1x,0.1,low_resource,300000,365,7094290.648338288,7094290.648338288,-1000000.0000000298,746741.3166082427,158682.52977925204,6815496.143646667,373370.6583041211,43.943699016286864,22.74086424092892,77279619.99297759,84373910.64131588,21,21,1.6,57.49999999999999,10.5,67.5,0.01,0.97
A_screening_only,Ebola,molecular,High-throughput molecular screening,5,0.1x,0.1,base_case,3500000,365,79792916.18056923,79792916.18056923,-1000000.0000000298,746741.3166082427,158682.52977925204,79514121.67587784,373370.6583041211,43.943699016286864,22.74086424092892,123949921.63136074,203742837.81192997,21,21,1.6,57.49999999999999,10.5,67.5,0.01,0.97
A_screening_only,Ebola,molecular,High-throughput molecular screening,5,0.1x,0.1,high_income,11600000,365,263811312.0590297,263811312.0590297,-1000000.0000000298,746741.3166082427,158682.52977925204,263532517.55433738,373370.6583041211,43.943699016286864,22.74086424092892,242084122.65351832,505895434.712548,21,21,1.6,57.49999999999999,10.5,67.5,0.01,0.97
A_screening_only,Ebola,molecular,High-throughput molecular screening,5,0.5x,0.5,low_resource,300000,365,39469320.57974723,39469320.57974723,-1000000.0000000298,3733509.8336462313,793370.8396498234,34075684.989628345,1866754.9168231152,219.70687044717843,113.698305456412,98064490.5763964,137533811.15614364,21,21,1.6,57.49999999999999,10.5,67.5,0.05,0.97
A_screening_only,Ebola,molecular,High-throughput molecular screening,5,0.5x,0.5,base_case,3500000,365,402943293.80245,402943293.80245,-1000000.0000000298,3733509.8336462313,793370.8396498234,397549658.2123312,1866754.9168231152,219.70687044717843,113.698305456412,331413475.86077005,734356769.66322,21,21,1.6,57.49999999999999,10.5,67.5,0.05,0.97
A_screening_only,Ebola,molecular,High-throughput molecular screening,5,0.5x,0.5,high_income,11600000,365,1322986788.5224133,1322986788.5224133,-1000000.0000000298,3733509.8336462313,793370.8396498234,1317593152.9322956,1866754.9168231152,219.70687044717843,113.698305456412,922078094.8618411,2245064883.3842545,21,21,1.6,57.49999999999999,10.5,67.5,0.05,0.97
A_screening_only,Ebola,molecular,High-throughput molecular screening,5,1x,1.0,low_resource,300000,365,79933310.23792677,79933310.23792677,-1000000.0000000298,7466527.861455054,1586637.170559196,68146881.27518481,3733263.930727527,439.3846833189671,227.38157361756018,124044946.84701379,203978257.08494055,21,21,1.6,57.49999999999999,10.5,67.5,0.1,0.97
A_screening_only,Ebola,molecular,High-throughput molecular screening,5,1x,1.0,base_case,3500000,365,806833377.1732329,806833377.1732329,-1000000.0000000298,7466527.861455054,1586637.170559196,795046948.210491,3733263.930727527,439.3846833189671,227.38157361756018,590736610.7714082,1397569987.944641,21,21,1.6,57.49999999999999,10.5,67.5,0.1,0.97
A_screening_only,Ebola,molecular,High-throughput molecular screening,5,1x,1.0,high_income,11600000,365,2646799171.6032224,2646799171.6032224,-1000000.0000000298,7466527.861455054,1586637.170559196,2635012742.6404896,3733263.930727527,439.3846833189671,227.38157361756018,1772049885.0800328,4418849056.683255,21,21,1.6,57.49999999999999,10.5,67.5,0.1,0.97
A_screening_only,Ebola,molecular,High-throughput molecular screening,5,2x,2.0,low_resource,300000,365,160845301.710226,160845301.710226,-1000000.0000000298,14931088.953516128,3172856.4026221726,136275811.87732947,7465544.476758062,878.6531632385592,454.7030119759441,176003753.0338936,336849054.7441196,21,21,1.6,57.49999999999999,10.5,67.5,0.2,0.97
A_screening_only,Ebola,molecular,High-throughput molecular screening,5,2x,2.0,base_case,3500000,365,1614453961.7350738,1614453961.7350738,-1000000.0000000298,14931088.953516128,3172856.4026221726,1589884471.9021778,7465544.476758062,878.6531632385592,454.7030119759441,1109361856.080685,2723815817.8157587,21,21,1.6,57.49999999999999,10.5,67.5,0.2,0.97
A_screening_only,Ebola,molecular,High-throughput molecular screening,5,2x,2.0,high_income,11600000,365,5293900882.422976,5293900882.422976,-1000000.0000000298,14931088.953516128,3172856.4026221726,5269331392.590073,7465544.476758062,878.6531632385592,454.7030119759441,3471924554.417876,8765825436.84085,21,21,1.6,57.49999999999999,10.5,67.5,0.2,0.97
A_screening_only,Ebola,molecular,High-throughput molecular screening,10,0.1x,0.1,low_resource,300000,365,11976895.586493224,11976895.586493224,-2000000.0,1289442.8759481895,274006.61113899003,11768724.661431883,644721.4379740948,75.88128814670335,39.268566615919546,77279619.99297759,89256515.57947081,21,21,1.6,57.49999999999999,10.5,67.5,0.01,0.97
A_screening_only,Ebola,molecular,High-throughput molecular screening,10,0.1x,0.1,base_case,3500000,365,137509958.6417666,137509958.6417666,-2000000.0,1289442.8759481895,274006.61113899003,137301787.71670526,644721.4379740948,75.88128814670335,39.268566615919546,123949921.63136074,261459880.27312735,21,21,1.6,57.49999999999999,10.5,67.5,0.01,0.97
A_screening_only,Ebola,molecular,High-throughput molecular screening,10,0.1x,0.1,high_income,11600000,365,455265524.5004287,455265524.5004287,-2000000.0,1289442.8759481895,274006.61113899003,455057353.57536584,644721.4379740948,75.88128814670335,39.268566615919546,242084122.65351832,697349647.153947,21,21,1.6,57.49999999999999,10.5,67.5,0.01,0.97
A_screening_only,Ebola,molecular,High-throughput molecular screening,10,0.5x,0.5,low_resource,300000,365,67879632.27613917,67879632.27613917,-2000000.0,6446767.342200241,1369938.0602175551,58839543.20262134,3223383.6711001205,379.3800399681236,196.32917068350093,98064490.5763964,165944122.85253558,21,21,1.6,57.49999999999999,10.5,67.5,0.05,0.97
A_screening_only,Ebola,molecular,High-throughput molecular screening,10,0.5x,0.5,base_case,3500000,365,695501426.437433,695501426.437433,-2000000.0,6446767.342200241,1369938.0602175551,686461337.363915,3223383.6711001205,379.3800399681236,196.32917068350093,331413475.86077005,1026914902.2982031,21,21,1.6,57.49999999999999,10.5,67.5,0.05,0.97
A_screening_only,Ebola,molecular,High-throughput molecular screening,10,0.5x,0.5,high_income,11600000,365,2284169092.9082108,2284169092.9082108,-2000000.0,6446767.342200241,1369938.0602175551,2275129003.834693,3223383.6711001205,379.3800399681236,196.32917068350093,922078094.8618411,3206247187.770052,21,21,1.6,57.49999999999999,10.5,67.5,0.05,0.97
A_screening_only,Ebola,molecular,High-throughput molecular screening,10,1x,1.0,low_resource,300000,365,137747152.70671368,137747152.70671368,-2000000.0,12892417.302297898,2739638.676738304,117668888.07652834,6446208.651148949,758.6940905629954,392.6241918663443,124044946.84701379,261792099.55372748,21,21,1.6,57.49999999999999,10.5,67.5,0.1,0.97
A_screening_only,Ebola,molecular,High-throughput molecular screening,10,1x,1.0,base_case,3500000,365,1392881958.856351,1392881958.856351,-2000000.0,12892417.302297898,2739638.676738304,1372803694.2261631,6446208.651148949,758.6940905629954,392.6241918663443,590736610.7714082,1983618569.6277592,21,21,1.6,57.49999999999999,10.5,67.5,0.1,0.97
A_screening_only,Ebola,molecular,High-throughput molecular screening,10,1x,1.0,high_income,11600000,365,4569941936.922617,4569941936.922617,-2000000.0,12892417.302297898,2739638.676738304,4549863672.292424,6446208.651148949,758.6940905629954,392.6241918663443,1772049885.0800328,6341991822.00265,21,21,1.6,57.49999999999999,10.5,67.5,0.1,0.97
A_screening_only,Ebola,molecular,High-throughput molecular screening,10,2x,2.0,low_resource,300000,365,277445873.77188545,277445873.77188545,-2000000.0,25780366.528350234,5478327.887274417,235296996.0920856,12890183.264175117,1517.1243096331727,785.1118302351535,176003753.0338936,453449626.80577904,21,21,1.6,57.49999999999999,10.5,67.5,0.2,0.97
A_screening_only,Ebola,molecular,High-throughput molecular screening,10,2x,2.0,base_case,3500000,365,2787280498.7541313,2787280498.7541313,-2000000.0,25780366.528350234,5478327.887274417,2745131621.0743303,12890183.264175117,1517.1243096331727,785.1118302351535,1109361856.080685,3896642354.834816,21,21,1.6,57.49999999999999,10.5,67.5,0.2,0.97
A_screening_only,Ebola,molecular,High-throughput molecular screening,10,2x,2.0,high_income,11600000,365,9140299393.240438,9140299393.240438,-2000000.0,25780366.528350234,5478327.887274417,9098150515.560627,12890183.264175117,1517.1243096331727,785.1118302351535,3471924554.417876,12612223947.658314,21,21,1.6,57.49999999999999,10.5,67.5,0.2,0.97
A_screening_only,Ebola,molecular,High-throughput molecular screening,14,0.1x,0.1,low_resource,300000,365,14664851.708916739,14664851.708916739,-2799999.99999997,1611225.35946513,342385.3888863403,14705628.280832537,805612.6797325648,94.81876712269676,49.06871198599616,77279619.99297759,91944471.70189433,21,21,1.6,57.49999999999999,10.5,67.5,0.01,0.97
A_screening_only,Ebola,molecular,High-throughput molecular screening,14,0.1x,0.1,base_case,3500000,365,171524886.70446375,171524886.70446375,-2799999.99999997,1611225.35946513,342385.3888863403,171565663.27637956,805612.6797325648,94.81876712269676,49.06871198599616,123949921.63136074,295474808.3358245,21,21,1.6,57.49999999999999,10.5,67.5,0.01,0.97
A_screening_only,Ebola,molecular,High-throughput molecular screening,14,0.1x,0.1,high_income,11600000,365,568576850.2869414,568576850.2869414,-2799999.99999997,1611225.35946513,342385.3888863403,568617626.8588574,805612.6797325648,94.81876712269676,49.06871198599616,242084122.65351832,810660972.9404597,21,21,1.6,57.49999999999999,10.5,67.5,0.01,0.97
A_screening_only,Ebola,molecular,High-throughput molecular screening,14,0.5x,0.5,low_resource,300000,365,84517453.70689517,84517453.70689517,-2799999.99999997,8055499.014895429,1711793.5406652829,73522411.64388685,4027749.5074477135,474.0567652832624,245.324376034085,98064490.5763964,182581944.28329158,21,21,1.6,57.49999999999999,10.5,67.5,0.05,0.97
A_screening_only,Ebola,molecular,High-throughput molecular screening,14,0.5x,0.5,base_case,3500000,365,868756511.241688,868756511.241688,-2799999.99999997,8055499.014895429,1711793.5406652829,857761469.1786817,4027749.5074477135,474.0567652832624,245.324376034085,331413475.86077005,1200169987.102458,21,21,1.6,57.49999999999999,10.5,67.5,0.05,0.97
A_screening_only,Ebola,molecular,High-throughput molecular screening,14,0.5x,0.5,high_income,11600000,365,2853861625.6266346,2853861625.6266346,-2799999.99999997,8055499.014895429,1711793.5406652829,2842866583.563632,4027749.5074477135,474.0567652832624,245.324376034085,922078094.8618411,3775939720.488476,21,21,1.6,57.49999999999999,10.5,67.5,0.05,0.97
A_screening_only,Ebola,molecular,High-throughput molecular screening,14,1x,1.0,low_resource,300000,365,171817899.1551311,171817899.1551311,-2799999.99999997,16109428.9275661,3423253.6471077893,147030502.11667445,8054714.463783048,948.0208756919765,490.60080317059226,124044946.84701379,295862846.0021449,21,21,1.6,57.49999999999999,10.5,67.5,0.1,0.97
A_screening_only,Ebola,molecular,High-throughput molecular screening,14,1x,1.0,base_case,3500000,365,1740143255.0663261,1740143255.0663261,-2799999.99999997,16109428.9275661,3423253.6471077893,1715355858.027869,8054714.463783048,948.0208756919765,490.60080317059226,590736610.7714082,2330879865.837734,21,21,1.6,57.49999999999999,10.5,67.5,0.1,0.97
A_screening_only,Ebola,molecular,High-throughput molecular screening,14,1x,1.0,high_income,11600000,365,5709966812.216537,5709966812.216537,-2799999.99999997,16109428.9275661,3423253.6471077893,5685179415.1780815,8054714.463783048,948.0208756919765,490.60080317059226,1772049885.0800328,7482016697.29657,21,21,1.6,57.49999999999999,10.5,67.5,0.1,0.97
A_screening_only,Ebola,molecular,High-throughput molecular screening,14,2x,2.0,low_resource,300000,365,346367790.9937152,346367790.9937152,-2799999.99999997,32212583.8188634,6845174.061508469,294003741.20391196,16106291.909431692,1895.6712723683195,981.0098834505943,176003753.0338936,522371544.0276088,21,21,1.6,57.49999999999999,10.5,67.5,0.2,0.97
A_screening_only,Ebola,molecular,High-throughput molecular screening,14,2x,2.0,base_case,3500000,365,3482407697.1687775,3482407697.1687775,-2799999.99999997,32212583.8188634,6845174.061508469,3430043647.378979,16106291.909431692,1895.6712723683195,981.0098834505943,1109361856.080685,4591769553.249462,21,21,1.6,57.49999999999999,10.5,67.5,0.2,0.97
A_screening_only,Ebola,molecular,High-throughput molecular screening,14,2x,2.0,high_income,11600000,365,11420508709.67443,11420508709.67443,-2799999.99999997,32212583.8188634,6845174.061508469,11368144659.884605,16106291.909431692,1895.6712723683195,981.0098834505943,3471924554.417876,14892433264.092306,21,21,1.6,57.49999999999999,10.5,67.5,0.2,0.97
